Country,capital_city,region,continent,alliance,NATO_Status,year,power_index_rank,power_index_score,active_personnel,reserve_personnel,total_personnel,total_aircraft,fighter_aircraft,attack_aircraft,transport_aircraft,helicopters,tanks,armored_vehicles,artillery_units,naval_assets,aircraft_carriers,submarines,defense_budget_usd,gdp_usd,population,land_area_sq_km,coastline_km,fit_for_service,population_reaching_military_age_annually,paramilitary,trainer_aircraft,special_mission_aircraft,tanker_aircraft,attack_helicopters,self_propelled_artillery,towed_artillery,rocket_projectors,helicopter_carriers,destroyers,frigates,corvettes,coastal_patrol_craft,mine_warfare_craft,external_debt_usd,foreign_exchange_and_gold_reserves_usd,labour_force,total_merchant_marine_fleet,major_ports_and_terminals,roadway_coverage_km,railway_coverage_km,total_serviceable_airports,waterway_coverage_km,oil_production_bbl,oil_consumption_bbl,proven_oil_reserves_bbl,natural_gas_production_cum,natural_gas_consumption_cum,proven_natural_gas_reserves_cum,coal_production_cum,coal_consumption_mt,proven_coal_reserves_cum,border_coverage_km,kpi_budget_gdp_percent,kpi_active_per_1k_capita,kpi_equipment_per_1m_capita,score_active_personnel,score_reserve_personnel,score_total_personnel,score_total_aircraft,score_fighter_aircraft,score_attack_aircraft,score_transport_aircraft,score_helicopters,score_tanks,score_armored_vehicles,score_artillery_units,score_naval_assets,score_aircraft_carriers,score_submarines,score_defense_budget_usd,score_gdp_usd,score_population,score_land_area_sq_km,score_coastline_km,score_kpi_budget_gdp_percent,score_kpi_active_per_1k_capita,score_kpi_equipment_per_1m_capita,score_power_index
Afghanistan,Kabul,Asia,Asia,Neutral/Other,Non-NATO,2025,48,3.5,0,0,15647405,9,0,0,3,6,0,5202,0,0,0,0,290000000.0,54772700000.0,40121552,652230.0,0.0,8826741.0,842553.0,80000.0,0.0,0.0,0.0,1.0,0.0,0.0,0.0,0.0,0.0,0.0,0.0,0.0,0.0,1142500000.0,8852092000.0,8921000.0,0.0,0.0,34903.0,0.0,67.0,1200.0,0.0,2700.0,0.0,80200000.0,80200000.0,49554000000.0,4885000.0,1545000.0,66000000.0,5987.0,0.5294608445448189,0.0,0.2243183414240805,0.0,0.0,0.02037024812055628,0.0006900253009277008,0.0,0.0,0.003267973856209151,0.0010268697586856067,0.0,0.013060153771955118,0.0,0.0,0.0,0.0,0.0003083847121630953,0.0015859364417931438,0.028103555240282827,0.03810557821738272,0.0,0.02801719291894591,0.0,0.0010158431137494066,0.0
Albania,Tirana,Europe,Europe,NATO,NATO,2025,48,3.5,6600,2000,1522479,19,0,0,0,19,46,1796,185,19,0,0,558862420.0,49592000000.0,3107100,28748.0,362.0,1292554.0,62142.0,500.0,0.0,0.0,0.0,0.0,0.0,50.0,135.0,0.0,0.0,0.0,0.0,19.0,0.0,7312000000.0,6455000000.0,1388000.0,67.0,3.0,3945.0,424.0,3.0,41.0,1400.0,2600.0,150000000.0,50623000.0,50623000.0,5692000000.0,379000.0,389000.0,522000000.0,691.0,1.126920511372802,2.1241672298928265,27.03485565318142,0.0032432432432432435,0.00039999999999999996,0.0018830842386216619,0.001456720079736257,0.0,0.0,0.0,0.0032517542358377546,0.006764705882352941,0.004368695439153412,0.011092457129152177,0.02519893899204244,0.0,0.0,0.000608794349855752,0.0014200040016984316,0.001939000682327115,0.001639360274584804,0.0017913697545526525,0.06486754241845999,0.04232027614173989,0.12242945348179807,0.0
Algeria,Alger,Africa,Africa,Neutral/Other,Non-NATO,2025,25,0.3911,325000,135000,22570787,608,102,42,63,299,1485,26000,973,110,0,6,25000000000.0,699947000000.0,47022473,2381740.0,998.0,19185169.0,752360.0,150000.0,87.0,10.0,5.0,74.0,224.0,483.0,266.0,0.0,0.0,8.0,8.0,75.0,2.0,3335624000.0,81217000000.0,13425000.0,119.0,17.0,104000.0,4020.0,85.0,0.0,1443000.0,428000.0,12200000000.0,100726000000.0,47963000000.0,4504000000000.0,0.0,167000.0,233000000.0,6734.0,3.5716990000671482,6.91158884816628,46.84993917695481,0.15970515970515972,0.027,0.029431796312117516,0.046615042551560223,0.05698324022346368,0.04724409448818898,0.06862745098039216,0.0511723429744994,0.21838235294117644,0.06613265829503494,0.058340328576567936,0.14588859416445624,0.0,0.08571428571428572,0.0279177551380692,0.02225019916408895,0.03298163702316705,0.139261166661393,0.004938638163103722,0.21565754006899415,0.13770118685397706,0.21216360548294907,0.9067020531964537
Angola,Luanda,Africa,Africa,Neutral/Other,Non-NATO,2025,48,3.5,107000,0,7440412,298,71,12,31,116,309,5500,713,31,0,0,1101360000.0,265868000000.0,37202061,1246700.0,1600.0,3720206.0,372021.0,10000.0,66.0,2.0,0.0,15.0,25.0,575.0,113.0,0.0,0.0,0.0,0.0,29.0,0.0,45774500000.0,13942000000.0,15223000.0,64.0,21.0,26000.0,2761.0,106.0,1300.0,1175000.0,127000.0,7783000000.0,5514000000.0,1397000000.0,343002000000.0,0.0,0.0,0.0,5369.0,0.41425068078896293,2.87618473610911,17.1495874919403,0.05257985257985258,0.0,0.00962866798279908,0.02284750440849498,0.03966480446927374,0.013498312710911137,0.03376906318082789,0.019852815334588395,0.04544117647058823,0.013820592580873177,0.04275092936802974,0.04111405835543766,0.0,0.0,0.0012149463790495048,0.00834709964783196,0.02603984289487351,0.07287494217729668,0.007917656373713382,0.02091121566890019,0.057302895249417896,0.0776632452198594,0.0
Argentina,Buenos Aires,South America,South America,Neutral/Other,Non-NATO,2025,27,0.4509,108000,0,20677529,239,23,11,52,94,342,21724,253,44,0,2,928897000.0,1235000000000.0,46994384,2780400.0,4989.0,17575900.0,704916.0,20000.0,71.0,13.0,2.0,0.0,55.0,172.0,26.0,0.0,3.0,0.0,6.0,13.0,0.0,178940000000.0,23081000000.0,21906000.0,201.0,37.0,281290.0,17866.0,756.0,11000.0,807000.0,706000.0,2483000000.0,43280000000.0,46228000000.0,396464000000.0,1318000.0,3391000.0,799999000.0,11968.0,0.07521433198380567,2.2981469445370326,13.299461484589308,0.05307125307125307,0.0,0.02695383848658386,0.018324005213524498,0.012849162011173183,0.012373453318335208,0.056644880174291944,0.016087626219407836,0.05029411764705882,0.055221126929485886,0.015169684614462166,0.05835543766578249,0.0,0.02857142857142857,0.0010222472753763747,0.039387391024261524,0.03296178163876264,0.1625779944849321,0.024688242280285037,0.0,0.04578651432825753,0.06022764915221148,0.8892615492300514
Armenia,Yerevan,Asia,Asia,Neutral/Other,Non-NATO,2025,48,3.5,57500,210000,1666988,71,4,15,3,36,109,1306,393,0,0,0,1700000000.0,57728000000.0,2976765,29743.0,0.0,1366335.0,44651.0,5000.0,13.0,0.0,0.0,20.0,145.0,148.0,100.0,0.0,0.0,0.0,0.0,0.0,0.0,9014000000.0,3607000000.0,1356000.0,0.0,0.0,7700.0,686.0,11.0,0.0,0.0,14000.0,0.0,0.0,2861000000.0,0.0,60.0,23000.0,317000000.0,1570.0,2.9448447893569845,19.31627118701006,60.46832719411845,0.028255528255528257,0.041999999999999996,0.0020722223314806605,0.00544353292954075,0.0022346368715083797,0.01687289088863892,0.003267973856209151,0.00616121855211364,0.016029411764705882,0.0031183094781807646,0.02356397649598273,0.0,0.0,0.0,0.001883828350387604,0.001680591631287209,0.0018468702566676678,0.0016975558389364354,0.0,0.17699418246938847,0.38484254872166745,0.273835538325254,0.0
Australia,Canberra,Unknown,Unknown,Neutral/Other,Non-NATO,2025,15,0.2567,57350,32050,11242811,327,24,62,38,69,59,15648,48,44,0,6,55700000000.0,1584000000000.0,26768598,7741220.0,25760.0,9208398.0,294455.0,0.0,98.0,30.0,6.0,22.0,0.0,48.0,0.0,2.0,3.0,7.0,0.0,10.0,3.0,3427504300000.0,61703000000.0,14501000.0,604.0,66.0,873573.0,36064.0,2180.0,2000.0,386000.0,1123000.0,2446000000.0,153783000000.0,50188000000.0,3228000000000.0,465865000.0,107624000.0,150227000000.0,0.0,3.516414141414141,2.1424357002185923,16.063598101028678,0.028181818181818183,0.00641,0.014605371822345165,0.025070919267039794,0.013407821229050279,0.06974128233970754,0.04139433551198257,0.011809002224884476,0.008676470588235294,0.03971634101342506,0.002878042930807051,0.05835543766578249,0.0,0.08571428571428572,0.06221996768664538,0.050565498537349436,0.01866469894050908,0.4527264563410735,0.12747426761678543,0.21224765907366144,0.042684243111003696,0.07274525751827926,0.945899440037331
Austria,Wien,Europe,Europe,Neutral/Other,Non-NATO,2025,48,3.5,16000,125600,4035592,85,15,0,11,41,56,7322,30,0,0,0,5475750000.0,590354000000.0,8967982,83871.0,0.0,3632033.0,98648.0,0.0,18.0,0.0,0.0,0.0,30.0,0.0,0.0,0.0,0.0,0.0,0.0,0.0,0.0,630000000000.0,31212000000.0,4825000.0,1.0,0.0,137039.0,6123.0,61.0,358.0,18000.0,245000.0,35200000.0,618209000.0,8136000000.0,5040000000.0,1271000.0,5026000.0,0.0,2524.0,0.9275366983199911,1.7841249012319607,15.722600692106651,0.007862407862407862,0.02512,0.0051723285068621,0.0065169056198727295,0.008379888268156424,0.0,0.01198257080610022,0.007016943351018312,0.008235294117647058,0.01846998690922453,0.0017987768317544069,0.0,0.0,0.0,0.006102609426292703,0.018740049202249854,0.006081905914227903,0.004863394539665189,0.0,0.05256987011775008,0.03554553399983509,0.07120102414235147,0.0
Azerbaijan,Baku,Asia,Asia,Neutral/Other,Non-NATO,2025,48,3.5,126400,300000,5218617,154,12,18,3,86,497,7642,1116,38,0,4,5000000000.0,215896000000.0,10650239,86600.0,713.0,3908638.0,159754.0,15000.0,35.0,0.0,0.0,16.0,198.0,650.0,268.0,0.0,0.0,0.0,0.0,17.0,4.0,16159500000.0,13749000000.0,5473000.0,312.0,0.0,24981.0,2944.0,32.0,0.0,618000.0,105000.0,7000000000.0,34175000000.0,11759000000.0,1699000000000.0,0.0,60000.0,0.0,2468.0,2.3159298921703044,11.868278261173295,64.69338387617405,0.062113022113022116,0.06,0.006720710215299065,0.011807099593651768,0.0067039106145251395,0.020247469066366708,0.003267973856209151,0.014718466541160363,0.07308823529411763,0.019286565495982178,0.06691449814126393,0.05039787798408488,0.0,0.05714285714285714,0.0055710368653811345,0.006746548390972279,0.007271049685882361,0.005023008303600468,0.0035283056215360256,0.138203725048515,0.23645445908004337,0.29296903721089773,0.0
Bahrain,al-Manama,Middle East,Asia,Neutral/Other,Non-NATO,2025,48,3.5,18400,110000,846120,132,24,0,3,80,150,2764,81,64,0,0,1597200000.0,85491000000.0,1566888,760.0,161.0,720768.0,17236.0,1500.0,40.0,0.0,0.0,34.0,38.0,26.0,17.0,0.0,0.0,2.0,2.0,50.0,0.0,49500000000.0,5118000000.0,855000.0,184.0,4.0,4122.0,0.0,3.0,0.0,189000.0,72000.0,186500000.0,18005000000.0,17924000000.0,81382000000.0,0.0,0.0,0.0,0.0,1.8682668351054497,11.743021836914956,220.8198671506834,0.009041769041769043,0.022,0.000997843517642209,0.010120371080272944,0.013407821229050279,0.0,0.003267973856209151,0.013691596782474755,0.022058823529411763,0.006838845664095295,0.004856697445736899,0.08488063660477453,0.0,0.0,0.0017689662184659873,0.0025698116854014205,0.0008502648311299098,2.3980081793134614e-06,0.000796714172604909,0.11059258905594865,0.23395894630282793,1.0,0.0
Bangladesh,Dhaka,Asia,Asia,Neutral/Other,Non-NATO,2025,34,0.5871,163000,0,82661620,214,42,0,17,65,320,11584,712,118,0,2,4374000000.0,1413000000000.0,168697184,148460.0,580.0,66129296.0,3205246.0,6800000.0,86.0,4.0,0.0,0.0,56.0,546.0,110.0,0.0,0.0,7.0,6.0,61.0,5.0,51965000000.0,21860000000.0,74914000.0,558.0,2.0,369105.0,2460.0,17.0,8370.0,13000.0,160000.0,28000000.0,24620000000.0,30384000000.0,126293000000.0,754000.0,7514000.0,3260000000.0,4413.0,0.3095541401273885,0.9662283396502932,3.864913358601173,0.0800982800982801,0.0,0.108080638612103,0.016407268266503107,0.02346368715083799,0.0,0.01851851851851852,0.01112442238576074,0.047058823529411764,0.029345792961602942,0.04269097014030459,0.15649867374005305,0.0,0.02857142857142857,0.004871584583445998,0.04508854614554991,0.1189903293653634,0.008641076254145117,0.0028701504354711007,0.01445370174958837,0.019250391200149708,0.01750256174171062,0.8495391973868409
Belarus,Minsk,Europe,Europe,Neutral/Other,Non-NATO,2025,48,3.5,63000,145000,5035769,185,36,50,4,68,507,6916,778,0,0,0,1077900000.0,254407000000.0,9501451,207600.0,0.0,3724569.0,104516.0,55000.0,27.0,0.0,0.0,29.0,357.0,215.0,206.0,0.0,0.0,0.0,0.0,0.0,0.0,44000000000.0,8118000000.0,4956000.0,4.0,0.0,86600.0,5528.0,46.0,2500.0,30000.0,131000.0,198000000.0,73929000.0,16683000000.0,2832000000.0,0.0,778000.0,0.0,3599.0,0.42369117201963785,6.630566215623277,72.83098128906838,0.03095823095823096,0.028999999999999998,0.006481392788681469,0.014183853407958292,0.02011173184357542,0.05624296962879641,0.004357298474945534,0.011637857265103541,0.07455882352941176,0.017433952827275764,0.046648279170164286,0.0,0.0,0.0,0.0011887336785156417,0.00798001572173597,0.0064590012918787215,0.01210005683279385,0.0,0.021493489955538573,0.13210230779966708,0.3298207821100167,0.0
Belgium,Bruxelles [Brussel],Europe,Europe,NATO,NATO,2025,48,3.5,25000,6400,4910830,108,43,0,7,20,0,4606,0,9,0,0,10200000000.0,751592000000.0,11977634,30528.0,67.0,3880753.0,119776.0,0.0,38.0,0.0,0.0,0.0,0.0,0.0,0.0,0.0,0.0,2.0,0.0,2.0,5.0,1449264300000.0,40813000000.0,5432000.0,198.0,7.0,118414.0,3602.0,49.0,2043.0,11000.0,585000.0,0.0,13436000.0,15347000000.0,0.0,1270000.0,4869000.0,4100000000.0,1297.0,1.3571192881244079,2.0872235701975868,9.768206308524706,0.012285012285012286,0.0012799999999999999,0.006317868550165456,0.008280303611132408,0.024022346368715083,0.0,0.007625272331154685,0.003422899195618689,0.0,0.011539276154119,0.0,0.011936339522546418,0.0,0.0,0.011381183616280034,0.02390433487329647,0.008209350728336203,0.0017434689223696322,0.00033155186064924786,0.07906583202467643,0.04158423904541961,0.044236084527027916,0.0
Beliz,Unknown,Unknown,Unknown,Neutral/Other,Non-NATO,2025,48,3.5,1650,850,158000,3,0,0,1,1,0,130,0,8,0,0,29538000.0,5257000000.0,415789,22966.0,386.0,90226.0,8732.0,0.0,0.0,1.0,0.0,0.0,0.0,0.0,0.0,0.0,0.0,0.0,0.0,8.0,0.0,1248000000.0,473729000.0,190000.0,774.0,2.0,3281.0,0.0,27.0,825.0,800.0,5000.0,6700000.0,0.0,0.0,0.0,0.0,0.0,0.0,542.0,0.5618793988967091,3.968358951295008,26.45572634196672,0.0008108108108108109,0.00016999999999999999,9.720961623721411e-05,0.00023000843364256692,0.0,0.0,0.0010893246187363835,0.00017114495978093444,0.0,0.00011738317184641179,0.0,0.010610079575596816,0.0,0.0,1.7361165426051362e-05,0.0,3.658285126139065e-05,0.0013011826332972327,0.0019101346001583533,0.030016717111898836,0.07906253532440732,0.11980682120379062,0.0
Benin,Porto-Novo,Africa,Africa,Neutral/Other,Non-NATO,2025,48,3.5,4750,0,5584880,5,0,0,0,5,0,92,16,2,0,0,98350000.0,52510000000.0,14697052,112622.0,121.0,3189260.0,308638.0,0.0,0.0,0.0,0.0,0.0,0.0,16.0,0.0,0.0,0.0,0.0,0.0,2.0,0.0,4066500000.0,698900000.0,4964000.0,6.0,1.0,16000.0,438.0,10.0,150.0,0.0,46000.0,8000000.0,0.0,182131000.0,1133000000.0,0.0,45000.0,0.0,2123.0,0.18729765758903066,0.32319406640188797,0.4762859925922559,0.002334152334152334,0.0,0.007200087176628917,0.00038334738940427816,0.0,0.0,0.0,0.0008557247989046722,0.0,2.0414464668941194e-05,0.0009593476436023504,0.002652519893899204,0.0,0.0,9.424728431506191e-05,0.0015134645109339349,0.010131636667538729,0.00654498315340766,0.0005987727632620744,0.006913118911522357,0.006439070307185661,0.0021568982842800426,0.0
Bhutan,Thimphu,Asia,Asia,Neutral/Other,Non-NATO,2025,48,3.5,7500,0,203446,2,0,0,0,2,0,84,0,0,0,0,14000000.0,10981000000.0,884546,38394.0,0.0,122067.0,4423.0,0.0,0.0,0.0,0.0,0.0,0.0,0.0,0.0,0.0,0.0,0.0,0.0,0.0,0.0,2757000000.0,976260000.0,430000.0,0.0,0.0,12205.0,0.0,4.0,0.0,0.0,3000.0,0.0,0.0,0.0,0.0,177000.0,325000.0,0.0,1136.0,0.12749294235497677,8.478925912275903,2.261046909940241,0.0036855036855036856,0.0,0.00015669082341510668,0.00015333895576171127,0.0,0.0,0.0,0.0003422899195618689,0.0,0.0,0.0,0.0,0.0,0.0,0.0,0.000183333774799184,0.0003679349971995136,0.0022035355647715754,0.0,0.0032244604455973058,0.16892760651946157,0.010239327371741169,0.0
Bolivia,La Paz,South America,South America,Neutral/Other,Non-NATO,2025,48,3.5,40000,40000,5417269,64,0,0,15,33,54,890,106,67,0,0,550200000.0,119785000000.0,12311974,1098581.0,0.0,4112199.0,233928.0,0.0,19.0,0.0,0.0,0.0,0.0,106.0,0.0,0.0,0.0,0.0,0.0,50.0,0.0,11431000000.0,1800000000.0,6114000.0,50.0,0.0,90568.0,3690.0,200.0,10000.0,58000.0,87000.0,240900000.0,13760000000.0,3055000000.0,302990000000.0,0.0,9000.0,1000000.0,7252.0,0.4593229536252452,3.248869758821778,15.026022634550722,0.019656019656019656,0.008,0.006980712432618581,0.004906846584374761,0.0,0.0,0.016339869281045753,0.005647783672770836,0.007941176470588234,0.0020567573153958234,0.006355678138865571,0.08885941644562334,0.0,0.0,0.0005991155168907671,0.003668212886128747,0.00844568698885701,0.06421175745749838,0.0,0.023691200827685246,0.06472798535208674,0.06804651605146218,0.0
Bosnia and Herzegovina,Sarajevo,Europe,Europe,Neutral/Other,Non-NATO,2025,48,3.5,12770,6000,2355176,22,0,0,0,22,45,720,536,0,0,0,216400000.0,63769000000.0,3798671,51197.0,20.0,1956316.0,49383.0,0.0,0.0,0.0,0.0,0.0,0.0,457.0,79.0,0.0,0.0,0.0,0.0,0.0,0.0,7760500000.0,9205000000.0,1369000.0,0.0,1.0,22926.0,965.0,13.0,990.0,0.0,36000.0,0.0,0.0,225824000.0,0.0,14114000.0,14766000.0,2264000000.0,1543.0,0.33934984083175207,3.36170202684044,17.63774751748704,0.006275184275184275,0.0012,0.0029729452335037097,0.001686728513378824,0.0,0.0,0.0,0.0037651891151805577,0.0066176470588235285,0.0016229499411808236,0.03213814606067874,0.0,0.0,0.0,0.00022614878891960322,0.0018740785868361035,0.002427854256606696,0.0029523574847654835,9.897070467141727e-05,0.016291452556045468,0.06697596878439376,0.07987391598896021,0.0
Botswana,Gaborone,Africa,Africa,Neutral/Other,Non-NATO,2025,48,3.5,21000,0,1029281,45,11,0,9,16,45,1224,68,0,0,0,465600000.0,46742000000.0,2450668,581730.0,0.0,617568.0,24507.0,0.0,9.0,0.0,0.0,0.0,12.0,36.0,20.0,0.0,0.0,0.0,0.0,0.0,0.0,1853500000.0,4756000000.0,1170000.0,0.0,0.0,31747.0,888.0,122.0,0.0,0.0,21000.0,0.0,0.0,0.0,0.0,2634000.0,2291000.0,1660000000.0,4347.0,0.9961062855675837,8.569092182213176,36.724680780913616,0.01031941031941032,0.0,0.001237570608869379,0.0034501265046385037,0.006145251396648044,0.0,0.009803921568627453,0.002738319356494951,0.0066176470588235285,0.0029090612153241176,0.004077227485309989,0.0,0.0,0.0,0.0005045888985972965,0.0013287214618351063,0.0014749859543071514,0.03398217390905103,0.0,0.0567991317656978,0.1707240100176026,0.16631058271515659,0.0
Brazil,Brasília,South America,South America,Neutral/Other,Non-NATO,2025,11,0.2151,360000,340000,112226271,513,43,38,109,191,294,22464,559,64,0,4,26157300000.0,4016000000000.0,220051512,8515770.0,7491.0,88680759.0,3520824.0,200000.0,133.0,25.0,0.0,0.0,109.0,412.0,38.0,1.0,0.0,6.0,2.0,23.0,3.0,432224000000.0,355021000000.0,108695000.0,888.0,45.0,2000000.0,29850.0,4919.0,50000.0,4221000.0,3027000.0,12715000000.0,22670000000.0,31654000000.0,363985000000.0,15644000.0,32787000.0,6596000000.0,16145.0,0.6513271912350598,1.6359805789473512,3.9581641229531743,0.17690417690417692,0.06799999999999999,0.1467758181938723,0.03933144215287894,0.024022346368715083,0.04274465691788527,0.11873638344226581,0.03268868731815848,0.04323529411764705,0.05710946491136294,0.033517208298357117,0.08488063660477453,0.0,0.05714285714285714,0.029210847990918297,0.12845993255405375,0.15529136974664887,0.49802834012856717,0.03706947743467934,0.03553371280656754,0.032594020324411374,0.01792485510487241,0.9580319645356976
Bulgaria,Sofia,Europe,Europe,NATO,NATO,2025,48,3.5,37000,3000,3187850,65,10,5,6,27,90,4914,96,36,0,0,1373232000.0,214061000000.0,6782659,110880.0,354.0,2611324.0,61044.0,0.0,21.0,0.0,0.0,4.0,48.0,24.0,24.0,0.0,0.0,4.0,3.0,0.0,10.0,27138500000.0,46334000000.0,3103000.0,78.0,2.0,19512.0,4029.0,111.0,470.0,4000.0,101000.0,15000000.0,20837000.0,2801000000.0,5663000000.0,35516000.0,35970000.0,2366000000.0,1806.0,0.6415143346989877,5.455087746560752,28.16004755657037,0.01818181818181818,0.0006,0.0040627761252355335,0.004983516062255616,0.005586592178770949,0.005624296962879641,0.006535947712418302,0.00462091391408523,0.013235294117647057,0.012325233043873235,0.005756085861614102,0.04774535809018567,0.0,0.0,0.0015187187285611173,0.006687775246884839,0.004537157855813977,0.0064430970497890245,0.0017517814726840857,0.03492847162792416,0.10868297776325292,0.12752497282028738,0.0
Burkina Faso,Ouagadougou,Africa,Africa,Neutral/Other,Non-NATO,2025,48,3.5,12000,0,8525614,25,0,3,2,18,0,491,17,0,0,0,81280000.0,57152000000.0,23042199,274200.0,0.0,6060098.0,368675.0,4500.0,0.0,2.0,0.0,5.0,0.0,8.0,9.0,0.0,0.0,0.0,0.0,0.0,0.0,3145000000.0,47138000.0,8577000.0,0.0,0.0,15304.0,622.0,49.0,0.0,0.0,36000.0,0.0,0.0,0.0,0.0,0.0,0.0,0.0,3611.0,0.1422172452407615,0.5207836283333895,1.0849658923612282,0.005896805896805897,0.0,0.011049015758001811,0.0019167369470213908,0.0,0.0033745781777277844,0.002178649237472767,0.00308060927605682,0.0,0.0010385858900323825,0.0010193068713274973,0.0,0.0,0.0,7.517436026932266e-05,0.0016621429495464108,0.01603060429174293,0.015995357924068886,0.0,0.004132631720754013,0.01037569295439996,0.004913352708526301,0.0
Cambodia,Phnom Penh,Asia,Asia,Neutral/Other,Non-NATO,2025,48,3.5,221000,0,8190561,25,0,0,4,21,644,3627,923,20,0,0,860000000.0,85900000000.0,17063669,181035.0,443.0,5733393.0,307146.0,10000.0,0.0,0.0,0.0,0.0,30.0,430.0,463.0,0.0,0.0,0.0,0.0,20.0,0.0,13200000000.0,17801000000.0,9175000.0,195.0,2.0,47263.0,642.0,13.0,3700.0,0.0,73000.0,0.0,0.0,0.0,0.0,113000.0,2215000.0,0.0,2530.0,1.0011641443538999,12.951493609023943,40.37818595754524,0.1085995085995086,0.0,0.010610487462693656,0.0019167369470213908,0.0,0.0,0.004357298474945534,0.003594044155399623,0.09470588235294117,0.009041056040257324,0.05534236719031059,0.02652519893899204,0.0,0.0,0.0009452661829347052,0.0025829115305958414,0.01180453674490001,0.010546322996611847,0.0021922011084718925,0.05711109234537087,0.2580356095642843,0.18285576600764783,0.0
Cameroon,Yaounde,Africa,Africa,Neutral/Other,Non-NATO,2025,48,3.5,40000,0,10528476,35,0,0,6,21,0,430,90,51,0,0,554952283.0,138925000000.0,30966105,475440.0,400.0,6224187.0,495458.0,12500.0,6.0,2.0,0.0,0.0,18.0,52.0,20.0,0.0,0.0,0.0,0.0,51.0,0.0,9506000000.0,5754093000.0,11965000.0,198.0,7.0,77589.0,987.0,37.0,0.0,54000.0,40000.0,200000000.0,2595000000.0,877058000.0,135071000000.0,0.0,0.0,0.0,5018.0,0.39946178369623897,1.291734946968629,2.7772301359825526,0.019656019656019656,0.0,0.01367042687384761,0.0026834317258299474,0.0,0.0,0.006535947712418302,0.003594044155399623,0.0,0.000882925596931706,0.005396330495263221,0.06763925729442971,0.0,0.0,0.0006044254133584213,0.004281247206474026,0.021631807596039117,0.027765483924191828,0.0019794140934283454,0.019999060327147,0.025735534796102792,0.012576903391067717,0.0
Canada,Ottawa,North America,North America,NATO,NATO,2025,26,0.4376,68000,27000,16681770,351,66,0,28,145,74,21704,0,73,0,4,41000000000.0,2238000000000.0,38794813,9984670.0,202080.0,13500595.0,426743.0,5500.0,95.0,33.0,6.0,0.0,0.0,0.0,0.0,0.0,0.0,12.0,0.0,24.0,0.0,2337375700000.0,117551000000.0,22110000.0,716.0,284.0,1042300.0,4942.0,1425.0,636.0,5692000.0,2454000.0,170300000000.0,187686000000.0,130316000000.0,2067126000000.0,43024000.0,17138000.0,6582000000.0,8893.0,1.8319928507596068,1.7528116452062805,12.836767636951878,0.03341523341523342,0.005399999999999999,0.02172405877193508,0.02691098673618033,0.036871508379888264,0.0,0.03050108932461874,0.024816019168235493,0.01088235294117647,0.05517009076781353,0.0,0.09681697612732094,0.0,0.05714285714285714,0.04579512975621965,0.07151243926388094,0.027165717907187432,0.5839413697527999,1.0,0.108355268153634,0.034921672741053386,0.05813230395701808,0.8931404573028466
Central African Republic,Bangui,Africa,Africa,Neutral/Other,Non-NATO,2025,48,3.5,10000,0,2203873,6,0,6,0,0,0,228,0,0,0,0,45990000.0,5849000000.0,5650957,622984.0,0.0,1254512.0,101717.0,1000.0,0.0,0.0,0.0,0.0,0.0,0.0,0.0,0.0,0.0,0.0,0.0,0.0,0.0,666293000.0,374405000.0,2114000.0,0.0,0.0,24000.0,0.0,43.0,2800.0,0.0,2000.0,0.0,0.0,0.0,0.0,0.0,0.0,3000000.0,5920.0,0.7862882544024621,1.7696117666441276,1.0617670599864766,0.004914004914004914,0.0,0.0027749149318349892,0.00046001686728513384,0.0,0.006749156355455569,0.0,0.0,0.0,0.0003674603640409413,0.0,0.0,0.0,0.0,3.5743575877164565e-05,1.8961145122487226e-05,0.003737187111350501,0.03639503804147536,0.0,0.04385789370558824,0.03525638545503322,0.00480829498580373,0.0
Chad,N'Djamena,Africa,Africa,Neutral/Other,Non-NATO,2025,48,3.5,33250,0,6873694,40,0,7,7,16,90,3316,40,0,0,0,381350000.0,32446000000.0,19093595,1284000.0,0.0,3856906.0,381872.0,5000.0,8.0,2.0,0.0,3.0,10.0,10.0,20.0,0.0,0.0,0.0,0.0,0.0,0.0,2038000000.0,211591000.0,5806000.0,0.0,0.0,40000.0,0.0,42.0,12400.0,124000.0,15000.0,1500000000.0,0.0,0.0,0.0,0.0,0.0,0.0,6406.0,1.175337483819269,1.7414216652233379,6.808565909143878,0.01633906633906634,0.0,0.008886928978938655,0.0030667791152342253,0.0,0.007874015748031496,0.007625272331154685,0.002738319356494951,0.013235294117647057,0.008247443726252236,0.002398369109005876,0.0,0.0,0.0,0.00041045334787359806,0.0008708354302961241,0.013239438700914727,0.0750565447404282,0.0,0.0678538232595303,0.03469474752944877,0.0308331220238342,0.0
Chile,Santiago de Chile,South America,South America,Neutral/Other,Non-NATO,2025,45,1.0524,80000,40000,8959033,277,45,0,32,87,386,8832,305,130,0,4,5032500000.0,579201000000.0,18664652,756102.0,6435.0,7521855.0,298634.0,50000.0,92.0,21.0,5.0,0.0,48.0,249.0,8.0,0.0,0.0,8.0,0.0,40.0,0.0,214500000000.0,46377000000.0,9848000.0,249.0,39.0,77801.0,7282.0,374.0,12290.0,11000.0,405000.0,150000000.0,1200000000.0,6916000000.0,97976000000.0,499000.0,8637000.0,1181000000.0,7801.0,0.8688693562338463,4.286176886662553,42.48672838904256,0.03931203931203931,0.008,0.011616288682656017,0.021237445372997012,0.02513966480446927,0.0,0.034858387799564274,0.014889611500941296,0.05676470588235294,0.022323217115487178,0.018287564456169803,0.17241379310344826,0.0,0.05714285714285714,0.005607350282574253,0.018382830196251376,0.012936230037289146,0.044180844207666804,0.031843824228028506,0.04895136299481749,0.08539449572671086,0.19240446494812175,0.7138357442837144
China,Peking,Asia,Asia,Neutral/Other,Non-NATO,2025,3,0.0722,2035000,510000,764123366,3309,1212,371,289,913,6800,144017,7240,754,3,61,266850000000.0,31227000000000.0,1415043270,9596960.0,14500.0,626864169.0,19810606.0,625000.0,402.0,112.0,10.0,281.0,3490.0,1000.0,2750.0,4.0,50.0,47.0,72.0,150.0,36.0,1218458500000.0,3450000000000.0,779246000.0,8314.0,66.0,5200000.0,150000.0,531.0,27700.0,4984000.0,15148000.0,26023000000.0,225341000000.0,366160000000.0,6654000000000.0,4827000000.0,5313000000.0,143197000000.0,22457.0,0.8545489480257469,1.4381185672152625,7.676797049464077,1.0,0.102,1.0,0.2536993023077513,0.6770949720670391,0.4173228346456693,0.3148148148148148,0.15625534827999316,0.9999999999999999,0.3672893928993388,0.4341048087300636,1.0,0.2727272727272727,0.8714285714285714,0.29814544585054964,1.0,1.0,0.5612649855771505,0.07175376088677751,0.048068103292541874,0.028651969596661164,0.03476497449491523,0.9997083527764816
Colombia,Bogota,South America,South America,Neutral/Other,Non-NATO,2025,37,0.7093,293200,35000,24298295,436,16,24,86,257,0,3460,116,233,0,4,10541500000.0,978024000000.0,49588357,1138910.0,3208.0,19190694.0,843002.0,150000.0,72.0,23.0,1.0,0.0,6.0,110.0,0.0,0.0,0.0,7.0,2.0,217.0,0.0,116779500000.0,59041000000.0,26003000.0,153.0,14.0,205379.0,2141.0,662.0,24725.0,800000.0,320000.0,2036000000.0,11290000000.0,11451000000.0,87782000000.0,58747000.0,7880000.0,4554000000.0,6672.0,1.0778365357087352,5.9126782522760335,13.49107009131196,0.1440786240786241,0.006999999999999999,0.03169281513114376,0.033427892356053056,0.008938547486033519,0.026996625421822275,0.09368191721132899,0.04398425466370015,0.0,0.008614904090293177,0.0069552704161170405,0.3090185676392573,0.0,0.05714285714285714,0.011762753830786182,0.03115671665095699,0.03479539376627338,0.06657052018587722,0.01587490102929533,0.0618401218937415,0.11779965948641753,0.06109536367987172,0.8138999066728886
Croatia,Zagreb,Europe,Europe,NATO,NATO,2025,48,3.5,14325,20100,2033557,67,10,0,0,37,45,2848,109,30,0,0,1176000000.0,159305000000.0,4150116,56594.0,5835.0,1564594.0,53952.0,2000.0,28.0,0.0,0.0,0.0,25.0,42.0,42.0,0.0,0.0,0.0,0.0,10.0,1.0,55000000000.0,3176000000.0,1744000.0,384.0,16.0,26958.0,2617.0,40.0,4714.0,11000.0,70000.0,71000000.0,741456000.0,2502000000.0,24919000000.0,0.0,702000.0,0.0,2237.0,0.7382065848529551,3.4517107473622426,34.21591107332903,0.0070393120393120396,0.00402,0.0025519997955917566,0.005136855018017327,0.005586592178770949,0.0,0.0,0.006332363511894574,0.0066176470588235285,0.007053197543119177,0.006535555822041012,0.03978779840848806,0.0,0.0,0.0012983443316431766,0.004933997438900192,0.002676281597274086,0.0032680172443692577,0.028874703087885988,0.04089229380689314,0.06876923338900758,0.15494942332331324,0.0
Cuba,La Habana,Unknown,Unknown,Neutral/Other,Non-NATO,2025,48,3.5,45500,40000,5921661,31,11,0,4,13,113,6864,205,19,0,0,4508784000.0,141400000000.0,10966038,110860.0,3735.0,4737328.0,142558.0,1145000.0,3.0,0.0,0.0,4.0,60.0,130.0,15.0,0.0,0.0,1.0,1.0,6.0,4.0,33066000000.0,10442000000.0,5317000.0,65.0,34.0,60000.0,8367.0,123.0,240.0,34000.0,165000.0,124000000.0,659434000.0,659434000.0,70792000000.0,0.0,2000.0,0.0,29.0,3.1886732673267324,4.149174022559469,14.864073970927329,0.02235872235872236,0.008,0.007640877134701747,0.0023767538143065247,0.006145251396648044,0.0,0.004357298474945534,0.0022248844771521475,0.01661764705882353,0.017301258806927646,0.012291641683655114,0.02519893899204244,0.0,0.0,0.005022183587229298,0.00436051888582902,0.007494279795160971,0.0064419272897015545,0.018482779097387176,0.19203313008374975,0.08266495590543026,0.06731311889063116,0.0
Czechia,Unknown,Europe,Europe,NATO,NATO,2025,48,3.5,28000,4200,5093808,99,12,16,10,42,43,6340,66,0,0,0,6750000000.0,519007000000.0,10837890,78867.0,0.0,4129236.0,97541.0,0.0,17.0,2.0,0.0,4.0,50.0,0.0,16.0,0.0,0.0,0.0,0.0,0.0,0.0,211200000000.0,148379000000.0,5502000.0,0.0,0.0,55744.0,9548.0,243.0,664.0,4000.0,211000.0,15000000.0,224725000.0,7602000000.0,3964000000.0,37423000.0,40239000.0,3595000000.0,2046.0,1.3005604934037498,2.583528712692231,13.102181328653455,0.013759213759213759,0.0008399999999999999,0.00655735612502345,0.007590278310204708,0.0067039106145251395,0.01799775028121485,0.010893246187363835,0.007188088310799246,0.006323529411764705,0.015964111371112002,0.0039573090298596954,0.0,0.0,0.0,0.00752637471424134,0.016454878896415233,0.007403695302987673,0.004570720565780201,0.0,0.07557737670551998,0.05147224145189616,0.05933425057136172,0.0
Democratic Republic of the Congo,Unknown,Africa,Africa,Neutral/Other,Non-NATO,2025,47,2.5,166580,31000,39237029,46,1,6,6,32,105,916,93,16,0,0,796560000.0,154012000000.0,115403027,2344858.0,37.0,31389623.0,2538867.0,10000.0,1.0,0.0,0.0,8.0,8.0,60.0,25.0,0.0,0.0,0.0,0.0,16.0,0.0,4994000000.0,3898125000.0,35983000.0,24.0,3.0,152373.0,4007.0,272.0,15000.0,19000.0,26000.0,180000000.0,380000.0,380000.0,991090000.0,0.0,23000.0,987999000.0,10481.0,0.5172064514453419,1.443463003791053,1.4471024230586256,0.08185749385749386,0.0062,0.0512451174686306,0.0035267959825193594,0.0005586592178770949,0.006749156355455569,0.006535947712418302,0.005476638712989902,0.015441176470588234,0.0021231043255698825,0.0055762081784386614,0.021220159151193633,0.0,0.0,0.0008743823925737386,0.004764468146445252,0.08131807425682479,0.1371040120840896,0.00018309580364212193,0.027261361699379795,0.02875844804549821,0.0065533162469985085,0.29164722351843214
Denmark,Copenhagen,Europe,Europe,NATO,NATO,2025,48,3.5,20000,12000,2628180,117,31,4,4,34,44,3856,27,50,0,0,7225466250.0,428385000000.0,5973136,43094.0,7314.0,2126436.0,77651.0,51000.0,41.0,3.0,0.0,0.0,19.0,0.0,8.0,0.0,0.0,9.0,0.0,9.0,6.0,555500000000.0,109371000000.0,3180000.0,715.0,69.0,74558.0,2682.0,99.0,400.0,63000.0,152000.0,441000000.0,1879000000.0,2208000000.0,29534000000.0,0.0,1788000.0,0.0,140.0,1.6866758289856085,3.3483249000190187,35.324827695200646,0.009828009828009828,0.0024,0.003330261773669915,0.00897032891206011,0.017318435754189943,0.0044994375703037125,0.004357298474945534,0.005818928632551771,0.006470588235294117,0.009625420091405764,0.0016188991485789662,0.0663129973474801,0.0,0.0,0.008057630231087414,0.013552350360452329,0.003964927076889573,0.002478429185327021,0.0361935866983373,0.09939234841541825,0.06670945318566937,0.15997123877941488,0.0
Dominican Republic,Santo Domingo de Guzm,Unknown,Unknown,Neutral/Other,Non-NATO,2025,48,3.5,50000,0,4975294,79,0,8,11,50,5,540,11,34,0,0,810800000.0,261616000000.0,10815857,48320.0,1288.0,4034315.0,97343.0,30000.0,17.0,1.0,0.0,0.0,0.0,11.0,0.0,0.0,0.0,0.0,0.0,14.0,0.0,27500000000.0,15547000000.0,5302000.0,40.0,17.0,19705.0,496.0,32.0,0.0,0.0,134000.0,0.0,0.0,2440000000.0,0.0,0.0,2188000.0,0.0,376.0,0.30991988257598924,4.622842184396483,10.909907555175701,0.024570024570024572,0.0,0.006402241136080952,0.006056888752587595,0.0,0.008998875140607425,0.01198257080610022,0.008557247989046722,0.0007352941176470588,0.0011636244861296472,0.0006595515049766158,0.04509283819628647,0.0,0.0,0.0008902932559838925,0.00821091250414815,0.007388120747660596,0.0027840874961829265,0.006373713380839272,0.014476260154458274,0.09210195649860115,0.04940636771478077,0.0
Ecuador,Quito,South America,South America,Neutral/Other,Non-NATO,2025,48,3.5,41250,118000,8422593,102,0,0,20,46,54,5204,135,30,0,2,2376000000.0,260213000000.0,18309984,283560.0,2237.0,6738074.0,329580.0,1500.0,34.0,8.0,0.0,0.0,5.0,106.0,24.0,0.0,0.0,2.0,6.0,5.0,0.0,44898000000.0,4442000000.0,8893000.0,154.0,6.0,43950.0,965.0,310.0,1500.0,480000.0,225000.0,8273000000.0,309778000.0,309778000.0,10902000000.0,0.0,21000.0,24000000.0,2237.0,0.9130981157743849,2.252869254282254,10.158392273854526,0.02027027027027027,0.0236,0.010914178512816897,0.007820286743847275,0.0,0.0,0.02178649237472767,0.007872668149922985,0.007941176470588234,0.013065257388122352,0.008094495742894831,0.03978779840848806,0.0,0.02857142857142857,0.0026391474280044605,0.00816597587136631,0.0126855244416488,0.016542805645004835,0.011069873317498022,0.05167932161276395,0.044884436409119745,0.046003072119061766,0.0
Egypt,Cairo,Middle East,Asia,Neutral/Other,Non-NATO,2025,13,0.2224,440000,480000,45611372,1093,238,90,61,348,3620,41012,2546,150,0,8,5879500000.0,1912000000000.0,111247248,1001450.0,2450.0,38269053.0,1668709.0,300000.0,345.0,11.0,0.0,100.0,1056.0,962.0,528.0,2.0,0.0,13.0,7.0,62.0,17.0,103750000000.0,33070000000.0,33431000.0,441.0,31.0,65050.0,5085.0,73.0,3500.0,667000.0,851000.0,3300000000.0,64817000000.0,60089000000.0,1784000000000.0,289000.0,3083000.0,182000000.0,2612.0,0.307505230125523,3.9551540187313217,43.713440893387315,0.21621621621621623,0.096,0.059588065508192914,0.08379973932377521,0.1329608938547486,0.10123734533183353,0.0664488017429194,0.059558446003765184,0.5323529411764706,0.10444040124630306,0.152656193788224,0.1989389920424403,0.0,0.11428571428571428,0.006553733801422592,0.06107099786197074,0.07838046204048543,0.05853075910469604,0.012123911322248614,0.014327328282300354,0.07879945039179755,0.19795972825016725,0.9559029398040131
El Salvador,San Salvador,Unknown,Unknown,Neutral/Other,Non-NATO,2025,48,3.5,25000,10000,3181777,52,0,15,4,30,0,1844,76,14,0,0,334620000.0,71957000000.0,6628702,21041.0,307.0,2512278.0,145831.0,15000.0,10.0,0.0,0.0,0.0,0.0,76.0,0.0,0.0,0.0,0.0,0.0,10.0,0.0,14258000000.0,3799434000.0,2870000.0,5.0,3.0,9012.0,13.0,27.0,422.0,3.0,58000.0,0.0,0.0,226472.0,0.0,0.0,500.0,0.0,590.0,0.46502772489125443,3.7714774325350575,9.95670042189255,0.012285012285012286,0.002,0.004054827584743711,0.0039868128498044934,0.0,0.01687289088863892,0.004357298474945534,0.005134348793428034,0.0,0.004491182227167059,0.004556901307111164,0.01856763925729443,0.0,0.0,0.0003582402406294624,0.0021363317224153693,0.0044283296520064705,0.001188593224878247,0.001519200316706255,0.02404306192666676,0.07514001918543713,0.04508969482849241,0.0
Eritrea,Asmara,Africa,Africa,Neutral/Other,Non-NATO,2025,48,3.5,120000,130000,2220385,20,1,0,5,13,65,860,120,23,0,0,198000000.0,9702000000.0,6343956,117600.0,2234.0,1598677.0,76127.0,0.0,1.0,0.0,0.0,6.0,23.0,75.0,22.0,0.0,0.0,0.0,0.0,18.0,0.0,635504500.0,225014976.0,1800000.0,9.0,2.0,16000.0,306.0,10.0,0.0,0.0,4000.0,0.0,0.0,0.0,0.0,0.0,0.0,0.0,1840.0,2.0408163265306123,18.915641911766098,17.02407772058949,0.05896805896805897,0.026,0.002796526376030768,0.0015333895576171127,0.0005586592178770949,0.0,0.0054466230936819175,0.0022248844771521475,0.009558823529411764,0.001980203072887294,0.0071951073270176275,0.030503978779840846,0.0,0.0,0.00020558980810873021,0.000142368733225432,0.004227050101733521,0.006836136439178938,0.011055027711797309,0.12123516363966758,0.37686071879783184,0.07709486442618214,0.0
Estonia,Tallinn,Europe,Europe,NATO,NATO,2025,48,3.5,7700,78800,584958,5,0,0,2,3,0,1685,36,8,0,0,1463360000.0,57377000000.0,1193791,45228.0,3794.0,456028.0,13132.0,10000.0,3.0,0.0,0.0,0.0,36.0,0.0,0.0,0.0,0.0,0.0,0.0,4.0,4.0,26400000000.0,2593000000.0,752000.0,72.0,20.0,58412.0,1441.0,26.0,335.0,24000.0,28000.0,0.0,0.0,354912000.0,0.0,0.0,3000.0,0.0,657.0,2.5504296146539556,6.450040249926495,10.889678344031744,0.0037837837837837837,0.01576,0.0006560261733436401,0.00038334738940427816,0.0,0.0,0.002178649237472767,0.0005134348793428033,0.0,0.004085444741871854,0.0021585321981052886,0.010610079575596816,0.0,0.0,0.0016194219797851588,0.00166934946585141,0.000586532254137831,0.0026032425866600677,0.018774742676167855,0.15266729005691176,0.12850564713588894,0.049314758153535296,0.0
Ethiopia,Addis Abeba,Africa,Africa,Neutral/Other,Non-NATO,2025,48,3.5,162000,0,56904143,103,25,0,8,33,338,7256,384,0,0,0,2097575000.0,354604000000.0,118550298,1104300.0,0.0,35327989.0,2726657.0,0.0,34.0,0.0,0.0,7.0,35.0,309.0,40.0,0.0,0.0,0.0,0.0,0.0,0.0,25761000000.0,3131288000.0,61664000.0,12.0,0.0,120171.0,659.0,57.0,0.0,0.0,110000.0,428000.0,0.0,0.0,24919000000.0,8000.0,660000.0,0.0,5925.0,0.5915260403153941,1.3665085852420211,3.71994003760328,0.07960687960687961,0.0,0.07436841254563287,0.00789695622172813,0.013966480446927373,0.0,0.008714596949891068,0.005647783672770836,0.04970588235294117,0.018301567575705766,0.02302434344645641,0.0,0.0,0.0,0.0023280531762508018,0.01118922156267829,0.08354279836696889,0.06454625035451042,0.0,0.03184527418181039,0.027225267325312455,0.016846038744624647,0.0
Finland,Helsinki [Helsingfors],Europe,Europe,NATO,NATO,2025,48,3.5,24000,870000,2306830,163,54,0,11,27,200,11704,850,264,0,0,6779661000.0,321126000000.0,5626414,338145.0,1250.0,1912981.0,56264.0,53800.0,77.0,1.0,0.0,0.0,107.0,667.0,76.0,0.0,0.0,0.0,0.0,8.0,18.0,660000000000.0,16929000000.0,2880000.0,282.0,37.0,454000.0,5918.0,98.0,8000.0,8000.0,175000.0,0.0,0.0,1157000000.0,0.0,808000.0,4141000.0,0.0,2563.0,2.1112152239307935,4.265594391027749,111.43865346559994,0.011793611793611793,0.174,0.0029096684117323243,0.012497124894579468,0.030167597765363124,0.0,0.01198257080610022,0.00462091391408523,0.02941176470588235,0.02965200993163706,0.05096534356637487,0.35013262599469497,0.0,0.0,0.007559516014775651,0.010116955994417094,0.003719838302228164,0.01973537336373228,0.006185669041963579,0.12557725419006455,0.08498442589478195,0.504658638298864,0.0
France,Paris,Europe,Europe,NATO,NATO,2025,9,0.1848,200000,26000,30084820,976,226,0,119,448,215,110932,105,129,1,9,55000000000.0,3764000000000.0,68374591,643801.0,4853.0,23794358.0,752121.0,150000.0,141.0,44.0,16.0,68.0,96.0,0.0,9.0,3.0,11.0,11.0,0.0,20.0,17.0,6992104900000.0,240792000000.0,31825000.0,553.0,66.0,1053215.0,27860.0,689.0,8501.0,80000.0,1554000.0,61719000.0,20132000.0,37001000000.0,7787000000.0,2419000.0,12985000.0,160000000.0,4072.0,1.461211477151966,2.9250632007436796,19.305417124908285,0.09828009828009829,0.0052,0.03926640779859644,0.0748294104117151,0.12625698324022344,0.0,0.12962962962962965,0.07667294198185863,0.03161764705882353,0.282862822452849,0.006295718911140424,0.17108753315649866,0.09090909090909091,0.12857142857142856,0.0614378325471013,0.12038863429245446,0.04807489455238586,0.03761258282851849,0.024015241488519398,0.08548607050905832,0.05827671223124922,0.08742608794223496,0.9668688754083061
Gabon,Libreville,Africa,Africa,Neutral/Other,Non-NATO,2025,48,3.5,4800,0,932940,24,6,0,3,15,0,424,14,5,0,0,274820000.0,48201000000.0,2455105,267667.0,885.0,532758.0,46647.0,2500.0,0.0,0.0,0.0,0.0,0.0,0.0,14.0,0.0,0.0,0.0,0.0,4.0,0.0,6280000000.0,1568196000.0,763000.0,87.0,9.0,14300.0,649.0,40.0,1600.0,204000.0,16000.0,2000000000.0,463000000.0,463000000.0,25995000000.0,0.0,0.0,0.0,3261.0,0.5701541461795399,1.9551098629182868,11.812122088464648,0.002358722358722359,0.0,0.0011114763655756823,0.0018400674691405354,0.0033519553072625698,0.0,0.003267973856209151,0.002567174396714017,0.0,0.0008676147484300001,0.0008394291881520566,0.00663129973474801,0.0,0.0,0.00029142355299412507,0.0013754517164528577,0.0014781223543428362,0.015613255791496814,0.004379453681710214,0.030527090190321647,0.0389521070289347,0.05349211663280403,0.0
Georgia,Tbilisi,Asia,Asia,Neutral/Other,Non-NATO,2025,48,3.5,55000,152500,2744538,61,0,5,2,44,123,3392,230,19,0,0,495629055.0,83656000000.0,4900961,69700.0,310.0,2225036.0,93118.0,0.0,10.0,0.0,0.0,11.0,67.0,121.0,42.0,0.0,0.0,0.0,0.0,31.0,4.0,13488000000.0,5002000000.0,1853000.0,26.0,3.0,20295.0,1363.0,19.0,0.0,300.0,32000.0,35000000.0,8760000.0,2796000000.0,8495000000.0,256000.0,516000.0,900999000.0,1814.0,0.5924608575595295,11.222288853145333,41.420447948881865,0.02702702702702703,0.0305,0.0034825549194870435,0.004676838150732194,0.0,0.005624296962879641,0.002178649237472767,0.0075303782303611155,0.018088235294117645,0.008441381140607176,0.013790622376783787,0.02519893899204244,0.0,0.0,0.0005381414402012993,0.002511038541313981,0.0032070344223346396,0.004034561029688335,0.0015340459224069676,0.03190293220305801,0.22358426235181222,0.18757573076799888,0.0
Germany,Berlin,Europe,Europe,NATO,NATO,2025,24,0.3881,181600,34000,38694786,584,129,63,50,309,296,83260,167,61,0,6,50000000000.0,5230000000000.0,84119100,357022.0,2389.0,30955829.0,841191.0,0.0,35.0,26.0,3.0,54.0,134.0,0.0,33.0,0.0,0.0,11.0,5.0,0.0,12.0,6238609300000.0,322700000000.0,44784000.0,595.0,35.0,830000.0,39379.0,838.0,7300.0,131000.0,2052000.0,115200000.0,4824000000.0,77516000000.0,23390000000.0,138981000.0,186725000.0,35900000000.0,3694.0,0.9560229445506693,2.1588438297604227,11.186520065003073,0.08923832923832924,0.0068,0.05053541214310664,0.04477497508241969,0.07206703910614524,0.07086614173228348,0.054466230936819175,0.05288379257230874,0.04352941176470588,0.2122491891629814,0.010013191030099532,0.08090185676392572,0.0,0.08571428571428572,0.05585115297892928,0.1673430916396948,0.059204278953881924,0.020839451422290822,0.011822050673000793,0.05432685588233381,0.043011146079568345,0.05065902905090328,0.9075769948670088
Ghana,Accra,Africa,Africa,Neutral/Other,Non-NATO,2025,48,3.5,15500,0,14873310,19,0,0,2,10,0,1824,12,28,0,0,308500000.0,229639000000.0,34589092,238533.0,539.0,9961658.0,622604.0,0.0,5.0,2.0,0.0,0.0,0.0,6.0,6.0,0.0,0.0,0.0,0.0,27.0,0.0,22550000000.0,3624000000.0,14887000.0,52.0,4.0,65725.0,947.0,11.0,1293.0,174000.0,110000.0,660000000.0,3192000000.0,3912000000.0,22653000000.0,0.0,85000.0,0.0,2420.0,0.13434129220210853,0.4481181523932458,1.3588098814504872,0.007616707616707617,0.0,0.0193570873347804,0.001456720079736257,0.0,0.0,0.002178649237472767,0.0017114495978093444,0.0,0.004440146065494707,0.0007195107327017628,0.03713527851458886,0.0,0.0,0.00032905542656533175,0.00718672240688164,0.024192802988440558,0.013909266272079295,0.0026672604908946954,0.003646855628692415,0.008927961832065963,0.006153476582445639,0.0
Greece,Athenai,Europe,Europe,NATO,NATO,2025,48,3.5,142700,221350,4916713,558,178,0,15,293,1344,61888,1439,192,0,10,6500000000.0,375780000000.0,10461091,131957.0,13676.0,3985676.0,104611.0,55000.0,81.0,8.0,0.0,29.0,589.0,698.0,152.0,0.0,0.0,13.0,0.0,39.0,7.0,550000000000.0,13608000000.0,4645000.0,1215.0,57.0,117000.0,2345.0,81.0,6.0,5000.0,303000.0,10000000.0,3284000.0,5173000000.0,991090000.0,13703000.0,13988000.0,2876000000.0,1110.0,1.729735483527596,13.641024631178526,200.17032640285797,0.07012285012285012,0.04427,0.006325568412459773,0.04278156865751744,0.0994413407821229,0.0,0.016339869281045753,0.05014547321581379,0.1976470588235294,0.15771194679990508,0.08628132869648639,0.2546419098143236,0.0,0.14285714285714285,0.00724704073583274,0.011867466848343475,0.0071373458783660915,0.007675848717969264,0.06767616785431513,0.10204819852095753,0.2717732959644979,0.9064869433431252,0.0
Guatemala,Ciudad de Guatemala,Unknown,Unknown,Neutral/Other,Non-NATO,2025,48,3.5,106114,90000,7484639,36,0,4,10,21,5,688,50,25,0,0,408635000.0,223183000000.0,18255216,108889.0,400.0,6279794.0,182552.0,35000.0,0.0,0.0,0.0,0.0,0.0,50.0,0.0,0.0,0.0,0.0,0.0,20.0,0.0,27500000000.0,21311000000.0,7258000.0,9.0,3.0,17440.0,800.0,58.0,990.0,6000.0,115000.0,86110000.0,3276000.0,2986000.0,0.0,0.0,1296000.0,0.0,1667.0,0.1830941424750093,5.8128044061489055,3.6154050436872396,0.052144471744471746,0.018,0.009686553723015088,0.002760101203710803,0.0,0.0044994375703037125,0.010893246187363835,0.003594044155399623,0.0007352941176470588,0.0015412920825050589,0.002997961386257345,0.03315649867374005,0.0,0.0,0.00044093985827711274,0.0069799434323701915,0.012646810365211031,0.006326647433081388,0.0019794140934283454,0.006653852872861415,0.11580984969745334,0.016372643867320843,0.0
Honduras,Tegucigalpa,Unknown,Unknown,Neutral/Other,Non-NATO,2025,48,3.5,52225,60000,4192843,40,4,7,10,8,11,614,32,98,0,0,413635000.0,68854000000.0,9529188,112090.0,832.0,3144632.0,95292.0,23000.0,10.0,1.0,0.0,0.0,0.0,32.0,0.0,0.0,0.0,0.0,0.0,93.0,0.0,8805500000.0,7543000000.0,4676000.0,489.0,8.0,14742.0,699.0,129.0,465.0,20.0,67000.0,0.0,0.0,0.0,0.0,0.0,190000.0,0.0,1575.0,0.6007421500566417,5.480529925529856,15.636169629563401,0.025663390663390663,0.012,0.005378143744945337,0.0030667791152342253,0.0022346368715083797,0.007874015748031496,0.010893246187363835,0.0013691596782474755,0.0016176470588235292,0.001352458284317353,0.0019186952872047008,0.129973474801061,0.0,0.0,0.00044652653784528473,0.0020369458553290893,0.0064786078566273775,0.006513867535080958,0.004117181314330958,0.032413708979750704,0.10918986819281405,0.07080961433100387,0.0
Hungary,Budapest,Europe,Europe,NATO,NATO,2025,48,3.5,41600,20000,4632200,69,12,0,3,44,209,7797,319,0,0,0,4576000000.0,388906000000.0,9855745,103000.0,0.0,3794462.0,118269.0,15000.0,12.0,0.0,0.0,8.0,24.0,295.0,0.0,0.0,0.0,0.0,0.0,0.0,0.0,137500000000.0,45719000000.0,5006000.0,1.0,0.0,203601.0,7687.0,109.0,1622.0,36000.0,175000.0,12100000.0,1523000000.0,9485000000.0,3738000000.0,5450000.0,6180000.0,2909000000.0,2106.0,1.176633942392249,4.220888425989106,28.20689861598489,0.020442260442260444,0.004,0.005953188517687874,0.005290193973779039,0.0067039106145251395,0.0,0.003267973856209151,0.0075303782303611155,0.030735294117647055,0.01968209574894291,0.01912699364432186,0.0,0.0,0.0,0.005097286438000148,0.01228787899509646,0.006709442516634834,0.005982211575325852,0.0,0.06793378673518982,0.08409373858966152,0.12773714149885357,0.0
Iceland,Reykjavík,Europe,Europe,NATO,NATO,2025,48,3.5,0,0,83728,0,0,0,0,0,0,150,0,0,0,0,312400000.0,26155000000.0,364036,100250.0,4970.0,50237.0,1820.0,0.0,0.0,0.0,0.0,0.0,0.0,0.0,0.0,0.0,0.0,0.0,0.0,0.0,0.0,22000000000.0,5809000000.0,239000.0,39.0,43.0,12898.0,0.0,83.0,0.0,0.0,18000.0,0.0,0.0,0.0,0.0,0.0,188000.0,0.0,0.0,1.1944178933282357,0.0,0.0,0.0,0.0,0.0,0.0,0.0,0.0,0.0,0.0,0.0,0.00016841933351876472,0.0,0.0,0.0,0.0,0.00033341303662850596,0.0006693412344083416,0.0,0.00582136956329873,0.02459422011084719,0.069030672171746,0.0,0.0,0.0
India,New Delhi,Asia,Asia,Neutral/Other,Non-NATO,2025,4,0.1025,1455550,1155000,662290299,2229,513,130,270,899,4201,148594,4339,293,2,18,75000000000.0,13104000000000.0,1409128296,3287263.0,7000.0,522786598.0,23955181.0,2527000.0,351.0,74.0,6.0,80.0,100.0,3975.0,264.0,0.0,13.0,14.0,18.0,135.0,0.0,371020500000.0,627793000000.0,593729000.0,1859.0,56.0,6371847.0,65554.0,311.0,14500.0,795000.0,5049000.0,4605000000.0,33170000000.0,58867000000.0,1381000000000.0,985671000.0,1200000000.0,111052000000.0,13888.0,0.5723443223443223,1.0329435610169593,4.771034702151776,0.7152579852579852,0.23099999999999998,0.8667175602740129,0.1708962661964272,0.2865921787709497,0.14623172103487064,0.29411764705882354,0.15385931884306006,0.6177941176470587,0.3789690184980568,0.2601630890994124,0.3885941644562334,0.18181818181818182,0.2571428571428571,0.08378455081978937,0.4195391333533173,0.9958188585385004,0.19222339984569695,0.03463974663499604,0.030662176726901157,0.020579574021239114,0.021606002954870498,0.9908714419038731
Indonesia,Jakarta,Asia,Asia,Neutral/Other,Non-NATO,2025,12,0.2221,400000,400000,137965608,459,41,34,70,214,331,20440,612,331,0,4,10600000000.0,3906000000000.0,281562465,1904569.0,54716.0,114595923.0,4786562.0,250000.0,112.0,17.0,1.0,15.0,153.0,396.0,63.0,0.0,0.0,7.0,25.0,211.0,12.0,440000000000.0,146359000000.0,140931000.0,11422.0,123.0,496607.0,8159.0,513.0,21579.0,865000.0,1728000.0,2480000000.0,57410000000.0,36061000000.0,1408000000000.0,659357000.0,202283000.0,34869000000.0,2958.0,0.2713773681515617,1.420643905784814,3.981354545961942,0.19656019656019658,0.08,0.18046430203664382,0.035191290347312734,0.02290502793296089,0.03824521934758156,0.07625272331154685,0.03662502139311997,0.04867647058823529,0.051944605350120826,0.036695047367789904,0.43899204244031825,0.0,0.05714285714285714,0.011828117981733794,0.12493674680494296,0.19877186449179193,0.11135238712648611,0.27076405384006336,0.012099019972420778,0.028303817866038097,0.0180298747451249,0.9559904339710685
Iran,Tehran,Middle East,Asia,Neutral/Other,Non-NATO,2025,16,0.2712,610000,350000,49496685,551,188,21,87,128,1713,65825,3979,107,0,25,15450000000.0,1440000000000.0,88386937,1648195.0,2440.0,41541860.0,1414191.0,220000.0,103.0,10.0,6.0,13.0,392.0,2070.0,1517.0,0.0,0.0,7.0,3.0,21.0,1.0,4134926000.0,120600000000.0,29159000.0,965.0,18.0,223485.0,8484.0,173.0,850.0,3985000.0,2136000.0,208600000000.0,263280000000.0,244890000000.0,33987000000000.0,2791000.0,3531000.0,1203000000.0,5894.0,1.0729166666666667,6.9014723295592875,26.825230972762412,0.2997542997542998,0.06999999999999999,0.06467328989546482,0.042244882312351455,0.10502793296089384,0.02362204724409449,0.09477124183006537,0.02190655485195961,0.25191176470588234,0.16775841522510773,0.2385777671183595,0.1419098143236074,0.0,0.35714285714285715,0.01724719716286065,0.04595332810214984,0.06222110205938034,0.09635758349323467,0.012074425969912907,0.06153667229913604,0.137499633108577,0.12148015175852529,0.9416705552963136
Iraq,Baghdad,Middle East,Asia,Neutral/Other,Non-NATO,2025,39,0.7441,193000,0,17675043,391,26,36,15,197,1025,37288,1616,68,0,0,7923000000.0,572939000000.0,42083436,438317.0,58.0,14308368.0,715418.0,100000.0,139.0,17.0,0.0,39.0,434.0,610.0,572.0,0.0,0.0,0.0,2.0,26.0,0.0,45032500000.0,112233000000.0,11812000.0,74.0,6.0,59623.0,2272.0,71.0,5279.0,4437000.0,918000.0,145019000000.0,9860000000.0,19298000000.0,3729000000000.0,0.0,0.0,0.0,3809.0,1.3828697295872685,4.586127425526756,35.26328030819537,0.09484029484029484,0.0,0.023024086873356695,0.029977765851414553,0.014525139664804468,0.040494938132733416,0.016339869281045753,0.03371555707684409,0.15073529411764705,0.09493746794291094,0.0968941120038374,0.09018567639257294,0.0,0.0,0.008837009740934496,0.018182264840242903,0.029490360074091535,0.025594233737834423,0.0002870150435471101,0.08065407775967498,0.09137047984649094,0.1596925166345307,0.803750583294447
Ireland,Dublin,Europe,Europe,Neutral/Other,Non-NATO,2025,48,3.5,7765,1700,2407392,22,0,0,4,8,0,1712,0,8,0,0,1500000000.0,608463000000.0,5233461,70273.0,1448.0,1999182.0,57568.0,0.0,8.0,2.0,0.0,0.0,0.0,0.0,0.0,0.0,0.0,0.0,0.0,8.0,0.0,3300000000000.0,12905000000.0,2766000.0,94.0,21.0,99830.0,1688.0,100.0,956.0,600.0,156000.0,0.0,1447000000.0,5280000000.0,9911000000.0,0.0,1322000.0,40000000.0,443.0,0.24652279596294271,1.4837217665327018,5.732344236443149,0.0038157248157248158,0.00033999999999999997,0.003041287237508481,0.001686728513378824,0.0,0.0,0.004357298474945534,0.0013691596782474755,0.0,0.00415434356012953,0.0,0.010610079575596816,0.0,0.0,0.0016603611676607234,0.019320061663437558,0.003442070034654937,0.00406807465619435,0.00716547901821061,0.010566030010647822,0.02956053270831326,0.02595936819639287,0.0
Israel,Jerusalem,Middle East,Asia,Neutral/Other,Non-NATO,2025,17,0.2757,170000,465000,3949099,611,240,38,13,147,1300,35985,706,62,0,5,30500000000.0,471030000000.0,9402617,21937.0,273.0,3281513.0,131637.0,35000.0,159.0,19.0,14.0,48.0,352.0,171.0,183.0,0.0,0.0,0.0,7.0,46.0,0.0,148500000000.0,204661000000.0,4554000.0,41.0,5.0,20391.0,1497.0,37.0,0.0,15000.0,230000.0,12730000.0,22886000000.0,11510000000.0,176018000000.0,0.0,6476000.0,0.0,1068.0,6.475171432817442,18.08007281377089,209.83519800923509,0.08353808353808354,0.093,0.005059123647194859,0.046845050985202794,0.1340782122905028,0.04274465691788527,0.014161220043572986,0.025158309087797363,0.19117647058823528,0.09161246200995715,0.04233121477395371,0.08222811671087532,0.0,0.07142857142857142,0.03406310266305842,0.014918225417459876,0.006389138104786798,0.0012409984767969022,0.0013509501187648457,0.3947390410464614,0.3602134819583643,0.9502550686077872,0.9403581427904807
Italy,Roma,Europe,Europe,NATO,NATO,2025,10,0.1973,165500,18500,27434219,729,89,67,30,392,200,73480,193,196,2,8,30890000000.0,3097000000000.0,60964931,301340.0,7600.0,22191235.0,548684.0,105000.0,162.0,23.0,8.0,37.0,64.0,108.0,21.0,0.0,3.0,10.0,0.0,19.0,10.0,2750000000000.0,247396000000.0,25669000.0,1276.0,123.0,487700.0,18475.0,636.0,2400.0,116000.0,1246000.0,497934000.0,3117000000.0,68735000000.0,45750000000.0,1618000.0,13127000.0,609999000.0,1836.0,0.997416855020988,2.7146754254507397,18.453231744000497,0.08132678132678132,0.0036999999999999997,0.03579721475131111,0.055892049375143756,0.04972067039106145,0.07536557930258718,0.032679738562091505,0.0670888242341263,0.02941176470588235,0.18729250610520082,0.01157213095095335,0.259946949602122,0.18181818181818182,0.11428571428571428,0.03449886366937584,0.09902531706830077,0.04283719838641528,0.01758272236276565,0.03760886777513856,0.05687996557772354,0.05408510781237644,0.08356689994477877,0.9632232851143258
Ivory Coast,Yamoussoukro,Africa,Africa,Neutral/Other,Non-NATO,2025,48,3.5,22000,0,12292521,19,0,0,4,10,5,656,5,3,0,0,669600935.0,202758000000.0,29981758,322463.0,515.0,7855221.0,569653.0,5500.0,2.0,3.0,0.0,3.0,0.0,2.0,3.0,0.0,0.0,0.0,0.0,3.0,0.0,19311500000.0,7583484000.0,10954000.0,25.0,5.0,81996.0,660.0,29.0,980.0,29000.0,60000.0,100000000.0,2635000000.0,2635000000.0,28317000000.0,0.0,0.0,0.0,3458.0,0.33024637005691515,0.7337795202002498,0.9005475929730338,0.010810810810810811,0.0,0.015979266510254015,0.001456720079736257,0.0,0.0,0.004357298474945534,0.0017114495978093444,0.0007352941176470588,0.0014596342238292943,0.0002997961386257345,0.003978779840848806,0.0,0.0,0.000732526469687794,0.0063257518966830266,0.020935998273089798,0.018818164479147068,0.0025484956452889946,0.015729965148046195,0.014619259484383805,0.0040782000487235,0.0
Japan,Tokyo,Asia,Asia,Neutral/Other,Non-NATO,2025,8,0.1711,247150,56000,52976836,1443,217,38,55,596,521,31964,683,159,0,24,57000000000.0,5761000000000.0,123201945,377915.0,29751.0,42874277.0,1108818.0,25000.0,401.0,141.0,10.0,119.0,149.0,480.0,54.0,4.0,42.0,6.0,0.0,6.0,22.0,4679698100000.0,1295000000000.0,69349000.0,5229.0,163.0,1218772.0,27311.0,279.0,1770.0,8000.0,3289000.0,44115000.0,2220000000.0,92843000000.0,20898000000.0,29141000.0,216332000.0,350000000.0,0.0,0.9894115604929701,2.006055992054346,17.231870811779796,0.12144963144963146,0.0112,0.06922822504138194,0.11063405658207469,0.12122905027932959,0.04274465691788527,0.059912854030501096,0.10200239602943693,0.07661764705882353,0.08135164170573059,0.040952152536275335,0.21087533156498672,0.0,0.34285714285714286,0.06367250437437011,0.18435047011949332,0.08683092679085724,0.022061441297666337,0.14722387173396675,0.05638621191101963,0.039967118569951436,0.07803587165470527,0.9708644423705086
Jordan,Amman,Middle East,Asia,Neutral/Other,Non-NATO,2025,48,3.5,100500,65000,3463947,274,44,6,13,155,1458,16624,494,27,0,0,2500000000.0,106806000000.0,11174024,89342.0,26.0,2983464.0,145262.0,35000.0,66.0,13.0,0.0,44.0,358.0,80.0,56.0,0.0,0.0,0.0,0.0,27.0,0.0,25646500000.0,15715600000.0,3063000.0,34.0,1.0,7203.0,509.0,17.0,0.0,20.0,97000.0,1000000.0,187262000.0,4382000000.0,6031000000.0,0.0,479000.0,0.0,1744.0,2.340692470460461,8.994074113318533,157.41867030176417,0.04938574938574939,0.013,0.0044241408846905925,0.021007436939354446,0.024581005586592177,0.006749156355455569,0.014161220043572986,0.026527468766044837,0.21441176470588233,0.04220690570303588,0.02961985849622257,0.03580901856763925,0.0,0.0,0.0027776970812951264,0.0032525089966950276,0.007641299695503977,0.005183382411592603,0.00012866191607284244,0.13973104097487038,0.1791910235495532,0.7128827325774296,0.0
Kazakhstan,Astana,Asia,Asia,Neutral/Other,Non-NATO,2025,48,3.5,110000,135000,9117003,198,63,25,19,65,350,7736,607,26,0,0,2048700000.0,705520000000.0,20260006,2724900.0,26.0,6928922.0,283640.0,55000.0,26.0,0.0,0.0,12.0,126.0,194.0,287.0,0.0,0.0,0.0,0.0,23.0,2.0,91321500000.0,35965000000.0,9587000.0,122.0,0.0,96167.0,16636.0,132.0,43983.0,1955000.0,288000.0,30000000000.0,27011000000.0,22623000000.0,2407000000000.0,118195000.0,84852000.0,25605000000.0,13364.0,0.2903815625354349,5.42941596364779,28.33167966485301,0.05405405405405406,0.027,0.011823044971391916,0.015180556620409416,0.03519553072625698,0.028121484814398204,0.020697167755991286,0.01112442238576074,0.051470588235294115,0.019526435455842237,0.03639525122916417,0.034482758620689655,0.0,0.0,0.0022734433834719204,0.022428696565723445,0.014063944335808353,0.15933191024220292,0.00012866191607284244,0.013271168058534278,0.10817151288109193,0.12830222221590232,0.0
Kenya,Nairobi,Africa,Africa,Neutral/Other,Non-NATO,2025,48,3.5,50000,0,21551160,156,17,0,21,85,188,4128,71,23,0,0,1307383850.0,314063000000.0,58246378,580367.0,536.0,14037377.0,931942.0,25000.0,31.0,2.0,0.0,2.0,18.0,53.0,0.0,0.0,0.0,0.0,0.0,7.0,0.0,30514500000.0,7342000000.0,25502000.0,26.0,4.0,161452.0,3819.0,370.0,0.0,0.0,119000.0,0.0,0.0,0.0,0.0,0.0,1168000.0,0.0,3457.0,0.41628076214008014,0.8584224756430348,6.300820971219876,0.024570024570024572,0.0,0.028097275235869374,0.011960438549413479,0.009497206703910613,0.0,0.022875816993464054,0.014547321581379427,0.02764705882352941,0.010319511890149765,0.00425710516848543,0.030503978779840846,0.0,0.0,0.001445144225719732,0.009890735440362826,0.040915523893241795,0.033902454759089956,0.002652414885193983,0.021036427815350662,0.017102549980173715,0.02853375945073055,0.0
Kosovo,Unknown,Europe,Europe,Neutral/Other,Non-NATO,2025,48,3.5,10000,5000,917371,0,0,0,0,0,0,737,0,0,0,0,260715150.0,23794000000.0,1977093,10887.0,0.0,743387.0,17794.0,500.0,0.0,0.0,0.0,0.0,0.0,0.0,0.0,0.0,0.0,0.0,0.0,0.0,0.0,2750000000.0,1245000000.0,500300.0,0.0,0.0,2012.0,437.0,4.0,0.0,0.0,15000.0,0.0,0.0,0.0,0.0,9074000.0,8927000.0,1564000000.0,714.0,1.0957180381608809,5.057931012855743,0.0,0.004914004914004914,0.001,0.001091099150539098,0.0,0.0,0.0,0.0,0.0,0.0,0.0016663306786023236,0.0,0.0,0.0,0.0,0.00027566369753269886,0.0005937208566478816,0.0011402280893309557,0.0005947060284697379,0.0,0.0629430241506192,0.10077033208949612,0.0,0.0
Kuwait,Kuwait,Middle East,Asia,Neutral/Other,Non-NATO,2025,48,3.5,72000,24000,1726095,128,43,0,2,67,367,5636,101,123,0,0,6950000000.0,219060000000.0,3138355,17818.0,499.0,1449920.0,37660.0,7500.0,13.0,0.0,3.0,16.0,74.0,0.0,27.0,0.0,0.0,0.0,0.0,106.0,0.0,55000000000.0,52619000000.0,2463000.0,176.0,6.0,5749.0,0.0,6.0,0.0,2910000.0,372000.0,101500000000.0,19285000000.0,26083000000.0,1784000000000.0,0.0,145000.0,0.0,475.0,3.1726467634438054,22.94195526000086,196.91844931500736,0.03538083538083538,0.0048,0.0021495835010591426,0.009813693168749521,0.024022346368715083,0.0,0.002178649237472767,0.011466712305322608,0.05397058823529411,0.014167638480245177,0.006055882000239837,0.16312997347480104,0.0,0.0,0.007749841896968221,0.006847888024701248,0.001961094029885223,0.0010000863867824596,0.002469319081551861,0.19104464114946454,0.45707789300735285,0.8917605641915991,0.0
Kyrgyzstan,Bishkek,Asia,Asia,Neutral/Other,Non-NATO,2025,48,3.5,23000,300000,3147772,7,0,0,0,7,215,2686,220,0,0,0,221800000.0,45461000000.0,6172101,199951.0,0.0,2487357.0,117270.0,55000.0,0.0,0.0,0.0,2.0,30.0,169.0,21.0,0.0,0.0,0.0,0.0,0.0,0.0,6728500000.0,3237000000.0,3069000.0,0.0,0.0,34000.0,424.0,28.0,576.0,6000.0,31000.0,40000000.0,31026000.0,438000000.0,5663000000.0,3637000.0,3352000.0,28499000000.0,4573.0,0.4878907195178285,3.7264458245255545,35.96830317585535,0.011302211302211302,0.06,0.004010320731553459,0.0005366863451659894,0.0,0.0,0.0,0.001198014718466541,0.03161764705882353,0.0066398046335731185,0.013191030099532318,0.0,0.0,0.0,0.00023218240285322901,0.0012876923623386435,0.004105570266679973,0.011652682087340955,0.0,0.025453214593653965,0.0742428440199183,0.16288526770696427,0.0
Laos,Vientiane,Asia,Asia,Neutral/Other,Non-NATO,2025,48,3.5,100000,30000,3499565,33,0,0,2,23,160,4380,191,36,0,0,135000000.0,64173000000.0,7953556,236800.0,0.0,2521277.0,159071.0,120000.0,8.0,0.0,0.0,0.0,40.0,87.0,64.0,0.0,0.0,0.0,0.0,36.0,0.0,16500000000.0,1770000000.0,3174000.0,1.0,0.0,39568.0,422.0,18.0,4600.0,0.0,24000.0,0.0,0.0,0.0,0.0,14845000.0,13691000.0,62000000.0,5274.0,0.21036884671123368,12.572992508005225,28.792152843331962,0.049140049140049144,0.006,0.004470758884894398,0.002530092770068236,0.0,0.0,0.002178649237472767,0.003936334074961492,0.023529411764705882,0.010962567527221412,0.011452212495503059,0.04774535809018567,0.0,0.0,0.0001351976455497628,0.0018870182872237468,0.005364834527570367,0.013807906560500021,0.0,0.008336112679513974,0.2504946443852513,0.13038751093752235,0.0
Latvia,Riga,Europe,Europe,NATO,NATO,2025,48,3.5,17250,36000,810561,7,0,0,0,7,0,1848,47,18,0,0,1138000000.0,71154000000.0,1801246,64589.0,498.0,648449.0,16211.0,12500.0,0.0,0.0,0.0,0.0,47.0,0.0,0.0,0.0,0.0,0.0,0.0,11.0,6.0,44180400000.0,4957000000.0,978000.0,83.0,5.0,70244.0,2216.0,56.0,300.0,2000.0,35000.0,0.0,0.0,828214000.0,0.0,0.0,20000.0,0.0,1370.0,1.5993478933018521,9.576704125921722,13.879281341915542,0.008476658476658476,0.0072,0.0009513027385628912,0.0005366863451659894,0.0,0.0,0.0,0.001198014718466541,0.0,0.0045013894595015294,0.002818083703081904,0.023872679045092837,0.0,0.0,0.0012558855669250694,0.0021106124664468607,0.00101592641318152,0.003735628839335382,0.00246437054631829,0.09400610206325397,0.19079889635487673,0.06285340862217156,0.0
Lebanon,Beirut,Middle East,Asia,Neutral/Other,Non-NATO,2025,48,3.5,60000,35000,2092148,80,0,9,0,68,116,4538,376,64,0,0,768250325.0,65818000000.0,5364482,10400.0,225.0,1775644.0,69738.0,65000.0,9.0,0.0,0.0,0.0,12.0,353.0,11.0,0.0,0.0,0.0,0.0,61.0,0.0,36928000000.0,26498095000.0,1771000.0,51.0,5.0,21705.0,401.0,8.0,0.0,0.0,174000.0,0.0,0.0,0.0,0.0,0.0,207000.0,0.0,484.0,1.1672343811723238,11.184677290370255,48.46693492493777,0.029484029484029485,0.006999999999999999,0.0026286856075391205,0.006133558230468451,0.0,0.010123734533183354,0.0,0.011637857265103541,0.01705882352941176,0.011365753204433,0.022544669624655234,0.08488063660477453,0.0,0.0,0.0008427509759929207,0.001939705928653631,0.0035346853758934866,0.000566222370339844,0.0011134204275534442,0.06735403694565961,0.22283491846760026,0.219486296909439,0.0
Liberia,Monrovia,Africa,Africa,Neutral/Other,Non-NATO,2025,48,3.5,1500,0,2392390,0,0,0,0,0,0,300,0,4,0,0,364800000.0,8884000000.0,5437249,111369.0,579.0,1913912.0,65247.0,5500.0,0.0,0.0,0.0,0.0,0.0,0.0,0.0,0.0,0.0,0.0,0.0,4.0,0.0,830923000.0,599660000.0,2499000.0,4821.0,4.0,10600.0,429.0,99.0,0.0,0.0,4000.0,0.0,0.0,0.0,0.0,0.0,0.0,0.0,1667.0,4.1062584421431785,0.27587480360012945,0.7356661429336784,0.0007371007371007371,0.0,0.0030216521305665555,0.0,0.0,0.0,0.0,0.0,0.0,0.0005511905460614118,0.0,0.005305039787798408,0.0,0.0,0.00039196143850294866,0.00011616904283658986,0.0035861224778535204,0.006471697683927666,0.00286520190023753,0.24862830506364353,0.005496317664920759,0.003331521535748744,0.0
Libya,Tripoli,Africa,Africa,Neutral/Other,Non-NATO,2025,48,3.5,32000,0,3827857,143,10,1,6,16,43,1816,68,5,0,0,3060000000.0,121951000000.0,7361263,1759540.0,1770.0,3290485.0,125141.0,100000.0,38.0,0.0,0.0,4.0,15.0,28.0,25.0,0.0,0.0,0.0,1.0,1.0,1.0,3322000000.0,92427000000.0,2398000.0,96.0,14.0,37000.0,2000.0,66.0,0.0,1245000.0,230000.0,48363000000.0,11832000000.0,9212000000.0,1505000000000.0,0.0,0.0,0.0,4339.0,2.50920451656813,4.3470801138337265,25.946634429445055,0.015724815724815724,0.0,0.004900438162869241,0.010963735336962356,0.005586592178770949,0.0011248593925759281,0.006535947712418302,0.002738319356494951,0.006323529411764705,0.0044197316008257655,0.004077227485309989,0.00663129973474801,0.0,0.0,0.0034034051929303926,0.0037375876164248744,0.004946157992448484,0.10286993034020192,0.008758907363420427,0.1501245924373722,0.08660788484011754,0.1175013587511107,0.0
Lithuania,Vilnius,Europe,Europe,NATO,NATO,2025,48,3.5,23000,104000,1708321,9,0,0,5,4,0,1263,75,14,0,0,2388900000.0,132712000000.0,2628186,65300.0,90.0,1332490.0,36795.0,14150.0,0.0,0.0,0.0,0.0,21.0,54.0,0.0,0.0,0.0,0.0,0.0,7.0,4.0,44000000000.0,6168000000.0,1510000.0,59.0,2.0,84166.0,1911.0,65.0,441.0,4000.0,68000.0,12000000.0,0.0,1601000000.0,0.0,0.0,263000.0,0.0,1545.0,1.800063294954488,8.751283204461176,8.751283204461176,0.011302211302211302,0.0208,0.002126320310098885,0.0006900253009277008,0.0,0.0,0.0054466230936819175,0.0006845798391237378,0.0,0.003008581730585206,0.004496942079386017,0.01856763925729443,0.0,0.0,0.0026535610612903444,0.004082251269571978,0.001600468816947376,0.00377721381044494,0.0004453681710213777,0.10638590460307043,0.17435384398904102,0.0396308688950051,0.0
Luxembourg,Luxembourg [Luxemburg/L,Europe,Europe,NATO,NATO,2025,48,3.5,1000,0,154388,1,0,0,1,0,0,182,0,0,0,0,726092925.0,88533000000.0,671254,2586.0,0.0,92633.0,3356.0,0.0,0.0,0.0,0.0,0.0,0.0,0.0,0.0,0.0,0.0,0.0,0.0,0.0,0.0,4730000000000.0,2977000000.0,352000.0,147.0,0.0,2875.0,271.0,3.0,37.0,0.0,51000.0,0.0,0.0,594240000.0,0.0,0.0,62000.0,0.0,327.0,0.8201381688184067,1.4897490368772477,1.4897490368772475,0.0004914004914004914,0.0,9.248211281938751e-05,7.666947788085564e-05,0.0,0.0,0.0010893246187363835,0.0,0.0,0.0002500771921945294,0.0,0.0,0.0,0.0,0.0007956469989474697,0.002667243785845012,0.00021716442329569108,0.00010919710416532265,0.0,0.045945701880789024,0.0296806154126185,0.006746444765591089,0.0
Madagascar,Antananarivo,Africa,Africa,Neutral/Other,Non-NATO,2025,48,3.5,13500,0,11192031,5,0,0,0,5,6,158,9,6,0,0,112210000.0,51255000000.0,29452714,587040.0,4828.0,7952233.0,559602.0,8100.0,0.0,0.0,0.0,0.0,0.0,9.0,0.0,0.0,0.0,0.0,0.0,4.0,0.0,3028500000.0,2632000000.0,15830000.0,29.0,13.0,31640.0,836.0,91.0,600.0,0.0,19000.0,0.0,0.0,0.0,0.0,0.0,511000.0,150000000.0,0.0,0.2189249829284948,0.45836183381945717,0.5771963833282053,0.006633906633906634,0.0,0.014538909301980481,0.00038334738940427816,0.0,0.0,0.0,0.0008557247989046722,0.0008823529411764705,0.0001888337981877059,0.0005396330495263221,0.007957559681697613,0.0,0.0,0.00010973356007803475,0.001473268164432716,0.0205620308129864,0.034292745212274316,0.023891528107680127,0.008863841373980476,0.009132049071791975,0.0026138788632380492,0.0
Malaysia,Kuala Lumpur,Asia,Asia,Neutral/Other,Non-NATO,2025,41,0.8258,113000,51600,16245461,135,26,12,16,45,48,13506,232,100,0,2,4800000000.0,1152000000000.0,34564810,329847.0,4675.0,13480276.0,553037.0,100000.0,31.0,6.0,4.0,0.0,0.0,196.0,36.0,0.0,0.0,2.0,6.0,71.0,4.0,247500000000.0,113438000000.0,17308000.0,1750.0,35.0,144403.0,1851.0,102.0,7200.0,582000.0,717000.0,3600000000.0,75456000000.0,42499000000.0,1189000000000.0,3731000.0,35050000.0,226000000.0,2742.0,0.4166666666666667,3.2692209215094774,8.187517883072408,0.05552825552825553,0.01032,0.021153003321013563,0.01035037951391551,0.014525139664804468,0.013498312710911137,0.017429193899782137,0.00770152319014205,0.007058823529411764,0.03425036809831606,0.013910540832234081,0.1326259946949602,0.0,0.02857142857142857,0.005347569682654254,0.036728987231750644,0.024175638673437964,0.019250039903440985,0.023134402216943784,0.02106022978470143,0.0651334462840833,0.03707781364384844,0.7799230051329912
Mali,Bamako,Africa,Africa,Neutral/Other,Non-NATO,2025,48,3.5,40000,0,6817088,43,9,12,7,10,10,570,30,0,0,0,650386000.0,57235000000.0,21990607,1240192.0,0.0,4288168.0,351850.0,4800.0,4.0,1.0,0.0,8.0,0.0,10.0,20.0,0.0,0.0,0.0,0.0,0.0,0.0,4057500000.0,647800000.0,8277000.0,0.0,0.0,139107.0,593.0,30.0,1800.0,0.0,46000.0,0.0,0.0,0.0,0.0,0.0,0.0,0.0,7908.0,1.136343146675985,1.8189584307518205,2.4101199207461623,0.019656019656019656,0.0,0.008812841199738906,0.0032967875488767923,0.005027932960893855,0.013498312710911137,0.007625272331154685,0.0017114495978093444,0.0014705882352941176,0.0012401787286381765,0.0017987768317544069,0.0,0.0,0.0,0.0007110569327341433,0.0016648013533389215,0.01528726122518315,0.07249430224483396,0.0,0.06544871538026384,0.036239530483504735,0.010914416134040789,0.0
Mauritania,Nouakchott,Africa,Africa,Neutral/Other,Non-NATO,2025,48,3.5,31540,66000,1687936,24,0,4,7,4,25,628,75,6,0,0,261250000.0,30395000000.0,4328040,1030700.0,754.0,1181555.0,82233.0,5000.0,7.0,2.0,0.0,0.0,0.0,75.0,0.0,0.0,0.0,0.0,0.0,6.0,0.0,3661000000.0,2629290500.0,1179000.0,11.0,2.0,12253.0,728.0,25.0,1086.0,0.0,29000.0,20000000.0,0.0,0.0,28317000000.0,0.0,0.0,0.0,5002.0,0.8595163678236551,7.287363333056072,12.707830796388203,0.0154987714987715,0.0132,0.002099639757171865,0.0018400674691405354,0.0,0.0044994375703037125,0.007625272331154685,0.0006845798391237378,0.0036764705882352936,0.0013881835974880001,0.004496942079386017,0.007957559681697613,0.0,0.0,0.0002762613046461062,0.0008051440305558853,0.002802051450767249,0.06024153323262089,0.003731195566112431,0.048374485741143926,0.14518782902779423,0.05754840341298011,0.0
Mexico,Ciudad de M,North America,North America,Neutral/Other,Non-NATO,2025,32,0.5323,412000,98655,61447766,433,3,33,41,178,0,19658,90,167,0,0,7600000000.0,2873000000000.0,130739927,1964375.0,9330.0,49811912.0,2222579.0,120000.0,176.0,25.0,0.0,0.0,20.0,70.0,0.0,0.0,5.0,1.0,3.0,140.0,0.0,371359000000.0,214317000000.0,60042000.0,674.0,35.0,704884.0,23389.0,1485.0,2900.0,2101000.0,1737000.0,5786000000.0,31422000000.0,90566000000.0,180322000000.0,7453000.0,18423000.0,1211000000.0,4389.0,0.2645318482422555,3.1512944014417266,4.5892636914199905,0.20245700245700246,0.019731,0.0803152545339539,0.03319788392241049,0.0016759776536312849,0.03712035995500563,0.044662309368191724,0.030463802841006332,0.0,0.04994909142873182,0.005396330495263221,0.22148541114058354,0.0,0.0,0.008476110240830585,0.09185082972465694,0.09215933044508096,0.11485032071604759,0.04616983372921615,0.011676799335330567,0.06278396888726204,0.020782838748328574,0.8655214652356509
Moldova,Chisinau,Europe,Europe,Neutral/Other,Non-NATO,2025,48,3.5,8500,67000,2159717,3,0,0,1,2,0,500,87,0,0,0,1710000000.0,38969000000.0,3599528,33851.0,0.0,1792565.0,71991.0,2000.0,0.0,0.0,0.0,0.0,9.0,67.0,11.0,0.0,0.0,0.0,0.0,0.0,0.0,4565500000.0,5453000000.0,1464000.0,75.0,0.0,9352.0,1171.0,11.0,558.0,0.0,22000.0,0.0,10000.0,2344000000.0,0.0,0.0,120000.0,0.0,1885.0,4.388103364212579,2.3614207196054595,0.833442606919574,0.0041769041769041775,0.013399999999999999,0.002717122118734892,0.00023000843364256692,0.0,0.0,0.0010893246187363835,0.0003422899195618689,0.0,0.0010615521627849412,0.005216452812087781,0.0,0.0,0.0,0.001895001709523948,0.0010797603452183946,0.002287085243240377,0.0019378245609027694,0.0,0.26601204569012343,0.047047132416957294,0.0037743098828641546,0.0
Mongolia,Ulan Bator,Asia,Asia,Neutral/Other,Non-NATO,2025,48,3.5,35000,135000,1870555,7,0,0,3,2,420,2560,630,0,0,0,165110000.0,56264000000.0,3281676,1564116.0,0.0,1552233.0,62352.0,50000.0,2.0,0.0,0.0,0.0,0.0,500.0,130.0,0.0,0.0,0.0,0.0,0.0,0.0,19542500000.0,4782000000.0,1403000.0,318.0,0.0,113200.0,1815.0,35.0,580.0,15000.0,36000.0,0.0,0.0,0.0,0.0,28276000.0,6393000.0,2520000000.0,8082.0,0.2934558509881985,10.665282008339641,130.11644050174363,0.0171990171990172,0.027,0.0023386574611198377,0.0005366863451659894,0.0,0.0,0.003267973856209151,0.0003422899195618689,0.06176470588235294,0.006318276815037295,0.03777431346684255,0.0,0.0,0.0,0.0001688406299092947,0.0016337012318626797,0.002062403921594568,0.09143997057351524,0.0,0.013460785216372107,0.21248688585843442,0.5892424544072141,0.0
Montenegro,Podgorica,Europe,Europe,NATO,NATO,2025,48,3.5,2350,0,143964,11,0,0,0,11,0,471,24,14,0,0,148100000.0,17115000000.0,599849,13812.0,294.0,85179.0,3599.0,5500.0,0.0,0.0,0.0,0.0,0.0,12.0,12.0,0.0,0.0,0.0,0.0,2.0,0.0,2958500000.0,1574000000.0,286000.0,18.0,4.0,7762.0,250.0,5.0,0.0,0.0,8000.0,0.0,0.0,0.0,0.0,1734000.0,1517000.0,337000000.0,680.0,0.8653228162430616,3.9176526092399926,41.67715541744672,0.0011547911547911548,0.0,7.883884160470743e-05,0.000843364256689412,0.0,0.0,0.0,0.0018825945575902789,0.0,0.0009875497283600295,0.0014390214654035256,0.01856763925729443,0.0,0.0,0.0001498347460183735,0.0003797994237541446,0.00016669008375364333,0.0007657834412622226,0.0014548693586698338,0.048732618123103755,0.07805230111699324,0.18873825057148053,0.0
Morocco,Rabat,Africa,Africa,Neutral/Other,Non-NATO,2025,48,3.5,195800,150000,17946041,260,83,0,31,78,903,7877,678,111,0,0,13400000000.0,337480000000.0,37387585,715550.0,1835.0,15254135.0,635589.0,50000.0,75.0,4.0,2.0,0.0,396.0,153.0,129.0,0.0,0.0,6.0,1.0,105.0,0.0,45645000000.0,36328000000.0,12284000.0,94.0,12.0,57300.0,2067.0,49.0,0.0,25.0,318000.0,684000.0,82595000.0,243201000.0,1444000000.0,0.0,11940000.0,96000000.0,2363.0,3.9706056655209196,5.237032560407418,34.075482543202504,0.09621621621621622,0.03,0.023378777895290297,0.019934064249022464,0.046368715083798875,0.0,0.03376906318082789,0.013349306862912887,0.1327941176470588,0.019886240395632325,0.040652356397649594,0.14721485411140584,0.0,0.0,0.014956658539910123,0.010640757628425805,0.026170984990933992,0.04180903865431267,0.009080562153602534,0.2402614603933589,0.10433861374036327,0.15431348176633955,0.0
Mozambique,Maputo,Africa,Africa,Neutral/Other,Non-NATO,2025,48,3.5,11200,0,14674420,22,8,0,4,8,30,872,58,33,0,0,412400000.0,50631000000.0,33350954,799380.0,2470.0,7770772.0,533615.0,3000.0,1.0,1.0,0.0,2.0,0.0,52.0,6.0,0.0,0.0,0.0,0.0,33.0,0.0,12100000000.0,3515000000.0,15191000.0,36.0,11.0,31083.0,4787.0,92.0,460.0,0.0,40000.0,0.0,5388000000.0,1347000000.0,2832000000000.0,9015000.0,11000.0,1792000000.0,4783.0,0.814520748158243,0.3358224775219324,2.5486527311932368,0.005503685503685504,0.0,0.019096773615297692,0.001686728513378824,0.004469273743016759,0.0,0.004357298474945534,0.0013691596782474755,0.004411764705882353,0.002010824769890706,0.0034776352080585203,0.04376657824933687,0.0,0.0,0.00044514662799194626,0.001453282092546851,0.023317595400569793,0.0467120880609431,0.012222882026920033,0.04559922842641872,0.006690669069425612,0.011541772776514187,0.0
Myanmar,Rangoon (Yangon),Asia,Asia,Neutral/Other,Non-NATO,2025,48,3.5,150000,20000,30489384,317,58,26,30,83,445,5980,485,232,0,3,2948000000.0,290507000000.0,57527139,676578.0,1930.0,21975367.0,1035489.0,55000.0,119.0,5.0,0.0,9.0,95.0,210.0,180.0,0.0,0.0,6.0,3.0,146.0,2.0,7253400000.0,8590400000.0,22884000.0,101.0,7.0,157000.0,5031.0,73.0,12800.0,7000.0,148000.0,139000000.0,16780000000.0,3788000000.0,637129000000.0,1268000.0,1453000.0,252000000.0,6522.0,1.0147776129318742,2.607464974053377,17.278801228060377,0.07371007371007371,0.004,0.03979591435804539,0.024304224488231236,0.03240223463687151,0.029246344206974133,0.032679738562091505,0.014205031661817559,0.06544117647058822,0.015045460461009647,0.029080225446696247,0.30769230769230765,0.0,0.04285714285714286,0.0032782635706033393,0.009136261226671424,0.040407112528521076,0.03952964414786867,0.009550673000791767,0.057950749150427534,0.051949129135854866,0.078248399707032,0.0
Namibia,Windhoek,Africa,Africa,Neutral/Other,Non-NATO,2025,48,3.5,13000,0,616805,34,11,0,3,7,4,2094,50,15,0,0,370500000.0,29944000000.0,2803660,824292.0,1572.0,400923.0,30840.0,5000.0,14.0,0.0,0.0,2.0,0.0,25.0,25.0,0.0,0.0,0.0,2.0,12.0,0.0,8800000000.0,2956000000.0,989000.0,15.0,2.0,48875.0,2628.0,255.0,0.0,0.0,25000.0,0.0,0.0,0.0,62297000000.0,0.0,32000.0,350000000.0,4220.0,1.237309644670051,4.63679618784018,18.90386138119458,0.0063882063882063885,0.0,0.0006977085657432868,0.0026067622479490917,0.006145251396648044,0.0,0.003267973856209151,0.001198014718466541,0.000588235294117647,0.005129134248071471,0.002997961386257345,0.01989389920424403,0.0,0.0,0.0003983302532106648,0.000790698968984531,0.0017245068290865997,0.048169141225895704,0.007779097387173397,0.07167616627845899,0.09237996534400163,0.08560761142155264,0.0
Nepal,Kathmandu,Asia,Asia,Neutral/Other,Non-NATO,2025,48,3.5,95000,0,15249970,15,0,0,5,10,0,1108,14,0,0,0,409100000.0,144310000000.0,31122387,147181.0,0.0,11733140.0,778060.0,15000.0,0.0,0.0,0.0,0.0,0.0,14.0,0.0,0.0,0.0,0.0,0.0,0.0,0.0,5838500000.0,12456000000.0,8937000.0,0.0,0.0,27990.0,59.0,51.0,0.0,0.0,62000.0,0.0,0.0,0.0,0.0,15000.0,1095000.0,8000000.0,3159.0,0.28348693784214535,3.0524650953026193,0.4819681729425188,0.04668304668304669,0.0,0.019850072228844235,0.0011500421682128345,0.0,0.0,0.0054466230936819175,0.0017114495978093444,0.0,0.0026130514776244707,0.0008394291881520566,0.0,0.0,0.0,0.00044145941947695274,0.004453723163373679,0.02174227928194781,0.008566270096551412,0.0,0.012845918717495745,0.060814969710622536,0.002182630481403345,0.0
Netherlands,Amsterdam,Europe,Europe,NATO,NATO,2025,36,0.6154,41380,6765,7997570,120,32,0,4,63,18,2755,48,64,0,3,27000000000.0,1240000000000.0,17772378,41543.0,451.0,6486918.0,195496.0,5000.0,21.0,0.0,0.0,12.0,46.0,0.0,2.0,0.0,0.0,6.0,0.0,4.0,4.0,4779954300000.0,69830000000.0,9999000.0,1187.0,18.0,139124.0,3055.0,45.0,6237.0,70000.0,872000.0,137747000.0,17774000000.0,33243000000.0,132608000000.0,1825000.0,10610000.0,3247000000.0,1053.0,2.1774193548387095,2.328332201802145,11.36595226592637,0.020334152334152335,0.001353,0.010357894546827163,0.009200337345702676,0.017877094972067038,0.0,0.004357298474945534,0.01078213246619887,0.0026470588235294116,0.0068158793913427355,0.002878042930807051,0.08488063660477453,0.0,0.04285714285714286,0.030152426965338007,0.03954753583103929,0.012305504726168901,0.002387714290543724,0.0022317893903404593,0.1296606183026929,0.04638790220624182,0.05147160177471919,0.8412855809612693
New Zealand,Wellington,Unknown,Unknown,Neutral/Other,Non-NATO,2025,48,3.5,8670,3250,2219321,48,0,0,8,21,0,2114,31,8,0,0,3030000000.0,254770000000.0,5161211,268838.0,15134.0,1775457.0,61935.0,300.0,13.0,6.0,0.0,0.0,0.0,31.0,0.0,0.0,0.0,2.0,0.0,4.0,0.0,209683100000.0,15487000000.0,3068000.0,117.0,22.0,94000.0,4128.0,202.0,0.0,12000.0,154000.0,40993000.0,3770000000.0,3819000000.0,31149000000.0,3036000.0,2441000.0,7575000000.0,0.0,1.1893080032970915,1.6798383170151345,10.850166753500293,0.00426044226044226,0.00065,0.0027951337781247417,0.0036801349382810707,0.0,0.0,0.008714596949891068,0.003594044155399623,0.0,0.005180170409743824,0.0018587360594795538,0.010610079575596816,0.0,0.0,0.0033698851155213603,0.007991642234708036,0.003390998386564286,0.015681745244618184,0.07489113222486145,0.06871550238873542,0.033467808206956925,0.04913582683253921,0.0
Nicaragua,Managua,Unknown,Unknown,Neutral/Other,Non-NATO,2025,48,3.5,45000,0,3271705,17,0,0,5,11,89,1869,0,23,0,0,92000000.0,51088000000.0,6676948,130370.0,910.0,2777610.0,146893.0,5500.0,1.0,0.0,0.0,0.0,0.0,0.0,0.0,0.0,0.0,0.0,0.0,23.0,0.0,9053000000.0,5447000000.0,3264000.0,5.0,5.0,23897.0,0.0,39.0,2220.0,200.0,36000.0,0.0,0.0,0.0,0.0,0.0,0.0,0.0,1253.0,0.18008142812402128,6.739606179350206,19.320204380803926,0.022113022113022116,0.0,0.004172528284455315,0.0013033811239745458,0.0,0.0,0.0054466230936819175,0.0018825945575902789,0.013088235294117645,0.0045549774292575,0.0,0.030503978779840846,0.0,0.0,8.715220126348345e-05,0.0014679193278863386,0.004462433496072651,0.00758302825502852,0.004503167062549485,0.006468033506400191,0.1342747362744448,0.08749305318447717,0.0
Niger,Niamey,Africa,Africa,Neutral/Other,Non-NATO,2025,48,3.5,25000,0,7902835,26,0,2,7,13,0,456,0,0,0,0,336400000.0,44561000000.0,26342784,1267000.0,0.0,5294900.0,447827.0,5000.0,0.0,2.0,0.0,1.0,0.0,0.0,0.0,0.0,0.0,0.0,0.0,0.0,0.0,3844000000.0,1442772000.0,10237000.0,0.0,0.0,18949.0,0.0,26.0,300.0,6000.0,13000.0,150000000.0,29509000.0,29858000.0,0.0,457000.0,457000.0,90000000.0,5834.0,0.7549202217185431,0.9490264962123973,0.9869875560608932,0.012285012285012286,0.0,0.010233902288718691,0.0019934064249022467,0.0,0.0022497187851518562,0.007625272331154685,0.0022248844771521475,0.0,0.0009492726071057649,0.0,0.0,0.0,0.0,0.0003602290985557316,0.0012588662971186456,0.01836370208569839,0.07406224866607872,0.0,0.04192316399629826,0.01890767488563644,0.00446965016688191,0.0
Nigeria,Abuja,Africa,Africa,Neutral/Other,Non-NATO,2025,40,0.7717,230000,0,125475979,163,14,24,23,66,330,8962,416,133,0,0,3160000000.0,1275000000000.0,236747130,923768.0,853.0,90437404.0,4261448.0,50000.0,28.0,11.0,0.0,15.0,40.0,339.0,37.0,0.0,0.0,1.0,0.0,109.0,2.0,32455500000.0,41349000000.0,75721000.0,928.0,28.0,195000.0,3798.0,47.0,8600.0,1541000.0,515000.0,36890000000.0,39951000000.0,20719000000.0,5761000000000.0,3043000.0,3044000.0,2144000000.0,4477.0,0.24784313725490195,0.9715006893642174,2.644171441486957,0.11302211302211303,0.0,0.16411746820915593,0.012497124894579468,0.007821229050279328,0.026996625421822275,0.025054466230936823,0.011295567345541673,0.048529411764705876,0.022654952166357472,0.024943038733661112,0.17639257294429708,0.0,0.0,0.0035151387842938327,0.04066854947848363,0.1670930683923505,0.05398729394895389,0.004221100554235946,0.010647466533929227,0.019355433445726745,0.011974336709851489,0.7957011199253383
North Korea,Pyongyang,Asia,Asia,Neutral/Other,Non-NATO,2025,31,0.5118,1320000,560000,9467520,861,368,114,1,205,4344,18288,3500,207,0,13,4736000000.0,72000000000.0,26298666,120538.0,2495.0,5312331.0,420779.0,100000.0,173.0,0.0,0.0,20.0,1300.0,700.0,1500.0,0.0,0.0,2.0,4.0,155.0,1.0,5500000000.0,5500000000.0,15837000.0,264.0,10.0,25554.0,7435.0,83.0,2250.0,0.0,17000.0,0.0,0.0,0.0,0.0,21747000.0,21747000.0,10600000000.0,1607.0,6.577777777777778,50.19265996229619,205.78990584541435,0.6486486486486487,0.11199999999999999,0.012281813054311719,0.0660124204554167,0.20558659217877093,0.1282339707536558,0.0010893246187363835,0.03508471675509156,0.6388235294117647,0.04645311435417565,0.20985729703801415,0.2745358090185676,0.0,0.18571428571428572,0.0052760601841816525,0.0021377089677536583,0.018332516217595088,0.007007974196028278,0.012346595407759304,0.40106763506307597,1.0,0.931935647370837,0.8715002333177788
North Macedonia,Skopje,Europe,Europe,NATO,NATO,2025,48,3.5,9000,60000,948216,20,0,0,0,10,20,1108,167,0,0,0,388421700.0,42444000000.0,2135622,25713.0,0.0,783773.0,27763.0,3500.0,10.0,0.0,0.0,4.0,0.0,150.0,17.0,0.0,0.0,0.0,0.0,0.0,0.0,11000000000.0,5015000000.0,801000.0,0.0,0.0,14182.0,699.0,13.0,0.0,0.0,22000.0,0.0,0.0,274928000.0,0.0,5075000.0,5776000.0,332000000.0,838.0,0.915139242295731,4.214228922534044,18.729906322373527,0.004422604422604423,0.012,0.0011314700926550619,0.0015333895576171127,0.0,0.0,0.0,0.0017114495978093444,0.0029411764705882353,0.0026130514776244707,0.010013191030099532,0.0,0.0,0.0,0.0004183548122540465,0.0011910609859289408,0.0012522881211671196,0.0014618491813112346,0.0,0.05180521500751587,0.08396105975853234,0.08481984236315379,0.0
Norway,Oslo,Unknown,Unknown,NATO,NATO,2025,33,0.5658,23250,0,2203893,97,0,32,4,33,44,6552,42,43,0,6,9710000000.0,499528000000.0,5509733,323802.0,25148.0,1807192.0,71627.0,40000.0,23.0,5.0,0.0,0.0,42.0,0.0,0.0,0.0,0.0,4.0,6.0,18.0,5.0,716144000000.0,80459000000.0,3009000.0,1720.0,141.0,94902.0,3848.0,145.0,1577.0,2020000.0,229000.0,8122200000.0,123727000000.0,4548000000.0,1544455000000.0,117000.0,1201000.0,2000000.0,2566.0,1.9438349802213288,4.219805206531786,33.39544765599349,0.011425061425061426,0.0,0.0027749411084873584,0.007436939354442997,0.0,0.0359955005624297,0.004357298474945534,0.005647783672770836,0.006470588235294117,0.01650509468483894,0.00251828756445617,0.05702917771883289,0.0,0.08571428571428572,0.010833689018599175,0.01583098675817042,0.0036373595344653233,0.018896479917003182,0.12444576405384007,0.11525351047569013,0.08407215735730338,0.1512338907133073,0.8557512832477836
Oman,Masqat,Middle East,Asia,Neutral/Other,Non-NATO,2025,48,3.5,42600,100000,1482757,128,29,10,9,31,150,4084,164,22,0,0,8200000000.0,185960000000.0,3901992,309500.0,2092.0,1291559.0,50726.0,10000.0,45.0,4.0,0.0,0.0,24.0,140.0,0.0,0.0,0.0,0.0,5.0,12.0,0.0,50897000000.0,17455000000.0,2316000.0,57.0,7.0,60230.0,0.0,36.0,0.0,1056000.0,211000.0,5375000000.0,40754000000.0,27364000000.0,651287000000.0,0.0,31000.0,0.0,1561.0,4.409550440955044,10.917500599693694,76.88380704009644,0.020933660933660933,0.02,0.0018310947893517536,0.009813693168749521,0.016201117318435754,0.011248593925759281,0.009803921568627453,0.005305493753208968,0.022058823529411763,0.010207232334470588,0.009833313346924092,0.029177718832891244,0.0,0.0,0.009146511789011226,0.005787729403832451,0.002500889187435404,0.0180599844784534,0.010352335708630245,0.26733486682363816,0.2175118953228365,0.3481743197845163,0.0
Pakistan,Islamabad,Asia,Asia,Neutral/Other,Non-NATO,2025,7,0.1694,654000,550000,108516336,1399,328,90,64,373,2627,17516,3891,121,0,8,7640000000.0,1347000000000.0,252363571,796095.0,1046.0,85803614.0,4794908.0,500000.0,565.0,27.0,4.0,57.0,662.0,2629.0,600.0,0.0,0.0,9.0,9.0,69.0,3.0,92426000000.0,13730000000.0,80990000.0,60.0,3.0,264175.0,11881.0,116.0,0.0,101000.0,473000.0,540000000.0,36937000000.0,46448000000.0,592219000000.0,12712000.0,34027000.0,3064000000.0,7257.0,0.5671863400148478,2.5914992302910473,16.432641143756836,0.3213759213759214,0.11,0.1419201342535582,0.10726059955531704,0.18324022346368712,0.10123734533183353,0.06971677559912855,0.06383706999828855,0.3863235294117647,0.04448311851362283,0.23330135507854657,0.16047745358090185,0.0,0.11428571428571428,0.008520803677375961,0.04297463469608343,0.178131924851595,0.04651995496657615,0.005176167854315123,0.030344040688425812,0.05163103992172828,0.07441649773543024,0.97136024265049
Panama,Ciudad de Panamá,Unknown,Unknown,Neutral/Other,Non-NATO,2025,48,3.5,0,0,2011608,38,0,0,13,23,0,262,0,30,0,0,917202000.0,159867000000.0,4470241,75420.0,2490.0,1206965.0,53643.0,80000.0,0.0,2.0,0.0,0.0,0.0,0.0,0.0,0.0,0.0,0.0,0.0,27.0,0.0,1115532300000.0,6757000000.0,2096000.0,8174.0,12.0,11978.0,77.0,76.0,800.0,0.0,146000.0,0.0,0.0,389611000.0,0.0,0.0,837000.0,0.0,687.0,0.5737281615342754,0.0,15.211707825148576,0.0,0.0,0.0025232722284494876,0.002913440159472514,0.0,0.0,0.014161220043572986,0.003936334074961492,0.0,0.00045422183888394125,0.0,0.03978779840848806,0.0,0.0,0.0010091800318664202,0.004951997715182013,0.002902569643571936,0.004369112414704749,0.01232185273159145,0.030747529698209895,0.0,0.06888740592696938,0.0
Paraguay,Asunción,South America,South America,Neutral/Other,Non-NATO,2025,48,3.5,15650,168500,3535598,39,0,0,11,14,0,1108,25,72,0,0,17595000000.0,108022000000.0,7522549,406752.0,0.0,3001497.0,150451.0,15000.0,13.0,1.0,0.0,0.0,0.0,25.0,0.0,0.0,0.0,0.0,0.0,63.0,0.0,14370000000.0,9886000000.0,3469000.0,108.0,1.0,78811.0,30.0,83.0,3100.0,2000.0,57000.0,0.0,0.0,0.0,0.0,0.0,1000.0,0.0,4655.0,16.28834866971543,2.0804118391252753,14.75563668644764,0.007690417690417691,0.0337,0.00451792005063486,0.0029901096373533696,0.0,0.0,0.01198257080610022,0.002396029436933082,0.0,0.0026130514776244707,0.0014989806931286725,0.09549071618037135,0.0,0.0,0.019643882697606446,0.00329145621370338,0.005060166875963347,0.023748059879784927,0.0,1.0,0.041448527348182836,0.06682205218599586,0.0
Peru,Lima,South America,South America,Neutral/Other,Non-NATO,2025,44,1.0112,120000,385000,15648120,256,15,22,38,111,240,6560,351,71,0,4,3420000000.0,517644000000.0,32600249,1285216.0,2414.0,12681497.0,619405.0,60000.0,72.0,12.0,0.0,16.0,12.0,290.0,49.0,0.0,0.0,7.0,8.0,13.0,0.0,59400000000.0,71394000000.0,18529000.0,111.0,20.0,18699.0,1855.0,166.0,8808.0,118000.0,210000.0,858890000.0,12270000000.0,7185000000.0,300159000000.0,153000.0,712000.0,1567000000.0,7062.0,0.6606857222338132,3.6809534798338506,17.392505192214944,0.05896805896805897,0.077,0.02037118393587847,0.019627386337499043,0.008379888268156424,0.024746906636670417,0.04139433551198257,0.018997090535683724,0.03529411764705882,0.016525509149507882,0.02104568893152656,0.09416445623342175,0.0,0.05714285714285714,0.0038056461218387776,0.016411223422087614,0.02278694153787232,0.07512766615374637,0.011945764053840064,0.03611093191817225,0.07333648949067285,0.07876331698155864,0.7258516098926738
Philippines,Manila,Asia,Asia,Neutral/Other,Non-NATO,2025,42,0.8273,150000,1200000,50859137,202,0,25,26,122,10,11878,306,113,0,0,4380000000.0,1138000000000.0,118277063,300000.0,36289.0,41751803.0,2128987.0,35000.0,23.0,8.0,0.0,2.0,12.0,294.0,0.0,0.0,0.0,2.0,1.0,58.0,0.0,90200000000.0,103742000000.0,49477000.0,2203.0,70.0,216387.0,77.0,246.0,3219.0,10000.0,453000.0,138500000.0,2251000000.0,2251000000.0,98543000000.0,14483000.0,37130000.0,361000000.0,0.0,0.38488576449912126,1.268208697403993,2.7477855110419847,0.07371007371007371,0.24,0.06645651151413168,0.015487234531932839,0.0,0.028121484814398204,0.028322440087145972,0.020879685093274,0.0014705882352941176,0.03009602453818653,0.018347523683894952,0.14986737400530503,0.0,0.0,0.004878288598927805,0.0362805817727729,0.08334965564356336,0.01750434843690516,0.17957739509105305,0.019100034950961964,0.02526681587221415,0.01244356110932241,0.7794855342977135
Poland,Warszawa,Europe,Europe,NATO,NATO,2025,19,0.2917,202100,350000,18985692,479,59,44,49,216,614,23138,873,62,0,1,48700000000.0,1616000000000.0,38746310,312685.0,440.0,15576017.0,464956.0,50000.0,105.0,11.0,0.0,29.0,677.0,0.0,196.0,0.0,0.0,2.0,2.0,3.0,26.0,386947000000.0,193783000000.0,18387000.0,152.0,10.0,420000.0,19461.0,288.0,3997.0,24000.0,722000.0,113000000.0,5551000000.0,20056000000.0,91492000000.0,116682000.0,123782000.0,28531000000.0,2845.0,3.0136138613861387,5.215980566923663,29.809290226604805,0.09931203931203932,0.06999999999999999,0.0247395070358902,0.03672467990492985,0.0329608938547486,0.049493813273340834,0.05337690631808279,0.03696731131268184,0.09029411764705882,0.05882938355972124,0.052344405804053244,0.08222811671087532,0.0,0.014285714285714285,0.05439861629120456,0.051590425300727126,0.027131432396497592,0.018246268772382994,0.00217735550277118,0.18123574801721182,0.10391918999395156,0.13499369694966576,0.9356917872141858
Portugal,Lisboa,Europe,Europe,NATO,NATO,2025,35,0.6116,24000,211700,5319863,115,28,0,19,31,34,10828,139,194,0,2,4627000000.0,529901000000.0,10639726,92090.0,1793.0,4096295.0,127677.0,24700.0,23.0,14.0,3.0,0.0,24.0,115.0,0.0,0.0,0.0,5.0,2.0,20.0,0.0,399395000000.0,53710000000.0,5140900.0,996.0,18.0,136635.0,3622.0,136.0,764.0,12932.0,191000.0,22440000.0,0.0,4500000000.0,72000000000.0,0.0,0.0,40000000.0,1224.0,0.8731819717267943,2.2556971861869375,32.237672285921654,0.011793611793611793,0.042339999999999996,0.006853224282586239,0.008816989956298399,0.015642458100558657,0.0,0.020697167755991286,0.005305493753208968,0.004999999999999999,0.027416626050388002,0.008334332653795419,0.2572944297082228,0.0,0.02857142857142857,0.005154270569595503,0.016803802401422624,0.007263618319288908,0.0053441074476109785,0.008872723673792557,0.04921735816904556,0.04494077795202279,0.14599081460330407,0.8423938404106392
Qatar,Doha,Middle East,Asia,Neutral/Other,Non-NATO,2025,48,3.5,66550,15000,638022,251,102,6,12,80,99,5024,74,115,0,0,9432000000.0,304973000000.0,2552088,11586.0,563.0,490001.0,12760.0,5500.0,51.0,0.0,0.0,24.0,46.0,12.0,16.0,0.0,0.0,0.0,4.0,105.0,0.0,187000000000.0,51539000000.0,2035000.0,123.0,6.0,7039.0,0.0,8.0,0.0,1815000.0,297000.0,25244000.0,169595000000.0,41515000000.0,23861000000000.0,0.0,0.0,0.0,87.0,3.092732799296987,26.07668701079273,182.20374846008446,0.0327027027027027,0.003,0.0007254780674088535,0.019244038948094764,0.05698324022346368,0.006749156355455569,0.013071895424836603,0.013691596782474755,0.014558823529411763,0.012605931933071177,0.00443698285166087,0.15251989389920423,0.0,0.0,0.010523069634608811,0.00959959218164085,0.0015466771176200075,0.0006355891435268138,0.002786025336500396,0.18611567661477613,0.5195318803661942,0.8251238931130775,0.0
Republic of the Congo,Unknown,Africa,Africa,Neutral/Other,Non-NATO,2025,48,3.5,8500,0,2256136,13,2,0,4,7,30,644,70,4,0,0,306400000.0,38163000000.0,6097665,342000.0,169.0,1353682.0,115856.0,2500.0,0.0,0.0,0.0,1.0,2.0,38.0,30.0,0.0,0.0,0.0,0.0,0.0,0.0,5741000000.0,715391000.0,2461000.0,11.0,5.0,23324.0,510.0,56.0,1120.0,267000.0,12000.0,2885000000.0,423000000.0,423000000.0,283990000000.0,0.0,0.0,0.0,5008.0,0.802871891622776,1.3939762187657079,7.707868503763325,0.0041769041769041775,0.0,0.0028433184509728273,0.0009967032124511234,0.0011173184357541898,0.0,0.004357298474945534,0.001198014718466541,0.004411764705882353,0.0014290125268258825,0.004197145940760283,0.005305039787798408,0.0,0.0,0.0003267090211466995,0.001053945002365819,0.004052953391977194,0.019960844620592118,0.0008363024544734759,0.044880745726355135,0.02777251135550173,0.03490568400036043,0.0
Romania,Bucuresti,Europe,Europe,NATO,NATO,2025,46,1.1154,81300,55000,9437041,140,21,0,14,65,328,10774,963,20,0,0,9700000000.0,772107000000.0,18148155,238391.0,225.0,7731114.0,199630.0,15000.0,44.0,2.0,0.0,0.0,0.0,720.0,243.0,0.0,0.0,3.0,7.0,3.0,5.0,132000000000.0,73000000000.0,8282000.0,127.0,11.0,84185.0,10628.0,82.0,1731.0,67000.0,221000.0,600000000.0,9501000000.0,10055000000.0,105480000000.0,18160000.0,19404000.0,291000000.0,2844.0,1.2563025591012644,4.479794227016465,26.889785766101294,0.03995085995085995,0.011,0.012241921144934106,0.01073372690331979,0.011731843575418994,0.0,0.01525054466230937,0.01112442238576074,0.04823529411764706,0.027278828413872646,0.05774073629931646,0.02652519893899204,0.0,0.0,0.010822515659462831,0.024561409015505634,0.012571131725539983,0.013900960975458258,0.0011134204275534442,0.07284761863526903,0.08925197888260165,0.12177249317767319,0.6954619692020532
Russia,Moscow,Asia,Asia,Neutral/Other,Non-NATO,2025,2,0.0714,1320000,2000000,69002197,4292,833,689,456,1651,5750,131527,16678,419,1,63,126000000000.0,5816000000000.0,140820810,17098242.0,37653.0,46189226.0,1267387.0,250000.0,611.0,141.0,19.0,557.0,5168.0,8505.0,3005.0,0.0,10.0,12.0,83.0,123.0,47.0,317650500000.0,597217000000.0,72408000.0,2910.0,67.0,1283387.0,85494.0,904.0,102000.0,10727000.0,3684000.0,80000000000.0,617830000000.0,472239000000.0,47805000000000.0,508190000.0,310958000.0,162166000000.0,22407.0,2.1664374140302614,9.3736145957405,74.28589567124348,0.6486486486486487,0.39999999999999997,0.0902027402405528,0.3290653990646324,0.4653631284916201,0.7750281214848145,0.4967320261437909,0.28256032859832275,0.8455882352941175,0.33541730993495444,1.0,0.5557029177718833,0.09090909090909091,0.9,0.14076868241514393,0.18611206299404873,0.09928524475676301,1.0,0.18632719714964371,0.12898326988999945,0.18675269656523064,0.33640947542347793,0.9999416705552964
Saudi Arabia,Riyadh,Middle East,Asia,Neutral/Other,Non-NATO,2025,21,0.3097,257000,0,19003104,917,283,81,49,264,840,19040,1120,32,0,0,74760000000.0,1831000000000.0,36544431,2149690.0,2640.0,17468238.0,621255.0,150000.0,202.0,16.0,22.0,34.0,332.0,467.0,321.0,0.0,0.0,7.0,9.0,9.0,3.0,225610000000.0,457949000000.0,16934000.0,433.0,16.0,221372.0,5410.0,86.0,0.0,11113000.0,3649000.0,258600000000.0,121870000000.0,121870000000.0,9423000000000.0,0.0,164000.0,0.0,4272.0,4.083014746040415,7.032535271926932,48.954107398744284,0.1262899262899263,0.0,0.02476229642944258,0.07030591121674462,0.15810055865921788,0.09111361079865017,0.05337690631808279,0.04518226938216669,0.12352941176470587,0.04837207403305612,0.06715433505216453,0.042440318302387266,0.0,0.0,0.08351639020051711,0.05847665199217097,0.02557498133177517,0.12568902524652253,0.013064133016627079,0.24719467134306983,0.14011083049214057,0.22169249547342093,0.930442137190854
Senegal,Dakar,Africa,Africa,Neutral/Other,Non-NATO,2025,48,3.5,17000,0,7162057,40,0,0,5,20,0,1740,26,4,0,0,465150000.0,77382000000.0,18847519,196722.0,531.0,4089912.0,395798.0,0.0,23.0,1.0,0.0,5.0,0.0,20.0,6.0,0.0,0.0,0.0,0.0,4.0,0.0,11326000000.0,889295000.0,5257000.0,36.0,6.0,16665.0,906.0,19.0,1000.0,9000.0,55000.0,0.0,54646000.0,54498000.0,0.0,0.0,502000.0,0.0,2684.0,0.6011087849887571,0.9019754801679732,2.3345247721994604,0.008353808353808355,0.0,0.009264347879291571,0.0030667791152342253,0.0,0.0,0.0054466230936819175,0.003422899195618689,0.0,0.004225794186470824,0.0015589399208538195,0.005305039787798408,0.0,0.0,0.0005040860974361611,0.002310088837769243,0.013065493969073133,0.011463824321218927,0.0026276722090261286,0.03243632243156564,0.017970266585702388,0.010572077604803666,0.0
Serbia,Belgrade,Europe,Europe,Neutral/Other,Non-NATO,2025,48,3.5,25000,2000,3259584,110,11,17,3,46,262,3683,338,20,0,0,2287461000.0,162213000000.0,6652212,77474.0,0.0,2574406.0,79827.0,600000.0,33.0,0.0,0.0,4.0,90.0,150.0,98.0,0.0,0.0,0.0,0.0,7.0,5.0,35200000000.0,27569000000.0,3333000.0,0.0,0.0,44248.0,3333.0,43.0,587.0,13000.0,82000.0,77500000.0,353376000.0,2939000000.0,48139000000.0,35129000.0,38297000.0,7514000000.0,2322.0,1.410158865195761,3.758148417398604,58.92776718481011,0.012285012285012286,0.00039999999999999996,0.004156663924287132,0.00843364256689412,0.006145251396648044,0.01912260967379078,0.003267973856209151,0.007872668149922985,0.03852941176470588,0.009183957292939911,0.02026621897109965,0.02652519893899204,0.0,0.0,0.002540219623547184,0.00502713765852214,0.004444948260264064,0.004489246775687916,0.0,0.08233722767011423,0.07487446212696551,0.26685899210599057,0.0
Sierra Leone,Freetown,Africa,Africa,Neutral/Other,Non-NATO,2025,48,3.5,13000,0,2006631,1,0,0,0,1,0,150,0,7,0,0,228600000.0,14633000000.0,9121049,71740.0,402.0,1203978.0,45605.0,0.0,0.0,0.0,0.0,0.0,0.0,0.0,0.0,0.0,0.0,0.0,0.0,7.0,0.0,2687000000.0,495699000.0,2913000.0,584.0,3.0,11701.0,0.0,8.0,800.0,0.0,9000.0,0.0,0.0,0.0,0.0,0.0,0.0,0.0,1093.0,1.5622223740859702,1.42527465864946,0.877092097630437,0.0063882063882063885,0.0,0.0025167581685074823,7.666947788085564e-05,0.0,0.0,0.0,0.00017114495978093444,0.0,0.00016841933351876472,0.0,0.009283819628647215,0.0,0.0,0.00023978028706594294,0.0003003035416696627,0.006190105000155816,0.004153876558610273,0.001989311163895487,0.09171625986232415,0.02839607742885315,0.0039719800077224286,0.0
Singapore,Singapore,Asia,Asia,Neutral/Other,Non-NATO,2025,28,0.4613,51000,252500,3918498,230,100,0,9,70,170,8998,161,50,0,6,15000000000.0,754758000000.0,6028459,719.0,193.0,2628408.0,66313.0,12000.0,36.0,9.0,11.0,18.0,48.0,89.0,24.0,0.0,0.0,6.0,6.0,12.0,4.0,1713410600000.0,359835000000.0,3619000.0,3202.0,5.0,3500.0,0.0,9.0,0.0,0.0,1470000.0,0.0,0.0,13724000000.0,0.0,0.0,784000.0,0.0,0.0,1.987391985245602,8.459873410435403,74.64594185678297,0.02506142506142506,0.050499999999999996,0.005019072060237796,0.017633979912596798,0.055865921787709494,0.0,0.009803921568627453,0.011980147184665411,0.024999999999999998,0.022746817257367706,0.00965343566374865,0.0663129973474801,0.0,0.08571428571428572,0.01674439600172517,0.02400573856494815,0.00400403346840956,0.0,0.0009550673000791767,0.11794003635754297,0.16854801910857695,0.3380399726707831,0.8862284181054597
Slovakia,Bratislava,Europe,Europe,NATO,NATO,2025,48,3.5,19500,0,2837461,41,2,0,7,22,45,3074,69,0,0,0,2656000000.0,213053000000.0,5563649,49035.0,0.0,2353424.0,61200.0,0.0,9.0,1.0,0.0,0.0,35.0,9.0,25.0,0.0,0.0,0.0,0.0,0.0,0.0,127600000000.0,11288000000.0,2823000.0,0.0,0.0,56926.0,3627.0,114.0,172.0,7000.0,94000.0,9000000.0,52556000.0,60424000.0,14158000000.0,2343000.0,5794000.0,19000000.0,1587.0,1.2466381604577266,3.5048940003224502,15.457481232191318,0.009582309582309583,0.0,0.003604175572890892,0.003143448593115081,0.0011173184357541898,0.0,0.007625272331154685,0.0037651891151805577,0.0066176470588235285,0.007629906170016766,0.004137186713035136,0.0,0.0,0.0,0.0029520014838220936,0.006655490053838442,0.0036754713542363343,0.0028259064193099787,0.0,0.07225153410021115,0.0698288156665788,0.07000040997961211,0.0
Slovenia,Ljubljana,Europe,Europe,NATO,NATO,2025,48,3.5,7300,26000,1006989,39,0,0,4,16,54,1428,18,2,0,0,886860000.0,102036000000.0,2097893,20273.0,47.0,826570.0,22867.0,5000.0,23.0,0.0,0.0,0.0,0.0,18.0,0.0,0.0,0.0,0.0,0.0,2.0,0.0,55000000000.0,2370000000.0,1055000.0,8.0,2.0,38985.0,1207.0,42.0,710.0,0.0,45000.0,0.0,3863000.0,840902000.0,0.0,2358000.0,2553000.0,95000000.0,1211.0,0.8691638245325181,3.4796817568865523,45.28352971290719,0.0035872235872235875,0.0052,0.001208394112138983,0.0029901096373533696,0.0,0.0,0.004357298474945534,0.002738319356494951,0.007941176470588234,0.0034296300643821176,0.0010792660990526443,0.002652519893899204,0.0,0.0,0.0009752778255749254,0.003099730851029041,0.0012256184711904804,0.0011436744375193997,0.00023258115597783057,0.04896952532497141,0.06932650629594897,0.20506999799074485,0.0
Somalia,Mogadishu,Africa,Africa,Neutral/Other,Non-NATO,2025,48,3.5,15000,0,2993973,0,0,0,0,0,0,682,0,10,0,0,171002350.0,26351000000.0,13017273,637657.0,3025.0,1796384.0,130173.0,2000.0,0.0,0.0,0.0,0.0,0.0,0.0,0.0,0.0,0.0,0.0,0.0,10.0,0.0,5830000000.0,16747500.0,3277000.0,4.0,6.0,15000.0,0.0,38.0,0.0,0.0,6000.0,0.0,0.0,0.0,5663000000.0,0.0,0.0,0.0,2385.0,0.6489406474137603,1.152315081661113,0.7682100544407419,0.007371007371007371,0.0,0.0038090235836690974,0.0,0.0,0.0,0.0,0.0,0.0,0.001525981234003353,0.0,0.01326259946949602,0.0,0.0,0.00017542436417999837,0.00067561891083403,0.008944244529710826,0.03725323252964771,0.01496931908155186,0.035386514629362195,0.022957840499521466,0.0034788991785622693,0.0
South Africa,Pretoria,Africa,Africa,Neutral/Other,Non-NATO,2025,30,0.4885,71235,29350,27803618,182,2,0,12,87,252,18692,284,49,0,3,2266800000.0,862981000000.0,60442647,1219090.0,2798.0,14989776.0,1027525.0,50000.0,81.0,0.0,0.0,10.0,49.0,134.0,101.0,0.0,0.0,4.0,0.0,33.0,2.0,58773000000.0,62492000000.0,25158000.0,110.0,8.0,750000.0,20986.0,575.0,0.0,95000.0,601000.0,15000000.0,59128000.0,4487000000.0,0.0,245467000.0,176148000.0,9893000000.0,5244.0,0.2626709046896745,1.1785552674422086,7.991046454335463,0.035004914004914005,0.005869999999999999,0.03628069621173241,0.013953844974315725,0.0011173184357541898,0.0,0.013071895424836603,0.014889611500941296,0.03705882352941176,0.047484044819957175,0.01702842067394172,0.0649867374005305,0.0,0.04285714285714286,0.002517134346235584,0.027472008849730136,0.04246800939470071,0.07126008837654438,0.013846001583531276,0.01156201933574405,0.02348062980379039,0.036188077447227705,0.8782956136257583
South Korea,Seoul,Asia,Asia,Neutral/Other,Non-NATO,2025,6,0.1505,600000,3100000,26040900,1592,315,98,41,807,2236,58880,8096,227,0,22,46300000000.0,2615000000000.0,52081799,99720.0,2413.0,21353538.0,416654.0,120000.0,318.0,36.0,4.0,111.0,3270.0,4400.0,426.0,2.0,13.0,17.0,5.0,35.0,14.0,503519500000.0,420930000000.0,29611000.0,2149.0,15.0,100428.0,3979.0,89.0,1600.0,38000.0,2452000.0,0.0,55127000.0,59480000000.0,7079000000.0,15595000.0,136413000.0,326000000.0,237.0,1.7705544933078392,11.520339379981863,77.85829364304408,0.29484029484029484,0.62,0.033973593396210686,0.12205780878632218,0.1759776536312849,0.11023622047244096,0.044662309368191724,0.1381139825432141,0.3288235294117647,0.1500361080843832,0.4854299076627893,0.3010610079575597,0.0,0.3142857142857143,0.05171701009848199,0.08358735769492433,0.03655794314147683,0.0057903709209807756,0.011940815518606493,0.10456584926818216,0.22952239209150763,0.35258735840971694,0.9768723751749884
South Sudan,Juba,Africa,Africa,Neutral/Other,Non-NATO,2025,48,3.5,185000,0,6351857,20,0,0,5,15,30,1950,39,0,0,0,175300000.0,20010000000.0,12703714,644329.0,0.0,4065188.0,330297.0,0.0,0.0,0.0,0.0,6.0,24.0,0.0,15.0,0.0,0.0,0.0,0.0,0.0,0.0,2475000000.0,183615000.0,4471000.0,0.0,0.0,90200.0,248.0,82.0,0.0,146000.0,14000.0,3750000000.0,0.0,0.0,0.0,0.0,0.0,0.0,6018.0,0.8760619690154922,14.562670412762756,3.935856868314258,0.09090909090909091,0.0,0.008203931691826701,0.0015333895576171127,0.0,0.0,0.0054466230936819175,0.002567174396714017,0.004411764705882353,0.0047616738840305295,0.002338409881280729,0.0,0.0,0.0,0.00018022628286922925,0.00047252326687846993,0.008722597818241532,0.0376434644948277,0.0,0.04939499176096587,0.29013545852524986,0.017823834961500553,0.0
Spain,Madrid,Europe,Europe,NATO,NATO,2025,20,0.2965,133282,15150,21748999,461,137,12,51,153,317,17626,382,152,1,2,23397000000.0,2242000000000.0,47280433,505370.0,4964.0,17635602.0,330963.0,78470.0,140.0,8.0,0.0,17.0,95.0,287.0,0.0,0.0,0.0,11.0,0.0,22.0,6.0,2572738300000.0,103089000000.0,24108000.0,503.0,52.0,683175.0,15489.0,363.0,1000.0,47000.0,1269000.0,150000000.0,41009000.0,32833000000.0,2549000000.0,1293000.0,8255000.0,1187000000.0,1953.0,1.0435771632471007,2.8189674151249844,19.669870620685728,0.0654948402948403,0.0030299999999999997,0.028356213372270095,0.03534462930307445,0.076536312849162,0.013498312710911137,0.05555555555555556,0.02618517884648297,0.04661764705882353,0.04476381740282077,0.022904424991006117,0.2015915119363395,0.09090909090909091,0.02857142857142857,0.026126665668513252,0.07164055510930316,0.03316398224588628,0.029516029895090654,0.024564528899445767,0.05972705900608596,0.05616294129943584,0.08907654403787578,0.9342918805412973
Sri Lanka,"Colombo, Sri Jayawardenepura Kotte",Asia,Asia,Neutral/Other,Non-NATO,2025,48,3.5,346000,90000,10551652,85,5,0,14,55,44,3190,124,270,0,0,1265400000.0,287132000000.0,21982608,65610.0,1340.0,8551235.0,307757.0,0.0,8.0,3.0,0.0,9.0,0.0,96.0,28.0,0.0,0.0,5.0,0.0,59.0,0.0,46409500000.0,3450700000.0,8707000.0,96.0,6.0,114093.0,1562.0,18.0,160.0,0.0,121000.0,0.0,0.0,0.0,0.0,0.0,2084000.0,0.0,0.0,0.4407032305699121,15.739715687965687,18.150712599706093,0.17002457002457003,0.018,0.013700760378612713,0.0065169056198727295,0.0027932960893854745,0.0,0.01525054466230937,0.009412972787951394,0.006470588235294117,0.007925915907716411,0.007434944237918215,0.35809018567639256,0.0,0.0,0.0013982341623220923,0.009028163482096434,0.015281606939881044,0.0037953450918007245,0.006631037212984957,0.022542766313576473,0.31358600440361345,0.08219691839285631,0.0
Sudan,Khartum,Africa,Africa,Neutral/Other,Non-NATO,2025,48,3.5,92000,85000,26747657,165,37,27,13,64,224,2900,579,6,0,0,342000000.0,136039000000.0,50467278,1861484.0,853.0,17108407.0,1312149.0,17500.0,15.0,0.0,0.0,35.0,100.0,287.0,192.0,0.0,0.0,0.0,0.0,6.0,0.0,37846000000.0,206763700.0,13590000.0,14.0,4.0,31000.0,7251.0,41.0,4068.0,68000.0,127000.0,1250000000.0,0.0,0.0,84951000000.0,0.0,0.0,0.0,6819.0,0.2513984960195238,1.8229633862955716,7.826853669421203,0.04520884520884521,0.016999999999999998,0.034898620011125654,0.01265046385034118,0.020670391061452513,0.03037120359955006,0.014161220043572986,0.010953277425979804,0.03294117647058823,0.007185891563467294,0.03471639285286005,0.007957559681697613,0.0,0.0,0.0003664861796720843,0.004188811624001902,0.035416680188577646,0.1088324314580539,0.004221100554235946,0.01086675533340261,0.0363193221412244,0.035444517608011705,0.0
Suriname,Paramaribo,South America,South America,Neutral/Other,Non-NATO,2025,48,3.5,2000,0,142287,3,0,0,0,3,0,650,0,17,0,0,144000000.0,11824000000.0,646758,163820.0,386.0,84079.0,3234.0,200.0,0.0,0.0,0.0,0.0,0.0,0.0,0.0,0.0,0.0,0.0,0.0,17.0,0.0,2200000000.0,1346000000.0,250000.0,13.0,4.0,4304.0,0.0,55.0,1200.0,14000.0,15000.0,89000000.0,7109000.0,6967000.0,0.0,0.0,0.0,0.0,1907.0,1.2178619756427604,3.092346751025886,30.92346751025886,0.0009828009828009828,0.0,7.664392930357366e-05,0.00023000843364256692,0.0,0.0,0.0,0.0005134348793428033,0.0,0.0014443233753275884,0.0,0.022546419098143235,0.0,0.0,0.00014525366877247243,0.000210334189221915,0.0001998488372523888,0.009539452001322063,0.0019101346001583533,0.07047666539095748,0.061609541182890096,0.14003933572316327,0.0
Sweden,Stockholm,Europe,Europe,NATO,NATO,2025,29,0.4709,24400,32900,4235934,169,71,0,6,53,110,6795,26,308,0,4,13000000000.0,676353000000.0,10589835,450295.0,3218.0,3558185.0,105898.0,25000.0,33.0,5.0,1.0,0.0,26.0,0.0,0.0,0.0,0.0,0.0,7.0,179.0,8.0,1002448700000.0,60863000000.0,5825000.0,361.0,92.0,573134.0,10910.0,203.0,2052.0,11000.0,283000.0,0.0,0.0,889924000.0,0.0,1115000.0,3396000.0,5000000.0,2211.0,1.9220732369043976,2.304096333889999,55.4305142620258,0.01199017199017199,0.00658,0.005434542651306789,0.012957141761864603,0.03966480446927374,0.0,0.006535947712418302,0.009070682868389525,0.016176470588235292,0.01712518404915803,0.0015589399208538195,0.4084880636604774,0.0,0.05714285714285714,0.014509724174456362,0.021494507849866035,0.007228351667456511,0.026294803054220193,0.015924386381631038,0.11391128121491809,0.045905045391513306,0.2510214093381419,0.8834286047596828
Switzerland,Bern,Europe,Europe,Neutral/Other,Non-NATO,2025,38,0.7387,101584,49715,3898653,146,43,0,16,40,205,6996,133,0,0,0,25039000000.0,733779000000.0,8860574,41277.0,0.0,3163225.0,97466.0,5000.0,44.0,3.0,0.0,0.0,133.0,0.0,0.0,0.0,0.0,0.0,0.0,0.0,0.0,2200000000000.0,863892000000.0,4991000.0,17.0,0.0,71557.0,5296.0,62.0,1292.0,300.0,193000.0,0.0,0.0,3138000000.0,0.0,0.0,161000.0,0.0,1770.0,3.412335321670421,11.464720005724235,39.613686427087,0.04991842751842752,0.009942999999999999,0.004993098276924737,0.011193743770604923,0.024022346368715083,0.0,0.017429193899782137,0.006845798391237378,0.03014705882352941,0.017638097473965178,0.007974577287444537,0.0,0.0,0.0,0.027961331238700943,0.02333380298467001,0.006005981989271216,0.0023721564813803733,0.0,0.20582824518516332,0.2284142744045907,0.1793936702264899,0.8053254783014465
Syria,Damascus,Middle East,Asia,Neutral/Other,Non-NATO,2025,48,3.5,170000,50000,15273871,207,104,9,3,77,365,11148,935,27,0,0,291850000.0,55935900000.0,23865423,187437.0,193.0,13245310.0,668232.0,50000.0,15.0,1.0,0.0,14.0,90.0,641.0,204.0,0.0,0.0,0.0,0.0,16.0,4.0,4309500000.0,341962500.0,6315000.0,24.0,3.0,69873.0,2052.0,39.0,900.0,75000.0,138000.0,2500000000.0,3085000000.0,3084000000.0,240693000000.0,0.0,47000.0,0.0,2363.0,0.5217579407857923,7.123276214295468,25.09907324919403,0.08353808353808354,0.01,0.01988135463725771,0.015870581921337116,0.05810055865921787,0.010123734533183354,0.003267973856209151,0.013178161903131952,0.05367647058823529,0.028233204637145647,0.05606187792301235,0.03580901856763925,0.0,0.0,0.00031045178360331895,0.001623192529641923,0.016612519951642972,0.010920763200610988,0.0009550673000791767,0.027542090227598917,0.1419186833223492,0.1136631118071767,0.0
Taiwan,Unknown,Asia,Asia,Neutral/Other,Non-NATO,2025,22,0.3639,215000,2310000,12269542,761,285,0,19,236,888,19921,2082,97,0,4,19740000000.0,1257300000000.0,23595274,35980.0,1566.0,1061787.0,306739.0,55000.0,232.0,18.0,0.0,91.0,488.0,1360.0,234.0,0.0,4.0,22.0,7.0,37.0,14.0,209000000000.0,492635000000.0,11498000.0,465.0,8.0,43206.0,1613.0,53.0,0.0,800.0,1022000.0,2380000.0,63747000.0,21157000000.0,6230000000.0,5608000.0,66855000.0,1000000.0,0.0,1.5700310188499167,9.111994206975515,73.9978692343221,0.10565110565110565,0.46199999999999997,0.015949190845514747,0.05834547266733114,0.15921787709497207,0.0,0.020697167755991286,0.04039021050830053,0.13058823529411764,0.05062021695472327,0.12483511212375584,0.1286472148541114,0.0,0.05714285714285714,0.02204056823235224,0.040101636862490346,0.01642155864146939,0.002062345522213949,0.007749406175771972,0.09219788448846286,0.18154037291150296,0.335105125227828,0.9146348576761549
Tajikistan,Dushanbe,Asia,Asia,Neutral/Other,Non-NATO,2025,48,3.5,9500,600000,4781269,25,0,0,1,20,38,1240,36,0,0,0,446000000.0,46467000000.0,10394063,144100.0,0.0,3773045.0,176699.0,20000.0,4.0,0.0,0.0,6.0,3.0,13.0,20.0,0.0,0.0,0.0,0.0,0.0,0.0,7150000000.0,2748900000.0,2677000.0,0.0,0.0,30000.0,680.0,19.0,200.0,300.0,28000.0,12000000.0,18476000.0,85567000.0,5663000000.0,2175000.0,2245000.0,4075000000.0,4130.0,0.9598209481997978,0.913983299889562,6.061152409793936,0.004668304668304668,0.12,0.006148294887286986,0.0019167369470213908,0.0,0.0,0.0010893246187363835,0.003422899195618689,0.0055882352941176465,0.002949890144662,0.0021585321981052886,0.0,0.0,0.0,0.00048268911469006226,0.0013199134974623294,0.007089965526418407,0.008386068555076662,0.0,0.054561110627284005,0.018209501161646536,0.027448401667853183,0.0
Tanzania,Dodoma,Africa,Africa,Neutral/Other,Non-NATO,2025,48,3.5,27000,80000,12143182,39,14,0,6,12,62,1072,0,12,0,0,1406745334.0,234050000000.0,67462121,947300.0,1424.0,6678750.0,607159.0,6500.0,7.0,0.0,0.0,0.0,0.0,0.0,0.0,0.0,0.0,0.0,0.0,10.0,0.0,18983500000.0,5693050000.0,31219000.0,381.0,8.0,145203.0,4097.0,206.0,0.0,0.0,58000.0,0.0,1808000000.0,1808000000.0,6513000000.0,2511000.0,802000.0,1410000000.0,4161.0,0.6010447912839137,0.40022459418374945,1.675014042324581,0.013267813267813268,0.016,0.015783806755847923,0.0029901096373533696,0.007821229050279328,0.0,0.006535947712418302,0.0020537395173712133,0.009117647058823529,0.0025211863866142353,0.0,0.015915119363395226,0.0,0.0,0.001556164380224942,0.0073280021554209835,0.04742989321351698,0.055363633667871066,0.0070467141726049095,0.03243237540297078,0.007973767369260582,0.007585431799855139,0.0
Thailand,Bangkok,Asia,Asia,Neutral/Other,Non-NATO,2025,23,0.3738,360850,200000,36358919,493,72,20,54,258,635,16935,665,293,0,0,5887883500.0,1516000000000.0,69920998,513120.0,3219.0,27968399.0,1118736.0,25000.0,135.0,26.0,0.0,7.0,50.0,589.0,26.0,1.0,0.0,7.0,6.0,49.0,5.0,102694000000.0,224470000000.0,40814000.0,884.0,21.0,180053.0,4127.0,108.0,4000.0,386000.0,1248000.0,252750000.0,30797000000.0,48898000000.0,138243000000.0,13642000.0,36030000.0,1063000000.0,5673.0,0.3883828166226913,5.160824506538079,20.322936466095634,0.17732186732186733,0.04,0.04747815322115526,0.03779805259526183,0.04022346368715084,0.022497187851518562,0.05882352941176471,0.044155399623481084,0.09338235294117646,0.043000518017040974,0.039872886437222685,0.3885941644562334,0.0,0.0,0.006563100987054546,0.04838752916517185,0.04916800948814946,0.02996931192898527,0.01592933491686461,0.019315727490770977,0.10282030301671193,0.09203400368060016,0.9117475501633224
Tunisia,Tunis,Africa,Africa,Neutral/Other,Non-NATO,2025,48,3.5,89800,0,6024424,154,10,0,11,101,90,7913,85,58,0,0,1400000000.0,153637000000.0,12048847,163610.0,1148.0,5181004.0,204830.0,12000.0,28.0,4.0,0.0,0.0,0.0,85.0,0.0,0.0,0.0,0.0,0.0,51.0,0.0,27084500000.0,9240000000.0,4445000.0,72.0,16.0,20000.0,2173.0,14.0,0.0,35000.0,108000.0,425000000.0,1323000000.0,5153000000.0,65129000000.0,0.0,2000.0,0.0,1495.0,0.9112388291882814,7.452995294902491,25.06463896503956,0.04412776412776413,0.0,0.007775376701071103,0.011807099593651768,0.005586592178770949,0.0,0.01198257080610022,0.01728564093787438,0.013235294117647057,0.01997810548664256,0.005096534356637487,0.07692307692307691,0.0,0.0,0.001548627576297283,0.004752457285936919,0.008259689348066023,0.009527169520403628,0.005680918448139351,0.05156464381219971,0.14848775300016068,0.11350717346431476,0.0
Turkiye,Unknown,Middle East,Asia,NATO,NATO,2025,48,3.5,355200,378700,42985080,1083,201,0,84,508,2238,61173,3041,182,0,13,47000000000.0,2936000000000.0,84119531,783562.0,7200.0,36087279.0,1430032.0,150000.0,287.0,28.0,7.0,111.0,1038.0,1707.0,296.0,1.0,0.0,17.0,9.0,41.0,11.0,294441000000.0,140858000000.0,35071000.0,1170.0,54.0,67333.0,11497.0,115.0,1200.0,83000.0,1077000.0,366000000.0,379701000.0,2887000000.0,3794000000.0,88746000.0,123976000.0,11525000000.0,2816.0,1.6008174386920981,4.222562772015455,41.643123283699715,0.17454545454545456,0.07574,0.05615068887302939,0.08303304454496666,0.11229050279329608,0.0,0.09150326797385622,0.0869416395687147,0.3291176470588235,0.15588740402011844,0.18233601151217171,0.24137931034482757,0.0,0.18571428571428572,0.05249914523802607,0.09386865429005677,0.05920458361658541,0.045786924807763085,0.035629453681710214,0.09409674125488923,0.08412709697368832,0.18858413339812047,0.0
Turkmenistan,Ashgabat,Asia,Asia,Neutral/Other,Non-NATO,2025,48,3.5,36500,0,2768681,91,24,27,5,26,654,5016,687,16,0,0,1078020000.0,94790000000.0,5744151,488100.0,1768.0,2245963.0,109139.0,3500.0,9.0,0.0,0.0,10.0,73.0,450.0,164.0,0.0,0.0,0.0,0.0,16.0,0.0,2134500000.0,23415400000.0,2163000.0,73.0,0.0,58592.0,5113.0,23.0,1300.0,272000.0,152000.0,600000000.0,86472000000.0,41561000000.0,11327000000000.0,0.0,0.0,800000000.0,4158.0,1.1372718641206878,6.3542897810311745,132.4825896812253,0.017936117936117938,0.0,0.003514154065394183,0.006976922487157863,0.013407821229050279,0.03037120359955006,0.0054466230936819175,0.004449768954304295,0.09617647058823528,0.012585517468402235,0.04119198944717592,0.021220159151193633,0.0,0.0,0.0011888677588252777,0.0028676489970467056,0.0038030635289582537,0.028505942059560325,0.008749010292953286,0.0655059971757117,0.12659798834738786,0.5999577456081958,0.0
Uganda,Kampala,Africa,Africa,Neutral/Other,Non-NATO,2025,48,3.5,45000,0,16756234,51,6,0,0,30,259,3862,44,0,0,0,985400000.0,135668000000.0,49283041,241038.0,0.0,9905891.0,985661.0,10000.0,12.0,0.0,0.0,6.0,6.0,26.0,12.0,0.0,0.0,0.0,0.0,0.0,0.0,11818000000.0,3506500000.0,18881000.0,0.0,0.0,20544.0,1244.0,39.0,0.0,0.0,43000.0,2500000000.0,0.0,0.0,14158000000.0,0.0,0.0,800000000.0,2729.0,0.7263319279417402,0.9130930049547876,6.290196256355204,0.022113022113022116,0.0,0.021821519684035035,0.003910143371923637,0.0033519553072625698,0.0,0.0,0.005134348793428034,0.038088235294117645,0.00964073093990747,0.0026382060199064633,0.0,0.0,0.0,0.0010853801065044593,0.004176928879338991,0.034579573817367565,0.01405577872303491,0.0,0.04015988410350964,0.01819176360927447,0.028485644600369633,0.0
Ukraine,Kyiv,Europe,Europe,Neutral/Other,Non-NATO,2025,14,0.2516,900000,1200000,18187531,324,70,36,24,136,1114,18920,1552,89,0,0,53700000000.0,559981000000.0,35661826,603550.0,2782.0,12731272.0,392280.0,100000.0,73.0,3.0,0.0,39.0,658.0,615.0,279.0,0.0,0.0,0.0,0.0,33.0,3.0,132000000000.0,40510000000.0,20312000.0,410.0,26.0,169694.0,21733.0,148.0,1672.0,3000.0,248000.0,395000000.0,18725000000.0,22856000000.0,1104000000000.0,4248000.0,10953000.0,34375000000.0,5581.0,9.589611076090081,25.237070025522527,42.818895476636555,0.44226044226044225,0.24,0.0236948478843188,0.024840910833397227,0.03910614525139664,0.040494938132733416,0.026143790849673207,0.023275714530207083,0.1638235294117647,0.048065857063022,0.09305672142942799,0.11803713527851459,0.0,0.0,0.05998529585937657,0.01776723355899765,0.0249510907855738,0.03525838216448078,0.013766825019794142,0.5868326596149966,0.502803996530173,0.19390870952484424,0.947386840877275
United Arab Emirates,Abu Dhabi,Middle East,Asia,Neutral/Other,Non-NATO,2025,48,3.5,65000,130000,5818684,551,99,16,37,247,354,8707,313,181,0,0,2212360382.0,719733000000.0,10032213,83600.0,1318.0,4945881.0,80258.0,12000.0,147.0,27.0,4.0,30.0,165.0,99.0,49.0,0.0,0.0,0.0,11.0,34.0,2.0,264000000000.0,189491000000.0,6668000.0,655.0,20.0,4080.0,0.0,42.0,0.0,4146000.0,939000.0,97800000000.0,56683000000.0,66091000000.0,6091000000.0,0.0,3273000.0,0.0,1066.0,0.30738626435080785,6.479128782453084,108.25129011913921,0.03194103194103194,0.026,0.007506097478152043,0.042244882312351455,0.0553072625698324,0.01799775028121485,0.040305010893246195,0.04227280506589081,0.05205882352941176,0.02200424110503497,0.018767238277970978,0.24005305039787797,0.0,0.0,0.002456307005919646,0.022883924193469914,0.006834183161551942,0.004847544290479971,0.0065221694378463976,0.014319990665018156,0.1290851847126669,0.49022441465953126,0.0
United Kingdom,London,Europe,Europe,NATO,NATO,2025,5,0.1435,184860,924000,31491165,631,113,31,29,266,227,38200,226,109,2,9,71500540000.0,3700000000000.0,68459055,243610.0,12429.0,25192932.0,753050.0,0.0,203.0,28.0,9.0,37.0,71.0,126.0,29.0,0.0,6.0,8.0,0.0,26.0,7.0,9593749000000.0,177915000000.0,35275000.0,868.0,185.0,394428.0,16390.0,1043.0,3200.0,753000.0,1397000.0,2500000000.0,37758000000.0,70141000000.0,180661000000.0,1891000.0,8568000.0,26000000.0,443.0,1.932447027027027,2.700300201339326,14.125231497863941,0.09084029484029485,0.1848,0.041107078007384744,0.04837844054281991,0.06312849162011172,0.03487064116985377,0.03159041394335512,0.045524559301728565,0.03338235294117647,0.09726471691517023,0.0135507854658832,0.1445623342175066,0.18181818181818182,0.12857142857142856,0.07987447848346232,0.11833878076569908,0.048134599959781414,0.01420620987028355,0.06150534441805226,0.11455111987328825,0.05379870688996643,0.06396721309602611,0.9789139057396175
United States,Washington,North America,North America,NATO,NATO,2025,1,0.0712,1328000,799500,150463900,13043,1790,889,918,5843,4640,391963,2524,440,11,70,895000000000.0,24662000000000.0,341963408,9833517.0,19924.0,124816644.0,4445524.0,0.0,2647.0,647.0,605.0,1002.0,671.0,1212.0,641.0,9.0,81.0,0.0,26.0,0.0,8.0,22303546100000.0,773426000000.0,170549000.0,3533.0,666.0,6586610.0,293564.0,15873.0,41009.0,20879000.0,20245000.0,38212000000.0,1029000000000.0,914301000000.0,13402000000000.0,548849000.0,476044000.0,248941000000.0,12002.0,3.629064958235342,3.8834564428016227,52.99689842838389,0.6525798525798526,0.1599,0.1968224742811053,1.0,0.9999999999999999,1.0,1.0,1.0,0.6823529411764705,1.0,0.15133709077827076,0.583554376657825,1.0,1.0,1.0,0.7897298687007961,0.24146772200375707,0.5751007324277323,0.09859461599366588,0.2191957799289261,0.07737100296574846,0.2400005901290566,1.0
Uruguay,Montevideo,South America,South America,Neutral/Other,Non-NATO,2025,48,3.5,25000,0,1575652,43,0,6,6,12,31,3042,80,14,0,0,772400000.0,105096000000.0,3425330,176215.0,660.0,1322177.0,54805.0,5000.0,12.0,5.0,2.0,0.0,6.0,70.0,4.0,0.0,0.0,0.0,0.0,2.0,2.0,49500000000.0,16257000000.0,1775000.0,58.0,8.0,77732.0,1673.0,64.0,1600.0,400.0,52000.0,0.0,0.0,86037000.0,0.0,0.0,18000.0,0.0,1591.0,0.7349470959884297,7.298566853412663,25.690955324012577,0.012285012285012286,0.0,0.0019526787954422858,0.0032967875488767923,0.0,0.006749156355455569,0.006535947712418302,0.0020537395173712133,0.0045588235294117645,0.007548248311341,0.004796738218011752,0.01856763925729443,0.0,0.0,0.0008473875569003314,0.0031977394727770326,0.0021639492023532454,0.010264410815531583,0.0032660332541567696,0.040691253786091,0.14541103936103833,0.11634349597032202,0.0
Uzbekistan,Toskent,Asia,Asia,Neutral/Other,Non-NATO,2025,48,3.5,48000,0,18990708,192,58,13,13,101,340,2970,491,0,0,0,2803500000.0,319174000000.0,36520593,447400.0,420.0,15959499.0,730412.0,20000.0,7.0,0.0,0.0,34.0,147.0,236.0,108.0,0.0,0.0,0.0,0.0,0.0,0.0,19652500000.0,34558000000.0,14270000.0,0.0,0.0,86496.0,4642.0,74.0,1100.0,64000.0,91000.0,594000000.0,47500000000.0,43227000000.0,1841000000000.0,5356000.0,7396000.0,1375000000.0,6893.0,0.8783610193812779,1.3143269606821553,14.567123814227221,0.023587223587223587,0.0,0.024746072140304325,0.014720539753124283,0.03240223463687151,0.014623172103487066,0.014161220043572986,0.01728564093787438,0.049999999999999996,0.0073645181293205296,0.029439980813047127,0.0,0.0,0.0,0.003116808531083168,0.010054435461851056,0.025558130868838354,0.026125480281558915,0.0020783847980997625,0.04953679348282266,0.026185640722556917,0.06596835693360364,0.0
Venezuela,Caracas,South America,South America,Neutral/Other,Non-NATO,2025,43,0.9447,109000,8000,15625153,229,30,0,49,88,172,8802,184,34,0,1,4093120000.0,295974800000.0,31250306,912050.0,2800.0,12812625.0,625006.0,220000.0,75.0,3.0,1.0,10.0,48.0,100.0,36.0,0.0,0.0,1.0,0.0,25.0,0.0,110330000000.0,10095500000.0,11548000.0,272.0,31.0,96189.0,447.0,502.0,7100.0,761000.0,367000.0,303806000000.0,17696000000.0,17696000000.0,5674000000000.0,197000.0,82000.0,730999000.0,5267.0,1.3829285466195096,3.4879658458384375,13.919863696694682,0.053562653562653564,0.0015999999999999999,0.020341123977130622,0.01755731043471594,0.01675977653631285,0.0,0.05337690631808279,0.015060756460722231,0.02529411764705882,0.022246662872978648,0.011032497901427029,0.04509283819628647,0.0,0.014285714285714285,0.0045577472720243675,0.009311389181571317,0.021832701899970067,0.05330193151370523,0.013855898653998418,0.08065770549944545,0.06949155212053981,0.06303718898262005,0.7452461502566495
Vietnam,Hanoi,Asia,Asia,Neutral/Other,Non-NATO,2025,18,0.2855,600000,5000000,54994667,246,41,32,9,101,1374,11912,1049,110,0,9,8594000000.0,1354000000000.0,105758975,331210.0,3444.0,45053323.0,1797903.0,250000.0,60.0,3.0,0.0,0.0,40.0,535.0,474.0,0.0,0.0,9.0,16.0,35.0,8.0,110000000000.0,97955500000.0,56149000.0,1973.0,16.0,195468.0,2600.0,42.0,47130.0,187000.0,494000.0,4400000000.0,7676000000.0,7676000000.0,699426000000.0,43614000.0,83116000.0,3360000000.0,4616.0,0.6347119645494831,5.673277374331588,16.357949762656077,0.29484029484029484,1.0,0.07186922807269326,0.018860691558690485,0.02290502793296089,0.0359955005624297,0.009803921568627453,0.01728564093787438,0.20205882352941174,0.03018278601302953,0.0628972298836791,0.14588859416445624,0.0,0.12857142857142856,0.009586742138983181,0.043198837425572297,0.07450094443105397,0.019329759053402066,0.017042755344418053,0.034508912398486705,0.11303002029765408,0.07407825198759727,0.9375000000000001
Yemen,Sanaa,Middle East,Asia,Neutral/Other,Non-NATO,2025,48,3.5,66700,0,12213368,84,27,12,2,30,0,550,25,33,0,0,810375000.0,67003300000.0,32140443,527968.0,1906.0,9031464.0,610668.0,20000.0,15.0,0.0,0.0,7.0,0.0,15.0,10.0,0.0,0.0,0.0,1.0,12.0,1.0,6343500000.0,923361750.0,6883000.0,30.0,10.0,71300.0,0.0,36.0,0.0,15000.0,60000.0,3000000000.0,189432000.0,189432000.0,478555000000.0,0.0,165000.0,0.0,1601.0,1.2094553551839984,2.0752669774962342,3.6402734088014905,0.03277641277641278,0.0,0.015875668482006167,0.006440236141991873,0.015083798882681562,0.013498312710911137,0.002178649237472767,0.005134348793428034,0.0,0.0011891425669658237,0.0014989806931286725,0.04376657824933687,0.0,0.0,0.0008898183882205979,0.001977669856548368,0.022461916621305263,0.030837741817922985,0.009431908155186065,0.06995815858754453,0.04134602507727498,0.016485262199335694,0.0
Zambia,Lusaka,Africa,Africa,Neutral/Other,Non-NATO,2025,48,3.5,15150,0,7279691,77,0,0,13,32,35,424,67,0,0,0,394240000.0,76493000000.0,20799116,752618.0,0.0,4139024.0,374384.0,1200.0,34.0,0.0,0.0,0.0,12.0,30.0,25.0,0.0,0.0,0.0,0.0,0.0,0.0,13200000000.0,2861000000.0,7051000.0,2.0,0.0,67671.0,3126.0,119.0,0.0,0.0,34000.0,0.0,0.0,0.0,0.0,831000.0,823000.0,944999000.0,6043.0,0.5153935654242872,0.7283963414598966,5.384844240495606,0.007444717444717445,0.0,0.009418311095529836,0.005903549796825884,0.0,0.0,0.014161220043572986,0.005476638712989902,0.005147058823529412,0.0008676147484300001,0.004017268257584842,0.0,0.0,0.0,0.0004248558078003455,0.0022816150911241567,0.014445027189817364,0.04397707200042953,0.0,0.02714954581089759,0.01451200916642104,0.024385687347692715,0.0
Zimbabwe,Harare,Africa,Africa,Neutral/Other,Non-NATO,2025,48,3.5,29000,0,6517134,95,13,0,14,28,15,828,0,0,0,0,530800000.0,58583000000.0,17150352,390757.0,0.0,3721626.0,360157.0,21800.0,40.0,0.0,0.0,6.0,0.0,0.0,0.0,0.0,0.0,0.0,0.0,0.0,0.0,11000000000.0,115530000.0,6561000.0,0.0,0.0,97267.0,3427.0,144.0,0.0,800.0,29000.0,0.0,0.0,0.0,0.0,3877000.0,4479000.0,502000000.0,3229.0,0.9060648993735383,1.6909273932103552,6.413862525970313,0.014250614250614252,0.0,0.008420251620505585,0.007283600398681285,0.007262569832402234,0.0,0.01525054466230937,0.004792058873866164,0.0022058823529411764,0.0018985452142115296,0.0,0.0,0.0,0.0,0.0005774392001662597,0.0017079763932462068,0.011865810705750417,0.02281254424983081,0.0,0.051245524158530883,0.033688738442643786,0.029045676952579688,0.0
