Country,region,continent,alliance,metric,value
United States,Northern America,North America,NATO,Rank,1
Russia,Eastern Europe,Europe,Non-NATO,Rank,2
China,Asia-Pacific,Asia,Non-NATO,Rank,3
India,Asia-Pacific,Asia,Non-NATO,Rank,4
South Korea,Asia-Pacific,Asia,Non-NATO,Rank,5
United Kingdom,Northern Europe,Europe,NATO,Rank,6
France,Western Europe,Europe,NATO,Rank,7
Japan,Asia-Pacific,Asia,Non-NATO,Rank,8
Turkiye,Middle East,Asia,NATO,Rank,9
Italy,Southern Europe,Europe,NATO,Rank,10
Brazil,Latin America,South America,Non-NATO,Rank,11
Pakistan,Asia-Pacific,Asia,Non-NATO,Rank,12
Indonesia,Southeast Asia,Asia,Non-NATO,Rank,13
Germany,Central Europe,Europe,NATO,Rank,14
Israel,Middle East,Asia,Non-NATO,Rank,15
Iran,Middle East,Asia,Non-NATO,Rank,16
Spain,Southern Europe,Europe,NATO,Rank,17
Australia,Asia-Pacific,Oceania,Non-NATO,Rank,18
Egypt,Africa,Africa,Non-NATO,Rank,19
Ukraine,Eastern Europe,Europe,Non-NATO,Rank,20
Poland,Eastern Europe,Europe,NATO,Rank,21
Taiwan,Asia-Pacific,Asia,Non-NATO,Rank,22
Vietnam,Southeast Asia,Asia,Non-NATO,Rank,23
Saudi Arabia,Middle East,Asia,Non-NATO,Rank,24
Thailand,Southeast Asia,Asia,Non-NATO,Rank,25
Algeria,Africa,Africa,Non-NATO,Rank,26
Sweden,Scandinavia,Europe,NATO,Rank,27
Canada,Northern America,North America,NATO,Rank,28
Singapore,Southeast Asia,Asia,Non-NATO,Rank,29
Greece,Southern Europe,Europe,NATO,Rank,30
Nigeria,Africa,Africa,Non-NATO,Rank,31
Mexico,Mexico,North America,Non-NATO,Rank,32
Argentina,Latin America,South America,Non-NATO,Rank,33
North Korea,Asia-Pacific,Asia,Non-NATO,Rank,34
Bangladesh,Asia-Pacific,Asia,Non-NATO,Rank,35
Netherlands,Western Europe,Europe,NATO,Rank,36
Myanmar,Southeast Asia,Asia,Non-NATO,Rank,37
Norway,Scandinavia,Europe,NATO,Rank,38
Portugal,Southern Europe,Europe,NATO,Rank,39
South Africa,Africa,Africa,Non-NATO,Rank,40
Philippines,Southeast Asia,Asia,Non-NATO,Rank,41
Malaysia,Southeast Asia,Asia,Non-NATO,Rank,42
Iraq,Middle East,Asia,Non-NATO,Rank,43
Switzerland,Central Europe,Europe,Non-NATO,Rank,44
Denmark,Scandinavia,Europe,NATO,Rank,45
Colombia,Latin America,South America,Non-NATO,Rank,46
Chile,Latin America,South America,Non-NATO,Rank,47
Finland,Scandinavia,Europe,NATO,Rank,48
Peru,Latin America,South America,Non-NATO,Rank,49
Venezuela,Latin America,South America,Non-NATO,Rank,50
Romania,Eastern Europe,Europe,Non-NATO,Rank,51
Ethiopia,Africa,Africa,Non-NATO,Rank,52
Czechia,Eastern Europe,Europe,NATO,Rank,53
United Arab Emirates,Middle East,Asia,Non-NATO,Rank,54
Hungary,Eastern Europe,Europe,NATO,Rank,55
Angola,Africa,Africa,Non-NATO,Rank,56
Kazakhstan,Asia,Asia,Non-NATO,Rank,57
Uzbekistan,Asia,Asia,Non-NATO,Rank,58
Morocco,Africa,Africa,Non-NATO,Rank,59
Azerbaijan,Asia,Asia,Non-NATO,Rank,60
Belgium,Western Europe,Europe,NATO,Rank,61
Bulgaria,Eastern Europe,Europe,NATO,Rank,62
Serbia,Balkans,Europe,Non-NATO,Rank,63
Syria,Middle East,Asia,Non-NATO,Rank,64
Ecuador,Latin America,South America,Non-NATO,Rank,65
Democratic Republic of the Congo,Africa,Africa,Non-NATO,Rank,66
Cuba,Central America,North America,Non-NATO,Rank,67
Austria,Central Europe,Europe,Non-NATO,Rank,68
Sri Lanka,Asia-Pacific,Asia,Non-NATO,Rank,69
Belarus,Eastern Europe,Europe,Non-NATO,Rank,70
Slovakia,Eastern Europe,Europe,NATO,Rank,71
Qatar,Middle East,Asia,Non-NATO,Rank,72
Sudan,Africa,Africa,Non-NATO,Rank,73
Croatia,Balkans,Europe,NATO,Rank,74
Jordan,Middle East,Asia,Non-NATO,Rank,75
Libya,Africa,Africa,Non-NATO,Rank,76
Turkmenistan,Asia,Asia,Non-NATO,Rank,77
Albania,Balkans,Europe,NATO,Rank,78
Kuwait,Gulf Powers,Asia,Non-NATO,Rank,79
Bolivia,Latin America,South America,Non-NATO,Rank,80
Bahrain,Gulf Powers,Asia,Non-NATO,Rank,81
Oman,Gulf Powers,Asia,Non-NATO,Rank,82
Kenya,Africa,Africa,Non-NATO,Rank,83
Chad,Africa,Africa,Non-NATO,Rank,84
Yemen,Middle East,Asia,Non-NATO,Rank,85
New Zealand,Asia-Pacific,Oceania,Non-NATO,Rank,86
Paraguay,Latin America,South America,Non-NATO,Rank,87
Lithuania,Northern Europe,Europe,NATO,Rank,88
Mozambique,Africa,Africa,Non-NATO,Rank,89
Tunisia,Africa,Africa,Non-NATO,Rank,90
Armenia,Asia,Asia,Non-NATO,Rank,91
Tanzania,Africa,Africa,Non-NATO,Rank,92
Cameroon,Africa,Africa,Non-NATO,Rank,93
Georgia,Asia,Asia,Non-NATO,Rank,94
Cambodia,Southeast Asia,Asia,Non-NATO,Rank,95
Slovenia,Balkans,Europe,NATO,Rank,96
Ireland,Northern Europe,Europe,Non-NATO,Rank,97
Mongolia,Asia-Pacific,Asia,Non-NATO,Rank,98
Latvia,Northern Europe,Europe,NATO,Rank,99
Uruguay,Latin America,South America,Non-NATO,Rank,100
Honduras,Central America,North America,Non-NATO,Rank,101
Ivory Coast,Africa,Africa,Non-NATO,Rank,102
Guatemala,Central America,North America,Non-NATO,Rank,103
Mali,Africa,Africa,Non-NATO,Rank,104
Kyrgyzstan,Asia,Asia,Non-NATO,Rank,105
Laos,Southeast Asia,Asia,Non-NATO,Rank,106
Estonia,Northern Europe,Europe,NATO,Rank,107
Tajikistan,Asia,Asia,Non-NATO,Rank,108
Zambia,Africa,Africa,Non-NATO,Rank,109
Ghana,Africa,Africa,Non-NATO,Rank,110
Zimbabwe,Africa,Africa,Non-NATO,Rank,111
North Macedonia,Balkans,Europe,Non-NATO,Rank,112
South Sudan,Africa,Africa,Non-NATO,Rank,113
Uganda,Africa,Africa,Non-NATO,Rank,114
Lebanon,Middle East,Asia,Non-NATO,Rank,115
Namibia,Africa,Africa,Non-NATO,Rank,116
Luxembourg,Western Europe,Europe,NATO,Rank,117
Afghanistan,Asia,Asia,Non-NATO,Rank,118
Niger,Africa,Africa,Non-NATO,Rank,119
Eritrea,Africa,Africa,Non-NATO,Rank,120
Republic of the Congo,Africa,Africa,Non-NATO,Rank,121
Botswana,Africa,Africa,Non-NATO,Rank,122
Mauritania,Africa,Africa,Non-NATO,Rank,123
Dominican Republic,Central America,North America,Non-NATO,Rank,124
Senegal,Africa,Africa,Non-NATO,Rank,125
Nepal,Asia-Pacific,Asia,Non-NATO,Rank,126
Montenegro,Balkans,Europe,NATO,Rank,127
El Salvador,Central America,North America,Non-NATO,Rank,128
Burkina Faso,Africa,Africa,Non-NATO,Rank,129
Madagascar,Africa,Africa,Non-NATO,Rank,130
Nicaragua,Central America,North America,Non-NATO,Rank,131
Bosnia and Herzegovina,Balkans,Europe,Non-NATO,Rank,132
Gabon,Africa,Africa,Non-NATO,Rank,133
Moldova,Eastern Europe,Europe,Non-NATO,Rank,134
Iceland,Scandinavia,Europe,NATO,Rank,135
Panama,Central America,North America,Non-NATO,Rank,136
Beliz,Central America,North America,Non-NATO,Rank,137
Liberia,Africa,Africa,Non-NATO,Rank,138
Suriname,Northern South America,South America,Non-NATO,Rank,139
Sierra Leone,Africa,Africa,Non-NATO,Rank,140
Kosovo,Southern Europe,Europe,Non-NATO,Rank,141
Somalia,Africa,Africa,Non-NATO,Rank,142
Central African Republic,Africa,Africa,Non-NATO,Rank,143
Benin,Africa,Africa,Non-NATO,Rank,144
Bhutan,Asia,Asia,Non-NATO,Rank,145
United States,Northern America,North America,NATO,population,341963408
Russia,Eastern Europe,Europe,Non-NATO,population,140820810
China,Asia-Pacific,Asia,Non-NATO,population,1415043270
India,Asia-Pacific,Asia,Non-NATO,population,1409128296
South Korea,Asia-Pacific,Asia,Non-NATO,population,52081799
United Kingdom,Northern Europe,Europe,NATO,population,68459055
France,Western Europe,Europe,NATO,population,68374591
Japan,Asia-Pacific,Asia,Non-NATO,population,123201945
Turkiye,Middle East,Asia,NATO,population,84119531
Italy,Southern Europe,Europe,NATO,population,60964931
Brazil,Latin America,South America,Non-NATO,population,220051512
Pakistan,Asia-Pacific,Asia,Non-NATO,population,252363571
Indonesia,Southeast Asia,Asia,Non-NATO,population,281562465
Germany,Central Europe,Europe,NATO,population,84119100
Israel,Middle East,Asia,Non-NATO,population,9402617
Iran,Middle East,Asia,Non-NATO,population,88386937
Spain,Southern Europe,Europe,NATO,population,47280433
Australia,Asia-Pacific,Oceania,Non-NATO,population,26768598
Egypt,Africa,Africa,Non-NATO,population,111247248
Ukraine,Eastern Europe,Europe,Non-NATO,population,35661826
Poland,Eastern Europe,Europe,NATO,population,38746310
Taiwan,Asia-Pacific,Asia,Non-NATO,population,23595274
Vietnam,Southeast Asia,Asia,Non-NATO,population,105758975
Saudi Arabia,Middle East,Asia,Non-NATO,population,36544431
Thailand,Southeast Asia,Asia,Non-NATO,population,69920998
Algeria,Africa,Africa,Non-NATO,population,47022473
Sweden,Scandinavia,Europe,NATO,population,10589835
Canada,Northern America,North America,NATO,population,38794813
Singapore,Southeast Asia,Asia,Non-NATO,population,6028459
Greece,Southern Europe,Europe,NATO,population,10461091
Nigeria,Africa,Africa,Non-NATO,population,236747130
Mexico,Mexico,North America,Non-NATO,population,130739927
Argentina,Latin America,South America,Non-NATO,population,46994384
North Korea,Asia-Pacific,Asia,Non-NATO,population,26298666
Bangladesh,Asia-Pacific,Asia,Non-NATO,population,168697184
Netherlands,Western Europe,Europe,NATO,population,17772378
Myanmar,Southeast Asia,Asia,Non-NATO,population,57527139
Norway,Scandinavia,Europe,NATO,population,5509733
Portugal,Southern Europe,Europe,NATO,population,10639726
South Africa,Africa,Africa,Non-NATO,population,60442647
Philippines,Southeast Asia,Asia,Non-NATO,population,118277063
Malaysia,Southeast Asia,Asia,Non-NATO,population,34564810
Iraq,Middle East,Asia,Non-NATO,population,42083436
Switzerland,Central Europe,Europe,Non-NATO,population,8860574
Denmark,Scandinavia,Europe,NATO,population,5973136
Colombia,Latin America,South America,Non-NATO,population,49588357
Chile,Latin America,South America,Non-NATO,population,18664652
Finland,Scandinavia,Europe,NATO,population,5626414
Peru,Latin America,South America,Non-NATO,population,32600249
Venezuela,Latin America,South America,Non-NATO,population,31250306
Romania,Eastern Europe,Europe,Non-NATO,population,18148155
Ethiopia,Africa,Africa,Non-NATO,population,118550298
Czechia,Eastern Europe,Europe,NATO,population,10837890
United Arab Emirates,Middle East,Asia,Non-NATO,population,10032213
Hungary,Eastern Europe,Europe,NATO,population,9855745
Angola,Africa,Africa,Non-NATO,population,37202061
Kazakhstan,Asia,Asia,Non-NATO,population,20260006
Uzbekistan,Asia,Asia,Non-NATO,population,36520593
Morocco,Africa,Africa,Non-NATO,population,37387585
Azerbaijan,Asia,Asia,Non-NATO,population,10650239
Belgium,Western Europe,Europe,NATO,population,11977634
Bulgaria,Eastern Europe,Europe,NATO,population,6782659
Serbia,Balkans,Europe,Non-NATO,population,6652212
Syria,Middle East,Asia,Non-NATO,population,23865423
Ecuador,Latin America,South America,Non-NATO,population,18309984
Democratic Republic of the Congo,Africa,Africa,Non-NATO,population,115403027
Cuba,Central America,North America,Non-NATO,population,10966038
Austria,Central Europe,Europe,Non-NATO,population,8967982
Sri Lanka,Asia-Pacific,Asia,Non-NATO,population,21982608
Belarus,Eastern Europe,Europe,Non-NATO,population,9501451
Slovakia,Eastern Europe,Europe,NATO,population,5563649
Qatar,Middle East,Asia,Non-NATO,population,2552088
Sudan,Africa,Africa,Non-NATO,population,50467278
Croatia,Balkans,Europe,NATO,population,4150116
Jordan,Middle East,Asia,Non-NATO,population,11174024
Libya,Africa,Africa,Non-NATO,population,7361263
Turkmenistan,Asia,Asia,Non-NATO,population,5744151
Albania,Balkans,Europe,NATO,population,3107100
Kuwait,Gulf Powers,Asia,Non-NATO,population,3138355
Bolivia,Latin America,South America,Non-NATO,population,12311974
Bahrain,Gulf Powers,Asia,Non-NATO,population,1566888
Oman,Gulf Powers,Asia,Non-NATO,population,3901992
Kenya,Africa,Africa,Non-NATO,population,58246378
Chad,Africa,Africa,Non-NATO,population,19093595
Yemen,Middle East,Asia,Non-NATO,population,32140443
New Zealand,Asia-Pacific,Oceania,Non-NATO,population,5161211
Paraguay,Latin America,South America,Non-NATO,population,7522549
Lithuania,Northern Europe,Europe,NATO,population,2628186
Mozambique,Africa,Africa,Non-NATO,population,33350954
Tunisia,Africa,Africa,Non-NATO,population,12048847
Armenia,Asia,Asia,Non-NATO,population,2976765
Tanzania,Africa,Africa,Non-NATO,population,67462121
Cameroon,Africa,Africa,Non-NATO,population,30966105
Georgia,Asia,Asia,Non-NATO,population,4900961
Cambodia,Southeast Asia,Asia,Non-NATO,population,17063669
Slovenia,Balkans,Europe,NATO,population,2097893
Ireland,Northern Europe,Europe,Non-NATO,population,5233461
Mongolia,Asia-Pacific,Asia,Non-NATO,population,3281676
Latvia,Northern Europe,Europe,NATO,population,1801246
Uruguay,Latin America,South America,Non-NATO,population,3425330
Honduras,Central America,North America,Non-NATO,population,9529188
Ivory Coast,Africa,Africa,Non-NATO,population,29981758
Guatemala,Central America,North America,Non-NATO,population,18255216
Mali,Africa,Africa,Non-NATO,population,21990607
Kyrgyzstan,Asia,Asia,Non-NATO,population,6172101
Laos,Southeast Asia,Asia,Non-NATO,population,7953556
Estonia,Northern Europe,Europe,NATO,population,1193791
Tajikistan,Asia,Asia,Non-NATO,population,10394063
Zambia,Africa,Africa,Non-NATO,population,20799116
Ghana,Africa,Africa,Non-NATO,population,34589092
Zimbabwe,Africa,Africa,Non-NATO,population,17150352
North Macedonia,Balkans,Europe,Non-NATO,population,2135622
South Sudan,Africa,Africa,Non-NATO,population,12703714
Uganda,Africa,Africa,Non-NATO,population,49283041
Lebanon,Middle East,Asia,Non-NATO,population,5364482
Namibia,Africa,Africa,Non-NATO,population,2803660
Luxembourg,Western Europe,Europe,NATO,population,671254
Afghanistan,Asia,Asia,Non-NATO,population,40121552
Niger,Africa,Africa,Non-NATO,population,26342784
Eritrea,Africa,Africa,Non-NATO,population,6343956
Republic of the Congo,Africa,Africa,Non-NATO,population,6097665
Botswana,Africa,Africa,Non-NATO,population,2450668
Mauritania,Africa,Africa,Non-NATO,population,4328040
Dominican Republic,Central America,North America,Non-NATO,population,10815857
Senegal,Africa,Africa,Non-NATO,population,18847519
Nepal,Asia-Pacific,Asia,Non-NATO,population,31122387
Montenegro,Balkans,Europe,NATO,population,599849
El Salvador,Central America,North America,Non-NATO,population,6628702
Burkina Faso,Africa,Africa,Non-NATO,population,23042199
Madagascar,Africa,Africa,Non-NATO,population,29452714
Nicaragua,Central America,North America,Non-NATO,population,6676948
Bosnia and Herzegovina,Balkans,Europe,Non-NATO,population,3798671
Gabon,Africa,Africa,Non-NATO,population,2455105
Moldova,Eastern Europe,Europe,Non-NATO,population,3599528
Iceland,Scandinavia,Europe,NATO,population,364036
Panama,Central America,North America,Non-NATO,population,4470241
Beliz,Central America,North America,Non-NATO,population,415789
Liberia,Africa,Africa,Non-NATO,population,5437249
Suriname,Northern South America,South America,Non-NATO,population,646758
Sierra Leone,Africa,Africa,Non-NATO,population,9121049
Kosovo,Southern Europe,Europe,Non-NATO,population,1977093
Somalia,Africa,Africa,Non-NATO,population,13017273
Central African Republic,Africa,Africa,Non-NATO,population,5650957
Benin,Africa,Africa,Non-NATO,population,14697052
Bhutan,Asia,Asia,Non-NATO,population,884546
United States,Northern America,North America,NATO,available_military_manpower,150463900
Russia,Eastern Europe,Europe,Non-NATO,available_military_manpower,69002197
China,Asia-Pacific,Asia,Non-NATO,available_military_manpower,764123366
India,Asia-Pacific,Asia,Non-NATO,available_military_manpower,662290299
South Korea,Asia-Pacific,Asia,Non-NATO,available_military_manpower,26040900
United Kingdom,Northern Europe,Europe,NATO,available_military_manpower,31491165
France,Western Europe,Europe,NATO,available_military_manpower,30084820
Japan,Asia-Pacific,Asia,Non-NATO,available_military_manpower,52976836
Turkiye,Middle East,Asia,NATO,available_military_manpower,42985080
Italy,Southern Europe,Europe,NATO,available_military_manpower,27434219
Brazil,Latin America,South America,Non-NATO,available_military_manpower,112226271
Pakistan,Asia-Pacific,Asia,Non-NATO,available_military_manpower,108516336
Indonesia,Southeast Asia,Asia,Non-NATO,available_military_manpower,137965608
Germany,Central Europe,Europe,NATO,available_military_manpower,38694786
Israel,Middle East,Asia,Non-NATO,available_military_manpower,3949099
Iran,Middle East,Asia,Non-NATO,available_military_manpower,49496685
Spain,Southern Europe,Europe,NATO,available_military_manpower,21748999
Australia,Asia-Pacific,Oceania,Non-NATO,available_military_manpower,11242811
Egypt,Africa,Africa,Non-NATO,available_military_manpower,45611372
Ukraine,Eastern Europe,Europe,Non-NATO,available_military_manpower,18187531
Poland,Eastern Europe,Europe,NATO,available_military_manpower,18985692
Taiwan,Asia-Pacific,Asia,Non-NATO,available_military_manpower,12269542
Vietnam,Southeast Asia,Asia,Non-NATO,available_military_manpower,54994667
Saudi Arabia,Middle East,Asia,Non-NATO,available_military_manpower,19003104
Thailand,Southeast Asia,Asia,Non-NATO,available_military_manpower,36358919
Algeria,Africa,Africa,Non-NATO,available_military_manpower,22570787
Sweden,Scandinavia,Europe,NATO,available_military_manpower,4235934
Canada,Northern America,North America,NATO,available_military_manpower,16681770
Singapore,Southeast Asia,Asia,Non-NATO,available_military_manpower,3918498
Greece,Southern Europe,Europe,NATO,available_military_manpower,4916713
Nigeria,Africa,Africa,Non-NATO,available_military_manpower,125475979
Mexico,Mexico,North America,Non-NATO,available_military_manpower,61447766
Argentina,Latin America,South America,Non-NATO,available_military_manpower,20677529
North Korea,Asia-Pacific,Asia,Non-NATO,available_military_manpower,9467520
Bangladesh,Asia-Pacific,Asia,Non-NATO,available_military_manpower,82661620
Netherlands,Western Europe,Europe,NATO,available_military_manpower,7997570
Myanmar,Southeast Asia,Asia,Non-NATO,available_military_manpower,30489384
Norway,Scandinavia,Europe,NATO,available_military_manpower,2203893
Portugal,Southern Europe,Europe,NATO,available_military_manpower,5319863
South Africa,Africa,Africa,Non-NATO,available_military_manpower,27803618
Philippines,Southeast Asia,Asia,Non-NATO,available_military_manpower,50859137
Malaysia,Southeast Asia,Asia,Non-NATO,available_military_manpower,16245461
Iraq,Middle East,Asia,Non-NATO,available_military_manpower,17675043
Switzerland,Central Europe,Europe,Non-NATO,available_military_manpower,3898653
Denmark,Scandinavia,Europe,NATO,available_military_manpower,2628180
Colombia,Latin America,South America,Non-NATO,available_military_manpower,24298295
Chile,Latin America,South America,Non-NATO,available_military_manpower,8959033
Finland,Scandinavia,Europe,NATO,available_military_manpower,2306830
Peru,Latin America,South America,Non-NATO,available_military_manpower,15648120
Venezuela,Latin America,South America,Non-NATO,available_military_manpower,15625153
Romania,Eastern Europe,Europe,Non-NATO,available_military_manpower,9437041
Ethiopia,Africa,Africa,Non-NATO,available_military_manpower,56904143
Czechia,Eastern Europe,Europe,NATO,available_military_manpower,5093808
United Arab Emirates,Middle East,Asia,Non-NATO,available_military_manpower,5818684
Hungary,Eastern Europe,Europe,NATO,available_military_manpower,4632200
Angola,Africa,Africa,Non-NATO,available_military_manpower,7440412
Kazakhstan,Asia,Asia,Non-NATO,available_military_manpower,9117003
Uzbekistan,Asia,Asia,Non-NATO,available_military_manpower,18990708
Morocco,Africa,Africa,Non-NATO,available_military_manpower,17946041
Azerbaijan,Asia,Asia,Non-NATO,available_military_manpower,5218617
Belgium,Western Europe,Europe,NATO,available_military_manpower,4910830
Bulgaria,Eastern Europe,Europe,NATO,available_military_manpower,3187850
Serbia,Balkans,Europe,Non-NATO,available_military_manpower,3259584
Syria,Middle East,Asia,Non-NATO,available_military_manpower,15273871
Ecuador,Latin America,South America,Non-NATO,available_military_manpower,8422593
Democratic Republic of the Congo,Africa,Africa,Non-NATO,available_military_manpower,39237029
Cuba,Central America,North America,Non-NATO,available_military_manpower,5921661
Austria,Central Europe,Europe,Non-NATO,available_military_manpower,4035592
Sri Lanka,Asia-Pacific,Asia,Non-NATO,available_military_manpower,10551652
Belarus,Eastern Europe,Europe,Non-NATO,available_military_manpower,5035769
Slovakia,Eastern Europe,Europe,NATO,available_military_manpower,2837461
Qatar,Middle East,Asia,Non-NATO,available_military_manpower,638022
Sudan,Africa,Africa,Non-NATO,available_military_manpower,26747657
Croatia,Balkans,Europe,NATO,available_military_manpower,2033557
Jordan,Middle East,Asia,Non-NATO,available_military_manpower,3463947
Libya,Africa,Africa,Non-NATO,available_military_manpower,3827857
Turkmenistan,Asia,Asia,Non-NATO,available_military_manpower,2768681
Albania,Balkans,Europe,NATO,available_military_manpower,1522479
Kuwait,Gulf Powers,Asia,Non-NATO,available_military_manpower,1726095
Bolivia,Latin America,South America,Non-NATO,available_military_manpower,5417269
Bahrain,Gulf Powers,Asia,Non-NATO,available_military_manpower,846120
Oman,Gulf Powers,Asia,Non-NATO,available_military_manpower,1482757
Kenya,Africa,Africa,Non-NATO,available_military_manpower,21551160
Chad,Africa,Africa,Non-NATO,available_military_manpower,6873694
Yemen,Middle East,Asia,Non-NATO,available_military_manpower,12213368
New Zealand,Asia-Pacific,Oceania,Non-NATO,available_military_manpower,2219321
Paraguay,Latin America,South America,Non-NATO,available_military_manpower,3535598
Lithuania,Northern Europe,Europe,NATO,available_military_manpower,1708321
Mozambique,Africa,Africa,Non-NATO,available_military_manpower,14674420
Tunisia,Africa,Africa,Non-NATO,available_military_manpower,6024424
Armenia,Asia,Asia,Non-NATO,available_military_manpower,1666988
Tanzania,Africa,Africa,Non-NATO,available_military_manpower,12143182
Cameroon,Africa,Africa,Non-NATO,available_military_manpower,10528476
Georgia,Asia,Asia,Non-NATO,available_military_manpower,2744538
Cambodia,Southeast Asia,Asia,Non-NATO,available_military_manpower,8190561
Slovenia,Balkans,Europe,NATO,available_military_manpower,1006989
Ireland,Northern Europe,Europe,Non-NATO,available_military_manpower,2407392
Mongolia,Asia-Pacific,Asia,Non-NATO,available_military_manpower,1870555
Latvia,Northern Europe,Europe,NATO,available_military_manpower,810561
Uruguay,Latin America,South America,Non-NATO,available_military_manpower,1575652
Honduras,Central America,North America,Non-NATO,available_military_manpower,4192843
Ivory Coast,Africa,Africa,Non-NATO,available_military_manpower,12292521
Guatemala,Central America,North America,Non-NATO,available_military_manpower,7484639
Mali,Africa,Africa,Non-NATO,available_military_manpower,6817088
Kyrgyzstan,Asia,Asia,Non-NATO,available_military_manpower,3147772
Laos,Southeast Asia,Asia,Non-NATO,available_military_manpower,3499565
Estonia,Northern Europe,Europe,NATO,available_military_manpower,584958
Tajikistan,Asia,Asia,Non-NATO,available_military_manpower,4781269
Zambia,Africa,Africa,Non-NATO,available_military_manpower,7279691
Ghana,Africa,Africa,Non-NATO,available_military_manpower,14873310
Zimbabwe,Africa,Africa,Non-NATO,available_military_manpower,6517134
North Macedonia,Balkans,Europe,Non-NATO,available_military_manpower,948216
South Sudan,Africa,Africa,Non-NATO,available_military_manpower,6351857
Uganda,Africa,Africa,Non-NATO,available_military_manpower,16756234
Lebanon,Middle East,Asia,Non-NATO,available_military_manpower,2092148
Namibia,Africa,Africa,Non-NATO,available_military_manpower,616805
Luxembourg,Western Europe,Europe,NATO,available_military_manpower,154388
Afghanistan,Asia,Asia,Non-NATO,available_military_manpower,15647405
Niger,Africa,Africa,Non-NATO,available_military_manpower,7902835
Eritrea,Africa,Africa,Non-NATO,available_military_manpower,2220385
Republic of the Congo,Africa,Africa,Non-NATO,available_military_manpower,2256136
Botswana,Africa,Africa,Non-NATO,available_military_manpower,1029281
Mauritania,Africa,Africa,Non-NATO,available_military_manpower,1687936
Dominican Republic,Central America,North America,Non-NATO,available_military_manpower,4975294
Senegal,Africa,Africa,Non-NATO,available_military_manpower,7162057
Nepal,Asia-Pacific,Asia,Non-NATO,available_military_manpower,15249970
Montenegro,Balkans,Europe,NATO,available_military_manpower,143964
El Salvador,Central America,North America,Non-NATO,available_military_manpower,3181777
Burkina Faso,Africa,Africa,Non-NATO,available_military_manpower,8525614
Madagascar,Africa,Africa,Non-NATO,available_military_manpower,11192031
Nicaragua,Central America,North America,Non-NATO,available_military_manpower,3271705
Bosnia and Herzegovina,Balkans,Europe,Non-NATO,available_military_manpower,2355176
Gabon,Africa,Africa,Non-NATO,available_military_manpower,932940
Moldova,Eastern Europe,Europe,Non-NATO,available_military_manpower,2159717
Iceland,Scandinavia,Europe,NATO,available_military_manpower,83728
Panama,Central America,North America,Non-NATO,available_military_manpower,2011608
Beliz,Central America,North America,Non-NATO,available_military_manpower,158000
Liberia,Africa,Africa,Non-NATO,available_military_manpower,2392390
Suriname,Northern South America,South America,Non-NATO,available_military_manpower,142287
Sierra Leone,Africa,Africa,Non-NATO,available_military_manpower,2006631
Kosovo,Southern Europe,Europe,Non-NATO,available_military_manpower,917371
Somalia,Africa,Africa,Non-NATO,available_military_manpower,2993973
Central African Republic,Africa,Africa,Non-NATO,available_military_manpower,2203873
Benin,Africa,Africa,Non-NATO,available_military_manpower,5584880
Bhutan,Asia,Asia,Non-NATO,available_military_manpower,203446
United States,Northern America,North America,NATO,manpower_fit_for_military_service,124816644
Russia,Eastern Europe,Europe,Non-NATO,manpower_fit_for_military_service,46189226
China,Asia-Pacific,Asia,Non-NATO,manpower_fit_for_military_service,626864169
India,Asia-Pacific,Asia,Non-NATO,manpower_fit_for_military_service,522786598
South Korea,Asia-Pacific,Asia,Non-NATO,manpower_fit_for_military_service,21353538
United Kingdom,Northern Europe,Europe,NATO,manpower_fit_for_military_service,25192932
France,Western Europe,Europe,NATO,manpower_fit_for_military_service,23794358
Japan,Asia-Pacific,Asia,Non-NATO,manpower_fit_for_military_service,42874277
Turkiye,Middle East,Asia,NATO,manpower_fit_for_military_service,36087279
Italy,Southern Europe,Europe,NATO,manpower_fit_for_military_service,22191235
Brazil,Latin America,South America,Non-NATO,manpower_fit_for_military_service,88680759
Pakistan,Asia-Pacific,Asia,Non-NATO,manpower_fit_for_military_service,85803614
Indonesia,Southeast Asia,Asia,Non-NATO,manpower_fit_for_military_service,114595923
Germany,Central Europe,Europe,NATO,manpower_fit_for_military_service,30955829
Israel,Middle East,Asia,Non-NATO,manpower_fit_for_military_service,3281513
Iran,Middle East,Asia,Non-NATO,manpower_fit_for_military_service,41541860
Spain,Southern Europe,Europe,NATO,manpower_fit_for_military_service,17635602
Australia,Asia-Pacific,Oceania,Non-NATO,manpower_fit_for_military_service,9208398
Egypt,Africa,Africa,Non-NATO,manpower_fit_for_military_service,38269053
Ukraine,Eastern Europe,Europe,Non-NATO,manpower_fit_for_military_service,12731272
Poland,Eastern Europe,Europe,NATO,manpower_fit_for_military_service,15576017
Taiwan,Asia-Pacific,Asia,Non-NATO,manpower_fit_for_military_service,1061787
Vietnam,Southeast Asia,Asia,Non-NATO,manpower_fit_for_military_service,45053323
Saudi Arabia,Middle East,Asia,Non-NATO,manpower_fit_for_military_service,17468238
Thailand,Southeast Asia,Asia,Non-NATO,manpower_fit_for_military_service,27968399
Algeria,Africa,Africa,Non-NATO,manpower_fit_for_military_service,19185169
Sweden,Scandinavia,Europe,NATO,manpower_fit_for_military_service,3558185
Canada,Northern America,North America,NATO,manpower_fit_for_military_service,13500595
Singapore,Southeast Asia,Asia,Non-NATO,manpower_fit_for_military_service,2628408
Greece,Southern Europe,Europe,NATO,manpower_fit_for_military_service,3985676
Nigeria,Africa,Africa,Non-NATO,manpower_fit_for_military_service,90437404
Mexico,Mexico,North America,Non-NATO,manpower_fit_for_military_service,49811912
Argentina,Latin America,South America,Non-NATO,manpower_fit_for_military_service,17575900
North Korea,Asia-Pacific,Asia,Non-NATO,manpower_fit_for_military_service,5312331
Bangladesh,Asia-Pacific,Asia,Non-NATO,manpower_fit_for_military_service,66129296
Netherlands,Western Europe,Europe,NATO,manpower_fit_for_military_service,6486918
Myanmar,Southeast Asia,Asia,Non-NATO,manpower_fit_for_military_service,21975367
Norway,Scandinavia,Europe,NATO,manpower_fit_for_military_service,1807192
Portugal,Southern Europe,Europe,NATO,manpower_fit_for_military_service,4096295
South Africa,Africa,Africa,Non-NATO,manpower_fit_for_military_service,14989776
Philippines,Southeast Asia,Asia,Non-NATO,manpower_fit_for_military_service,41751803
Malaysia,Southeast Asia,Asia,Non-NATO,manpower_fit_for_military_service,13480276
Iraq,Middle East,Asia,Non-NATO,manpower_fit_for_military_service,14308368
Switzerland,Central Europe,Europe,Non-NATO,manpower_fit_for_military_service,3163225
Denmark,Scandinavia,Europe,NATO,manpower_fit_for_military_service,2126436
Colombia,Latin America,South America,Non-NATO,manpower_fit_for_military_service,19190694
Chile,Latin America,South America,Non-NATO,manpower_fit_for_military_service,7521855
Finland,Scandinavia,Europe,NATO,manpower_fit_for_military_service,1912981
Peru,Latin America,South America,Non-NATO,manpower_fit_for_military_service,12681497
Venezuela,Latin America,South America,Non-NATO,manpower_fit_for_military_service,12812625
Romania,Eastern Europe,Europe,Non-NATO,manpower_fit_for_military_service,7731114
Ethiopia,Africa,Africa,Non-NATO,manpower_fit_for_military_service,35327989
Czechia,Eastern Europe,Europe,NATO,manpower_fit_for_military_service,4129236
United Arab Emirates,Middle East,Asia,Non-NATO,manpower_fit_for_military_service,4945881
Hungary,Eastern Europe,Europe,NATO,manpower_fit_for_military_service,3794462
Angola,Africa,Africa,Non-NATO,manpower_fit_for_military_service,3720206
Kazakhstan,Asia,Asia,Non-NATO,manpower_fit_for_military_service,6928922
Uzbekistan,Asia,Asia,Non-NATO,manpower_fit_for_military_service,15959499
Morocco,Africa,Africa,Non-NATO,manpower_fit_for_military_service,15254135
Azerbaijan,Asia,Asia,Non-NATO,manpower_fit_for_military_service,3908638
Belgium,Western Europe,Europe,NATO,manpower_fit_for_military_service,3880753
Bulgaria,Eastern Europe,Europe,NATO,manpower_fit_for_military_service,2611324
Serbia,Balkans,Europe,Non-NATO,manpower_fit_for_military_service,2574406
Syria,Middle East,Asia,Non-NATO,manpower_fit_for_military_service,13245310
Ecuador,Latin America,South America,Non-NATO,manpower_fit_for_military_service,6738074
Democratic Republic of the Congo,Africa,Africa,Non-NATO,manpower_fit_for_military_service,31389623
Cuba,Central America,North America,Non-NATO,manpower_fit_for_military_service,4737328
Austria,Central Europe,Europe,Non-NATO,manpower_fit_for_military_service,3632033
Sri Lanka,Asia-Pacific,Asia,Non-NATO,manpower_fit_for_military_service,8551235
Belarus,Eastern Europe,Europe,Non-NATO,manpower_fit_for_military_service,3724569
Slovakia,Eastern Europe,Europe,NATO,manpower_fit_for_military_service,2353424
Qatar,Middle East,Asia,Non-NATO,manpower_fit_for_military_service,490001
Sudan,Africa,Africa,Non-NATO,manpower_fit_for_military_service,17108407
Croatia,Balkans,Europe,NATO,manpower_fit_for_military_service,1564594
Jordan,Middle East,Asia,Non-NATO,manpower_fit_for_military_service,2983464
Libya,Africa,Africa,Non-NATO,manpower_fit_for_military_service,3290485
Turkmenistan,Asia,Asia,Non-NATO,manpower_fit_for_military_service,2245963
Albania,Balkans,Europe,NATO,manpower_fit_for_military_service,1292554
Kuwait,Gulf Powers,Asia,Non-NATO,manpower_fit_for_military_service,1449920
Bolivia,Latin America,South America,Non-NATO,manpower_fit_for_military_service,4112199
Bahrain,Gulf Powers,Asia,Non-NATO,manpower_fit_for_military_service,720768
Oman,Gulf Powers,Asia,Non-NATO,manpower_fit_for_military_service,1291559
Kenya,Africa,Africa,Non-NATO,manpower_fit_for_military_service,14037377
Chad,Africa,Africa,Non-NATO,manpower_fit_for_military_service,3856906
Yemen,Middle East,Asia,Non-NATO,manpower_fit_for_military_service,9031464
New Zealand,Asia-Pacific,Oceania,Non-NATO,manpower_fit_for_military_service,1775457
Paraguay,Latin America,South America,Non-NATO,manpower_fit_for_military_service,3001497
Lithuania,Northern Europe,Europe,NATO,manpower_fit_for_military_service,1332490
Mozambique,Africa,Africa,Non-NATO,manpower_fit_for_military_service,7770772
Tunisia,Africa,Africa,Non-NATO,manpower_fit_for_military_service,5181004
Armenia,Asia,Asia,Non-NATO,manpower_fit_for_military_service,1366335
Tanzania,Africa,Africa,Non-NATO,manpower_fit_for_military_service,6678750
Cameroon,Africa,Africa,Non-NATO,manpower_fit_for_military_service,6224187
Georgia,Asia,Asia,Non-NATO,manpower_fit_for_military_service,2225036
Cambodia,Southeast Asia,Asia,Non-NATO,manpower_fit_for_military_service,5733393
Slovenia,Balkans,Europe,NATO,manpower_fit_for_military_service,826570
Ireland,Northern Europe,Europe,Non-NATO,manpower_fit_for_military_service,1999182
Mongolia,Asia-Pacific,Asia,Non-NATO,manpower_fit_for_military_service,1552233
Latvia,Northern Europe,Europe,NATO,manpower_fit_for_military_service,648449
Uruguay,Latin America,South America,Non-NATO,manpower_fit_for_military_service,1322177
Honduras,Central America,North America,Non-NATO,manpower_fit_for_military_service,3144632
Ivory Coast,Africa,Africa,Non-NATO,manpower_fit_for_military_service,7855221
Guatemala,Central America,North America,Non-NATO,manpower_fit_for_military_service,6279794
Mali,Africa,Africa,Non-NATO,manpower_fit_for_military_service,4288168
Kyrgyzstan,Asia,Asia,Non-NATO,manpower_fit_for_military_service,2487357
Laos,Southeast Asia,Asia,Non-NATO,manpower_fit_for_military_service,2521277
Estonia,Northern Europe,Europe,NATO,manpower_fit_for_military_service,456028
Tajikistan,Asia,Asia,Non-NATO,manpower_fit_for_military_service,3773045
Zambia,Africa,Africa,Non-NATO,manpower_fit_for_military_service,4139024
Ghana,Africa,Africa,Non-NATO,manpower_fit_for_military_service,9961658
Zimbabwe,Africa,Africa,Non-NATO,manpower_fit_for_military_service,3721626
North Macedonia,Balkans,Europe,Non-NATO,manpower_fit_for_military_service,783773
South Sudan,Africa,Africa,Non-NATO,manpower_fit_for_military_service,4065188
Uganda,Africa,Africa,Non-NATO,manpower_fit_for_military_service,9905891
Lebanon,Middle East,Asia,Non-NATO,manpower_fit_for_military_service,1775644
Namibia,Africa,Africa,Non-NATO,manpower_fit_for_military_service,400923
Luxembourg,Western Europe,Europe,NATO,manpower_fit_for_military_service,92633
Afghanistan,Asia,Asia,Non-NATO,manpower_fit_for_military_service,8826741
Niger,Africa,Africa,Non-NATO,manpower_fit_for_military_service,5294900
Eritrea,Africa,Africa,Non-NATO,manpower_fit_for_military_service,1598677
Republic of the Congo,Africa,Africa,Non-NATO,manpower_fit_for_military_service,1353682
Botswana,Africa,Africa,Non-NATO,manpower_fit_for_military_service,617568
Mauritania,Africa,Africa,Non-NATO,manpower_fit_for_military_service,1181555
Dominican Republic,Central America,North America,Non-NATO,manpower_fit_for_military_service,4034315
Senegal,Africa,Africa,Non-NATO,manpower_fit_for_military_service,4089912
Nepal,Asia-Pacific,Asia,Non-NATO,manpower_fit_for_military_service,11733140
Montenegro,Balkans,Europe,NATO,manpower_fit_for_military_service,85179
El Salvador,Central America,North America,Non-NATO,manpower_fit_for_military_service,2512278
Burkina Faso,Africa,Africa,Non-NATO,manpower_fit_for_military_service,6060098
Madagascar,Africa,Africa,Non-NATO,manpower_fit_for_military_service,7952233
Nicaragua,Central America,North America,Non-NATO,manpower_fit_for_military_service,2777610
Bosnia and Herzegovina,Balkans,Europe,Non-NATO,manpower_fit_for_military_service,1956316
Gabon,Africa,Africa,Non-NATO,manpower_fit_for_military_service,532758
Moldova,Eastern Europe,Europe,Non-NATO,manpower_fit_for_military_service,1792565
Iceland,Scandinavia,Europe,NATO,manpower_fit_for_military_service,50237
Panama,Central America,North America,Non-NATO,manpower_fit_for_military_service,1206965
Beliz,Central America,North America,Non-NATO,manpower_fit_for_military_service,90226
Liberia,Africa,Africa,Non-NATO,manpower_fit_for_military_service,1913912
Suriname,Northern South America,South America,Non-NATO,manpower_fit_for_military_service,84079
Sierra Leone,Africa,Africa,Non-NATO,manpower_fit_for_military_service,1203978
Kosovo,Southern Europe,Europe,Non-NATO,manpower_fit_for_military_service,743387
Somalia,Africa,Africa,Non-NATO,manpower_fit_for_military_service,1796384
Central African Republic,Africa,Africa,Non-NATO,manpower_fit_for_military_service,1254512
Benin,Africa,Africa,Non-NATO,manpower_fit_for_military_service,3189260
Bhutan,Asia,Asia,Non-NATO,manpower_fit_for_military_service,122067
United States,Northern America,North America,NATO,manpower_reaching_military_age_annually,4445524
Russia,Eastern Europe,Europe,Non-NATO,manpower_reaching_military_age_annually,1267387
China,Asia-Pacific,Asia,Non-NATO,manpower_reaching_military_age_annually,19810606
India,Asia-Pacific,Asia,Non-NATO,manpower_reaching_military_age_annually,23955181
South Korea,Asia-Pacific,Asia,Non-NATO,manpower_reaching_military_age_annually,416654
United Kingdom,Northern Europe,Europe,NATO,manpower_reaching_military_age_annually,753050
France,Western Europe,Europe,NATO,manpower_reaching_military_age_annually,752121
Japan,Asia-Pacific,Asia,Non-NATO,manpower_reaching_military_age_annually,1108818
Turkiye,Middle East,Asia,NATO,manpower_reaching_military_age_annually,1430032
Italy,Southern Europe,Europe,NATO,manpower_reaching_military_age_annually,548684
Brazil,Latin America,South America,Non-NATO,manpower_reaching_military_age_annually,3520824
Pakistan,Asia-Pacific,Asia,Non-NATO,manpower_reaching_military_age_annually,4794908
Indonesia,Southeast Asia,Asia,Non-NATO,manpower_reaching_military_age_annually,4786562
Germany,Central Europe,Europe,NATO,manpower_reaching_military_age_annually,841191
Israel,Middle East,Asia,Non-NATO,manpower_reaching_military_age_annually,131637
Iran,Middle East,Asia,Non-NATO,manpower_reaching_military_age_annually,1414191
Spain,Southern Europe,Europe,NATO,manpower_reaching_military_age_annually,330963
Australia,Asia-Pacific,Oceania,Non-NATO,manpower_reaching_military_age_annually,294455
Egypt,Africa,Africa,Non-NATO,manpower_reaching_military_age_annually,1668709
Ukraine,Eastern Europe,Europe,Non-NATO,manpower_reaching_military_age_annually,392280
Poland,Eastern Europe,Europe,NATO,manpower_reaching_military_age_annually,464956
Taiwan,Asia-Pacific,Asia,Non-NATO,manpower_reaching_military_age_annually,306739
Vietnam,Southeast Asia,Asia,Non-NATO,manpower_reaching_military_age_annually,1797903
Saudi Arabia,Middle East,Asia,Non-NATO,manpower_reaching_military_age_annually,621255
Thailand,Southeast Asia,Asia,Non-NATO,manpower_reaching_military_age_annually,1118736
Algeria,Africa,Africa,Non-NATO,manpower_reaching_military_age_annually,752360
Sweden,Scandinavia,Europe,NATO,manpower_reaching_military_age_annually,105898
Canada,Northern America,North America,NATO,manpower_reaching_military_age_annually,426743
Singapore,Southeast Asia,Asia,Non-NATO,manpower_reaching_military_age_annually,66313
Greece,Southern Europe,Europe,NATO,manpower_reaching_military_age_annually,104611
Nigeria,Africa,Africa,Non-NATO,manpower_reaching_military_age_annually,4261448
Mexico,Mexico,North America,Non-NATO,manpower_reaching_military_age_annually,2222579
Argentina,Latin America,South America,Non-NATO,manpower_reaching_military_age_annually,704916
North Korea,Asia-Pacific,Asia,Non-NATO,manpower_reaching_military_age_annually,420779
Bangladesh,Asia-Pacific,Asia,Non-NATO,manpower_reaching_military_age_annually,3205246
Netherlands,Western Europe,Europe,NATO,manpower_reaching_military_age_annually,195496
Myanmar,Southeast Asia,Asia,Non-NATO,manpower_reaching_military_age_annually,1035489
Norway,Scandinavia,Europe,NATO,manpower_reaching_military_age_annually,71627
Portugal,Southern Europe,Europe,NATO,manpower_reaching_military_age_annually,127677
South Africa,Africa,Africa,Non-NATO,manpower_reaching_military_age_annually,1027525
Philippines,Southeast Asia,Asia,Non-NATO,manpower_reaching_military_age_annually,2128987
Malaysia,Southeast Asia,Asia,Non-NATO,manpower_reaching_military_age_annually,553037
Iraq,Middle East,Asia,Non-NATO,manpower_reaching_military_age_annually,715418
Switzerland,Central Europe,Europe,Non-NATO,manpower_reaching_military_age_annually,97466
Denmark,Scandinavia,Europe,NATO,manpower_reaching_military_age_annually,77651
Colombia,Latin America,South America,Non-NATO,manpower_reaching_military_age_annually,843002
Chile,Latin America,South America,Non-NATO,manpower_reaching_military_age_annually,298634
Finland,Scandinavia,Europe,NATO,manpower_reaching_military_age_annually,56264
Peru,Latin America,South America,Non-NATO,manpower_reaching_military_age_annually,619405
Venezuela,Latin America,South America,Non-NATO,manpower_reaching_military_age_annually,625006
Romania,Eastern Europe,Europe,Non-NATO,manpower_reaching_military_age_annually,199630
Ethiopia,Africa,Africa,Non-NATO,manpower_reaching_military_age_annually,2726657
Czechia,Eastern Europe,Europe,NATO,manpower_reaching_military_age_annually,97541
United Arab Emirates,Middle East,Asia,Non-NATO,manpower_reaching_military_age_annually,80258
Hungary,Eastern Europe,Europe,NATO,manpower_reaching_military_age_annually,118269
Angola,Africa,Africa,Non-NATO,manpower_reaching_military_age_annually,372021
Kazakhstan,Asia,Asia,Non-NATO,manpower_reaching_military_age_annually,283640
Uzbekistan,Asia,Asia,Non-NATO,manpower_reaching_military_age_annually,730412
Morocco,Africa,Africa,Non-NATO,manpower_reaching_military_age_annually,635589
Azerbaijan,Asia,Asia,Non-NATO,manpower_reaching_military_age_annually,159754
Belgium,Western Europe,Europe,NATO,manpower_reaching_military_age_annually,119776
Bulgaria,Eastern Europe,Europe,NATO,manpower_reaching_military_age_annually,61044
Serbia,Balkans,Europe,Non-NATO,manpower_reaching_military_age_annually,79827
Syria,Middle East,Asia,Non-NATO,manpower_reaching_military_age_annually,668232
Ecuador,Latin America,South America,Non-NATO,manpower_reaching_military_age_annually,329580
Democratic Republic of the Congo,Africa,Africa,Non-NATO,manpower_reaching_military_age_annually,2538867
Cuba,Central America,North America,Non-NATO,manpower_reaching_military_age_annually,142558
Austria,Central Europe,Europe,Non-NATO,manpower_reaching_military_age_annually,98648
Sri Lanka,Asia-Pacific,Asia,Non-NATO,manpower_reaching_military_age_annually,307757
Belarus,Eastern Europe,Europe,Non-NATO,manpower_reaching_military_age_annually,104516
Slovakia,Eastern Europe,Europe,NATO,manpower_reaching_military_age_annually,61200
Qatar,Middle East,Asia,Non-NATO,manpower_reaching_military_age_annually,12760
Sudan,Africa,Africa,Non-NATO,manpower_reaching_military_age_annually,1312149
Croatia,Balkans,Europe,NATO,manpower_reaching_military_age_annually,53952
Jordan,Middle East,Asia,Non-NATO,manpower_reaching_military_age_annually,145262
Libya,Africa,Africa,Non-NATO,manpower_reaching_military_age_annually,125141
Turkmenistan,Asia,Asia,Non-NATO,manpower_reaching_military_age_annually,109139
Albania,Balkans,Europe,NATO,manpower_reaching_military_age_annually,62142
Kuwait,Gulf Powers,Asia,Non-NATO,manpower_reaching_military_age_annually,37660
Bolivia,Latin America,South America,Non-NATO,manpower_reaching_military_age_annually,233928
Bahrain,Gulf Powers,Asia,Non-NATO,manpower_reaching_military_age_annually,17236
Oman,Gulf Powers,Asia,Non-NATO,manpower_reaching_military_age_annually,50726
Kenya,Africa,Africa,Non-NATO,manpower_reaching_military_age_annually,931942
Chad,Africa,Africa,Non-NATO,manpower_reaching_military_age_annually,381872
Yemen,Middle East,Asia,Non-NATO,manpower_reaching_military_age_annually,610668
New Zealand,Asia-Pacific,Oceania,Non-NATO,manpower_reaching_military_age_annually,61935
Paraguay,Latin America,South America,Non-NATO,manpower_reaching_military_age_annually,150451
Lithuania,Northern Europe,Europe,NATO,manpower_reaching_military_age_annually,36795
Mozambique,Africa,Africa,Non-NATO,manpower_reaching_military_age_annually,533615
Tunisia,Africa,Africa,Non-NATO,manpower_reaching_military_age_annually,204830
Armenia,Asia,Asia,Non-NATO,manpower_reaching_military_age_annually,44651
Tanzania,Africa,Africa,Non-NATO,manpower_reaching_military_age_annually,607159
Cameroon,Africa,Africa,Non-NATO,manpower_reaching_military_age_annually,495458
Georgia,Asia,Asia,Non-NATO,manpower_reaching_military_age_annually,93118
Cambodia,Southeast Asia,Asia,Non-NATO,manpower_reaching_military_age_annually,307146
Slovenia,Balkans,Europe,NATO,manpower_reaching_military_age_annually,22867
Ireland,Northern Europe,Europe,Non-NATO,manpower_reaching_military_age_annually,57568
Mongolia,Asia-Pacific,Asia,Non-NATO,manpower_reaching_military_age_annually,62352
Latvia,Northern Europe,Europe,NATO,manpower_reaching_military_age_annually,16211
Uruguay,Latin America,South America,Non-NATO,manpower_reaching_military_age_annually,54805
Honduras,Central America,North America,Non-NATO,manpower_reaching_military_age_annually,95292
Ivory Coast,Africa,Africa,Non-NATO,manpower_reaching_military_age_annually,569653
Guatemala,Central America,North America,Non-NATO,manpower_reaching_military_age_annually,182552
Mali,Africa,Africa,Non-NATO,manpower_reaching_military_age_annually,351850
Kyrgyzstan,Asia,Asia,Non-NATO,manpower_reaching_military_age_annually,117270
Laos,Southeast Asia,Asia,Non-NATO,manpower_reaching_military_age_annually,159071
Estonia,Northern Europe,Europe,NATO,manpower_reaching_military_age_annually,13132
Tajikistan,Asia,Asia,Non-NATO,manpower_reaching_military_age_annually,176699
Zambia,Africa,Africa,Non-NATO,manpower_reaching_military_age_annually,374384
Ghana,Africa,Africa,Non-NATO,manpower_reaching_military_age_annually,622604
Zimbabwe,Africa,Africa,Non-NATO,manpower_reaching_military_age_annually,360157
North Macedonia,Balkans,Europe,Non-NATO,manpower_reaching_military_age_annually,27763
South Sudan,Africa,Africa,Non-NATO,manpower_reaching_military_age_annually,330297
Uganda,Africa,Africa,Non-NATO,manpower_reaching_military_age_annually,985661
Lebanon,Middle East,Asia,Non-NATO,manpower_reaching_military_age_annually,69738
Namibia,Africa,Africa,Non-NATO,manpower_reaching_military_age_annually,30840
Luxembourg,Western Europe,Europe,NATO,manpower_reaching_military_age_annually,3356
Afghanistan,Asia,Asia,Non-NATO,manpower_reaching_military_age_annually,842553
Niger,Africa,Africa,Non-NATO,manpower_reaching_military_age_annually,447827
Eritrea,Africa,Africa,Non-NATO,manpower_reaching_military_age_annually,76127
Republic of the Congo,Africa,Africa,Non-NATO,manpower_reaching_military_age_annually,115856
Botswana,Africa,Africa,Non-NATO,manpower_reaching_military_age_annually,24507
Mauritania,Africa,Africa,Non-NATO,manpower_reaching_military_age_annually,82233
Dominican Republic,Central America,North America,Non-NATO,manpower_reaching_military_age_annually,97343
Senegal,Africa,Africa,Non-NATO,manpower_reaching_military_age_annually,395798
Nepal,Asia-Pacific,Asia,Non-NATO,manpower_reaching_military_age_annually,778060
Montenegro,Balkans,Europe,NATO,manpower_reaching_military_age_annually,3599
El Salvador,Central America,North America,Non-NATO,manpower_reaching_military_age_annually,145831
Burkina Faso,Africa,Africa,Non-NATO,manpower_reaching_military_age_annually,368675
Madagascar,Africa,Africa,Non-NATO,manpower_reaching_military_age_annually,559602
Nicaragua,Central America,North America,Non-NATO,manpower_reaching_military_age_annually,146893
Bosnia and Herzegovina,Balkans,Europe,Non-NATO,manpower_reaching_military_age_annually,49383
Gabon,Africa,Africa,Non-NATO,manpower_reaching_military_age_annually,46647
Moldova,Eastern Europe,Europe,Non-NATO,manpower_reaching_military_age_annually,71991
Iceland,Scandinavia,Europe,NATO,manpower_reaching_military_age_annually,1820
Panama,Central America,North America,Non-NATO,manpower_reaching_military_age_annually,53643
Beliz,Central America,North America,Non-NATO,manpower_reaching_military_age_annually,8732
Liberia,Africa,Africa,Non-NATO,manpower_reaching_military_age_annually,65247
Suriname,Northern South America,South America,Non-NATO,manpower_reaching_military_age_annually,3234
Sierra Leone,Africa,Africa,Non-NATO,manpower_reaching_military_age_annually,45605
Kosovo,Southern Europe,Europe,Non-NATO,manpower_reaching_military_age_annually,17794
Somalia,Africa,Africa,Non-NATO,manpower_reaching_military_age_annually,130173
Central African Republic,Africa,Africa,Non-NATO,manpower_reaching_military_age_annually,101717
Benin,Africa,Africa,Non-NATO,manpower_reaching_military_age_annually,308638
Bhutan,Asia,Asia,Non-NATO,manpower_reaching_military_age_annually,4423
United States,Northern America,North America,NATO,active_personnel,1328000
Russia,Eastern Europe,Europe,Non-NATO,active_personnel,1320000
China,Asia-Pacific,Asia,Non-NATO,active_personnel,2035000
India,Asia-Pacific,Asia,Non-NATO,active_personnel,1455550
South Korea,Asia-Pacific,Asia,Non-NATO,active_personnel,600000
United Kingdom,Northern Europe,Europe,NATO,active_personnel,184860
France,Western Europe,Europe,NATO,active_personnel,200000
Japan,Asia-Pacific,Asia,Non-NATO,active_personnel,247150
Turkiye,Middle East,Asia,NATO,active_personnel,355200
Italy,Southern Europe,Europe,NATO,active_personnel,165500
Brazil,Latin America,South America,Non-NATO,active_personnel,360000
Pakistan,Asia-Pacific,Asia,Non-NATO,active_personnel,654000
Indonesia,Southeast Asia,Asia,Non-NATO,active_personnel,400000
Germany,Central Europe,Europe,NATO,active_personnel,181600
Israel,Middle East,Asia,Non-NATO,active_personnel,170000
Iran,Middle East,Asia,Non-NATO,active_personnel,610000
Spain,Southern Europe,Europe,NATO,active_personnel,133282
Australia,Asia-Pacific,Oceania,Non-NATO,active_personnel,57350
Egypt,Africa,Africa,Non-NATO,active_personnel,440000
Ukraine,Eastern Europe,Europe,Non-NATO,active_personnel,900000
Poland,Eastern Europe,Europe,NATO,active_personnel,202100
Taiwan,Asia-Pacific,Asia,Non-NATO,active_personnel,215000
Vietnam,Southeast Asia,Asia,Non-NATO,active_personnel,600000
Saudi Arabia,Middle East,Asia,Non-NATO,active_personnel,257000
Thailand,Southeast Asia,Asia,Non-NATO,active_personnel,360850
Algeria,Africa,Africa,Non-NATO,active_personnel,325000
Sweden,Scandinavia,Europe,NATO,active_personnel,24400
Canada,Northern America,North America,NATO,active_personnel,68000
Singapore,Southeast Asia,Asia,Non-NATO,active_personnel,51000
Greece,Southern Europe,Europe,NATO,active_personnel,142700
Nigeria,Africa,Africa,Non-NATO,active_personnel,230000
Mexico,Mexico,North America,Non-NATO,active_personnel,412000
Argentina,Latin America,South America,Non-NATO,active_personnel,108000
North Korea,Asia-Pacific,Asia,Non-NATO,active_personnel,1320000
Bangladesh,Asia-Pacific,Asia,Non-NATO,active_personnel,163000
Netherlands,Western Europe,Europe,NATO,active_personnel,41380
Myanmar,Southeast Asia,Asia,Non-NATO,active_personnel,150000
Norway,Scandinavia,Europe,NATO,active_personnel,23250
Portugal,Southern Europe,Europe,NATO,active_personnel,24000
South Africa,Africa,Africa,Non-NATO,active_personnel,71235
Philippines,Southeast Asia,Asia,Non-NATO,active_personnel,150000
Malaysia,Southeast Asia,Asia,Non-NATO,active_personnel,113000
Iraq,Middle East,Asia,Non-NATO,active_personnel,193000
Switzerland,Central Europe,Europe,Non-NATO,active_personnel,101584
Denmark,Scandinavia,Europe,NATO,active_personnel,20000
Colombia,Latin America,South America,Non-NATO,active_personnel,293200
Chile,Latin America,South America,Non-NATO,active_personnel,80000
Finland,Scandinavia,Europe,NATO,active_personnel,24000
Peru,Latin America,South America,Non-NATO,active_personnel,120000
Venezuela,Latin America,South America,Non-NATO,active_personnel,109000
Romania,Eastern Europe,Europe,Non-NATO,active_personnel,81300
Ethiopia,Africa,Africa,Non-NATO,active_personnel,162000
Czechia,Eastern Europe,Europe,NATO,active_personnel,28000
United Arab Emirates,Middle East,Asia,Non-NATO,active_personnel,65000
Hungary,Eastern Europe,Europe,NATO,active_personnel,41600
Angola,Africa,Africa,Non-NATO,active_personnel,107000
Kazakhstan,Asia,Asia,Non-NATO,active_personnel,110000
Uzbekistan,Asia,Asia,Non-NATO,active_personnel,48000
Morocco,Africa,Africa,Non-NATO,active_personnel,195800
Azerbaijan,Asia,Asia,Non-NATO,active_personnel,126400
Belgium,Western Europe,Europe,NATO,active_personnel,25000
Bulgaria,Eastern Europe,Europe,NATO,active_personnel,37000
Serbia,Balkans,Europe,Non-NATO,active_personnel,25000
Syria,Middle East,Asia,Non-NATO,active_personnel,170000
Ecuador,Latin America,South America,Non-NATO,active_personnel,41250
Democratic Republic of the Congo,Africa,Africa,Non-NATO,active_personnel,166580
Cuba,Central America,North America,Non-NATO,active_personnel,45500
Austria,Central Europe,Europe,Non-NATO,active_personnel,16000
Sri Lanka,Asia-Pacific,Asia,Non-NATO,active_personnel,346000
Belarus,Eastern Europe,Europe,Non-NATO,active_personnel,63000
Slovakia,Eastern Europe,Europe,NATO,active_personnel,19500
Qatar,Middle East,Asia,Non-NATO,active_personnel,66550
Sudan,Africa,Africa,Non-NATO,active_personnel,92000
Croatia,Balkans,Europe,NATO,active_personnel,14325
Jordan,Middle East,Asia,Non-NATO,active_personnel,100500
Libya,Africa,Africa,Non-NATO,active_personnel,32000
Turkmenistan,Asia,Asia,Non-NATO,active_personnel,36500
Albania,Balkans,Europe,NATO,active_personnel,6600
Kuwait,Gulf Powers,Asia,Non-NATO,active_personnel,72000
Bolivia,Latin America,South America,Non-NATO,active_personnel,40000
Bahrain,Gulf Powers,Asia,Non-NATO,active_personnel,18400
Oman,Gulf Powers,Asia,Non-NATO,active_personnel,42600
Kenya,Africa,Africa,Non-NATO,active_personnel,50000
Chad,Africa,Africa,Non-NATO,active_personnel,33250
Yemen,Middle East,Asia,Non-NATO,active_personnel,66700
New Zealand,Asia-Pacific,Oceania,Non-NATO,active_personnel,8670
Paraguay,Latin America,South America,Non-NATO,active_personnel,15650
Lithuania,Northern Europe,Europe,NATO,active_personnel,23000
Mozambique,Africa,Africa,Non-NATO,active_personnel,11200
Tunisia,Africa,Africa,Non-NATO,active_personnel,89800
Armenia,Asia,Asia,Non-NATO,active_personnel,57500
Tanzania,Africa,Africa,Non-NATO,active_personnel,27000
Cameroon,Africa,Africa,Non-NATO,active_personnel,40000
Georgia,Asia,Asia,Non-NATO,active_personnel,55000
Cambodia,Southeast Asia,Asia,Non-NATO,active_personnel,221000
Slovenia,Balkans,Europe,NATO,active_personnel,7300
Ireland,Northern Europe,Europe,Non-NATO,active_personnel,7765
Mongolia,Asia-Pacific,Asia,Non-NATO,active_personnel,35000
Latvia,Northern Europe,Europe,NATO,active_personnel,17250
Uruguay,Latin America,South America,Non-NATO,active_personnel,25000
Honduras,Central America,North America,Non-NATO,active_personnel,52225
Ivory Coast,Africa,Africa,Non-NATO,active_personnel,22000
Guatemala,Central America,North America,Non-NATO,active_personnel,106114
Mali,Africa,Africa,Non-NATO,active_personnel,40000
Kyrgyzstan,Asia,Asia,Non-NATO,active_personnel,23000
Laos,Southeast Asia,Asia,Non-NATO,active_personnel,100000
Estonia,Northern Europe,Europe,NATO,active_personnel,7700
Tajikistan,Asia,Asia,Non-NATO,active_personnel,9500
Zambia,Africa,Africa,Non-NATO,active_personnel,15150
Ghana,Africa,Africa,Non-NATO,active_personnel,15500
Zimbabwe,Africa,Africa,Non-NATO,active_personnel,29000
North Macedonia,Balkans,Europe,Non-NATO,active_personnel,9000
South Sudan,Africa,Africa,Non-NATO,active_personnel,185000
Uganda,Africa,Africa,Non-NATO,active_personnel,45000
Lebanon,Middle East,Asia,Non-NATO,active_personnel,60000
Namibia,Africa,Africa,Non-NATO,active_personnel,13000
Luxembourg,Western Europe,Europe,NATO,active_personnel,1000
Afghanistan,Asia,Asia,Non-NATO,active_personnel,0
Niger,Africa,Africa,Non-NATO,active_personnel,25000
Eritrea,Africa,Africa,Non-NATO,active_personnel,120000
Republic of the Congo,Africa,Africa,Non-NATO,active_personnel,8500
Botswana,Africa,Africa,Non-NATO,active_personnel,21000
Mauritania,Africa,Africa,Non-NATO,active_personnel,31540
Dominican Republic,Central America,North America,Non-NATO,active_personnel,50000
Senegal,Africa,Africa,Non-NATO,active_personnel,17000
Nepal,Asia-Pacific,Asia,Non-NATO,active_personnel,95000
Montenegro,Balkans,Europe,NATO,active_personnel,2350
El Salvador,Central America,North America,Non-NATO,active_personnel,25000
Burkina Faso,Africa,Africa,Non-NATO,active_personnel,12000
Madagascar,Africa,Africa,Non-NATO,active_personnel,13500
Nicaragua,Central America,North America,Non-NATO,active_personnel,45000
Bosnia and Herzegovina,Balkans,Europe,Non-NATO,active_personnel,12770
Gabon,Africa,Africa,Non-NATO,active_personnel,4800
Moldova,Eastern Europe,Europe,Non-NATO,active_personnel,8500
Iceland,Scandinavia,Europe,NATO,active_personnel,0
Panama,Central America,North America,Non-NATO,active_personnel,0
Beliz,Central America,North America,Non-NATO,active_personnel,1650
Liberia,Africa,Africa,Non-NATO,active_personnel,1500
Suriname,Northern South America,South America,Non-NATO,active_personnel,2000
Sierra Leone,Africa,Africa,Non-NATO,active_personnel,13000
Kosovo,Southern Europe,Europe,Non-NATO,active_personnel,10000
Somalia,Africa,Africa,Non-NATO,active_personnel,15000
Central African Republic,Africa,Africa,Non-NATO,active_personnel,10000
Benin,Africa,Africa,Non-NATO,active_personnel,4750
Bhutan,Asia,Asia,Non-NATO,active_personnel,7500
United States,Northern America,North America,NATO,reserve_personnel,799500
Russia,Eastern Europe,Europe,Non-NATO,reserve_personnel,2000000
China,Asia-Pacific,Asia,Non-NATO,reserve_personnel,510000
India,Asia-Pacific,Asia,Non-NATO,reserve_personnel,1155000
South Korea,Asia-Pacific,Asia,Non-NATO,reserve_personnel,3100000
United Kingdom,Northern Europe,Europe,NATO,reserve_personnel,924000
France,Western Europe,Europe,NATO,reserve_personnel,26000
Japan,Asia-Pacific,Asia,Non-NATO,reserve_personnel,56000
Turkiye,Middle East,Asia,NATO,reserve_personnel,378700
Italy,Southern Europe,Europe,NATO,reserve_personnel,18500
Brazil,Latin America,South America,Non-NATO,reserve_personnel,340000
Pakistan,Asia-Pacific,Asia,Non-NATO,reserve_personnel,550000
Indonesia,Southeast Asia,Asia,Non-NATO,reserve_personnel,400000
Germany,Central Europe,Europe,NATO,reserve_personnel,34000
Israel,Middle East,Asia,Non-NATO,reserve_personnel,465000
Iran,Middle East,Asia,Non-NATO,reserve_personnel,350000
Spain,Southern Europe,Europe,NATO,reserve_personnel,15150
Australia,Asia-Pacific,Oceania,Non-NATO,reserve_personnel,32050
Egypt,Africa,Africa,Non-NATO,reserve_personnel,480000
Ukraine,Eastern Europe,Europe,Non-NATO,reserve_personnel,1200000
Poland,Eastern Europe,Europe,NATO,reserve_personnel,350000
Taiwan,Asia-Pacific,Asia,Non-NATO,reserve_personnel,2310000
Vietnam,Southeast Asia,Asia,Non-NATO,reserve_personnel,5000000
Saudi Arabia,Middle East,Asia,Non-NATO,reserve_personnel,0
Thailand,Southeast Asia,Asia,Non-NATO,reserve_personnel,200000
Algeria,Africa,Africa,Non-NATO,reserve_personnel,135000
Sweden,Scandinavia,Europe,NATO,reserve_personnel,32900
Canada,Northern America,North America,NATO,reserve_personnel,27000
Singapore,Southeast Asia,Asia,Non-NATO,reserve_personnel,252500
Greece,Southern Europe,Europe,NATO,reserve_personnel,221350
Nigeria,Africa,Africa,Non-NATO,reserve_personnel,0
Mexico,Mexico,North America,Non-NATO,reserve_personnel,98655
Argentina,Latin America,South America,Non-NATO,reserve_personnel,0
North Korea,Asia-Pacific,Asia,Non-NATO,reserve_personnel,560000
Bangladesh,Asia-Pacific,Asia,Non-NATO,reserve_personnel,0
Netherlands,Western Europe,Europe,NATO,reserve_personnel,6765
Myanmar,Southeast Asia,Asia,Non-NATO,reserve_personnel,20000
Norway,Scandinavia,Europe,NATO,reserve_personnel,0
Portugal,Southern Europe,Europe,NATO,reserve_personnel,211700
South Africa,Africa,Africa,Non-NATO,reserve_personnel,29350
Philippines,Southeast Asia,Asia,Non-NATO,reserve_personnel,1200000
Malaysia,Southeast Asia,Asia,Non-NATO,reserve_personnel,51600
Iraq,Middle East,Asia,Non-NATO,reserve_personnel,0
Switzerland,Central Europe,Europe,Non-NATO,reserve_personnel,49715
Denmark,Scandinavia,Europe,NATO,reserve_personnel,12000
Colombia,Latin America,South America,Non-NATO,reserve_personnel,35000
Chile,Latin America,South America,Non-NATO,reserve_personnel,40000
Finland,Scandinavia,Europe,NATO,reserve_personnel,870000
Peru,Latin America,South America,Non-NATO,reserve_personnel,385000
Venezuela,Latin America,South America,Non-NATO,reserve_personnel,8000
Romania,Eastern Europe,Europe,Non-NATO,reserve_personnel,55000
Ethiopia,Africa,Africa,Non-NATO,reserve_personnel,0
Czechia,Eastern Europe,Europe,NATO,reserve_personnel,4200
United Arab Emirates,Middle East,Asia,Non-NATO,reserve_personnel,130000
Hungary,Eastern Europe,Europe,NATO,reserve_personnel,20000
Angola,Africa,Africa,Non-NATO,reserve_personnel,0
Kazakhstan,Asia,Asia,Non-NATO,reserve_personnel,135000
Uzbekistan,Asia,Asia,Non-NATO,reserve_personnel,0
Morocco,Africa,Africa,Non-NATO,reserve_personnel,150000
Azerbaijan,Asia,Asia,Non-NATO,reserve_personnel,300000
Belgium,Western Europe,Europe,NATO,reserve_personnel,6400
Bulgaria,Eastern Europe,Europe,NATO,reserve_personnel,3000
Serbia,Balkans,Europe,Non-NATO,reserve_personnel,2000
Syria,Middle East,Asia,Non-NATO,reserve_personnel,50000
Ecuador,Latin America,South America,Non-NATO,reserve_personnel,118000
Democratic Republic of the Congo,Africa,Africa,Non-NATO,reserve_personnel,31000
Cuba,Central America,North America,Non-NATO,reserve_personnel,40000
Austria,Central Europe,Europe,Non-NATO,reserve_personnel,125600
Sri Lanka,Asia-Pacific,Asia,Non-NATO,reserve_personnel,90000
Belarus,Eastern Europe,Europe,Non-NATO,reserve_personnel,145000
Slovakia,Eastern Europe,Europe,NATO,reserve_personnel,0
Qatar,Middle East,Asia,Non-NATO,reserve_personnel,15000
Sudan,Africa,Africa,Non-NATO,reserve_personnel,85000
Croatia,Balkans,Europe,NATO,reserve_personnel,20100
Jordan,Middle East,Asia,Non-NATO,reserve_personnel,65000
Libya,Africa,Africa,Non-NATO,reserve_personnel,0
Turkmenistan,Asia,Asia,Non-NATO,reserve_personnel,0
Albania,Balkans,Europe,NATO,reserve_personnel,2000
Kuwait,Gulf Powers,Asia,Non-NATO,reserve_personnel,24000
Bolivia,Latin America,South America,Non-NATO,reserve_personnel,40000
Bahrain,Gulf Powers,Asia,Non-NATO,reserve_personnel,110000
Oman,Gulf Powers,Asia,Non-NATO,reserve_personnel,100000
Kenya,Africa,Africa,Non-NATO,reserve_personnel,0
Chad,Africa,Africa,Non-NATO,reserve_personnel,0
Yemen,Middle East,Asia,Non-NATO,reserve_personnel,0
New Zealand,Asia-Pacific,Oceania,Non-NATO,reserve_personnel,3250
Paraguay,Latin America,South America,Non-NATO,reserve_personnel,168500
Lithuania,Northern Europe,Europe,NATO,reserve_personnel,104000
Mozambique,Africa,Africa,Non-NATO,reserve_personnel,0
Tunisia,Africa,Africa,Non-NATO,reserve_personnel,0
Armenia,Asia,Asia,Non-NATO,reserve_personnel,210000
Tanzania,Africa,Africa,Non-NATO,reserve_personnel,80000
Cameroon,Africa,Africa,Non-NATO,reserve_personnel,0
Georgia,Asia,Asia,Non-NATO,reserve_personnel,152500
Cambodia,Southeast Asia,Asia,Non-NATO,reserve_personnel,0
Slovenia,Balkans,Europe,NATO,reserve_personnel,26000
Ireland,Northern Europe,Europe,Non-NATO,reserve_personnel,1700
Mongolia,Asia-Pacific,Asia,Non-NATO,reserve_personnel,135000
Latvia,Northern Europe,Europe,NATO,reserve_personnel,36000
Uruguay,Latin America,South America,Non-NATO,reserve_personnel,0
Honduras,Central America,North America,Non-NATO,reserve_personnel,60000
Ivory Coast,Africa,Africa,Non-NATO,reserve_personnel,0
Guatemala,Central America,North America,Non-NATO,reserve_personnel,90000
Mali,Africa,Africa,Non-NATO,reserve_personnel,0
Kyrgyzstan,Asia,Asia,Non-NATO,reserve_personnel,300000
Laos,Southeast Asia,Asia,Non-NATO,reserve_personnel,30000
Estonia,Northern Europe,Europe,NATO,reserve_personnel,78800
Tajikistan,Asia,Asia,Non-NATO,reserve_personnel,600000
Zambia,Africa,Africa,Non-NATO,reserve_personnel,0
Ghana,Africa,Africa,Non-NATO,reserve_personnel,0
Zimbabwe,Africa,Africa,Non-NATO,reserve_personnel,0
North Macedonia,Balkans,Europe,Non-NATO,reserve_personnel,60000
South Sudan,Africa,Africa,Non-NATO,reserve_personnel,0
Uganda,Africa,Africa,Non-NATO,reserve_personnel,0
Lebanon,Middle East,Asia,Non-NATO,reserve_personnel,35000
Namibia,Africa,Africa,Non-NATO,reserve_personnel,0
Luxembourg,Western Europe,Europe,NATO,reserve_personnel,0
Afghanistan,Asia,Asia,Non-NATO,reserve_personnel,0
Niger,Africa,Africa,Non-NATO,reserve_personnel,0
Eritrea,Africa,Africa,Non-NATO,reserve_personnel,130000
Republic of the Congo,Africa,Africa,Non-NATO,reserve_personnel,0
Botswana,Africa,Africa,Non-NATO,reserve_personnel,0
Mauritania,Africa,Africa,Non-NATO,reserve_personnel,66000
Dominican Republic,Central America,North America,Non-NATO,reserve_personnel,0
Senegal,Africa,Africa,Non-NATO,reserve_personnel,0
Nepal,Asia-Pacific,Asia,Non-NATO,reserve_personnel,0
Montenegro,Balkans,Europe,NATO,reserve_personnel,0
El Salvador,Central America,North America,Non-NATO,reserve_personnel,10000
Burkina Faso,Africa,Africa,Non-NATO,reserve_personnel,0
Madagascar,Africa,Africa,Non-NATO,reserve_personnel,0
Nicaragua,Central America,North America,Non-NATO,reserve_personnel,0
Bosnia and Herzegovina,Balkans,Europe,Non-NATO,reserve_personnel,6000
Gabon,Africa,Africa,Non-NATO,reserve_personnel,0
Moldova,Eastern Europe,Europe,Non-NATO,reserve_personnel,67000
Iceland,Scandinavia,Europe,NATO,reserve_personnel,0
Panama,Central America,North America,Non-NATO,reserve_personnel,0
Beliz,Central America,North America,Non-NATO,reserve_personnel,850
Liberia,Africa,Africa,Non-NATO,reserve_personnel,0
Suriname,Northern South America,South America,Non-NATO,reserve_personnel,0
Sierra Leone,Africa,Africa,Non-NATO,reserve_personnel,0
Kosovo,Southern Europe,Europe,Non-NATO,reserve_personnel,5000
Somalia,Africa,Africa,Non-NATO,reserve_personnel,0
Central African Republic,Africa,Africa,Non-NATO,reserve_personnel,0
Benin,Africa,Africa,Non-NATO,reserve_personnel,0
Bhutan,Asia,Asia,Non-NATO,reserve_personnel,0
United States,Northern America,North America,NATO,manpower_paramilitary,0
Russia,Eastern Europe,Europe,Non-NATO,manpower_paramilitary,250000
China,Asia-Pacific,Asia,Non-NATO,manpower_paramilitary,625000
India,Asia-Pacific,Asia,Non-NATO,manpower_paramilitary,2527000
South Korea,Asia-Pacific,Asia,Non-NATO,manpower_paramilitary,120000
United Kingdom,Northern Europe,Europe,NATO,manpower_paramilitary,0
France,Western Europe,Europe,NATO,manpower_paramilitary,150000
Japan,Asia-Pacific,Asia,Non-NATO,manpower_paramilitary,25000
Turkiye,Middle East,Asia,NATO,manpower_paramilitary,150000
Italy,Southern Europe,Europe,NATO,manpower_paramilitary,105000
Brazil,Latin America,South America,Non-NATO,manpower_paramilitary,200000
Pakistan,Asia-Pacific,Asia,Non-NATO,manpower_paramilitary,500000
Indonesia,Southeast Asia,Asia,Non-NATO,manpower_paramilitary,250000
Germany,Central Europe,Europe,NATO,manpower_paramilitary,0
Israel,Middle East,Asia,Non-NATO,manpower_paramilitary,35000
Iran,Middle East,Asia,Non-NATO,manpower_paramilitary,220000
Spain,Southern Europe,Europe,NATO,manpower_paramilitary,78470
Australia,Asia-Pacific,Oceania,Non-NATO,manpower_paramilitary,0
Egypt,Africa,Africa,Non-NATO,manpower_paramilitary,300000
Ukraine,Eastern Europe,Europe,Non-NATO,manpower_paramilitary,100000
Poland,Eastern Europe,Europe,NATO,manpower_paramilitary,50000
Taiwan,Asia-Pacific,Asia,Non-NATO,manpower_paramilitary,55000
Vietnam,Southeast Asia,Asia,Non-NATO,manpower_paramilitary,250000
Saudi Arabia,Middle East,Asia,Non-NATO,manpower_paramilitary,150000
Thailand,Southeast Asia,Asia,Non-NATO,manpower_paramilitary,25000
Algeria,Africa,Africa,Non-NATO,manpower_paramilitary,150000
Sweden,Scandinavia,Europe,NATO,manpower_paramilitary,25000
Canada,Northern America,North America,NATO,manpower_paramilitary,5500
Singapore,Southeast Asia,Asia,Non-NATO,manpower_paramilitary,12000
Greece,Southern Europe,Europe,NATO,manpower_paramilitary,55000
Nigeria,Africa,Africa,Non-NATO,manpower_paramilitary,50000
Mexico,Mexico,North America,Non-NATO,manpower_paramilitary,120000
Argentina,Latin America,South America,Non-NATO,manpower_paramilitary,20000
North Korea,Asia-Pacific,Asia,Non-NATO,manpower_paramilitary,100000
Bangladesh,Asia-Pacific,Asia,Non-NATO,manpower_paramilitary,6800000
Netherlands,Western Europe,Europe,NATO,manpower_paramilitary,5000
Myanmar,Southeast Asia,Asia,Non-NATO,manpower_paramilitary,55000
Norway,Scandinavia,Europe,NATO,manpower_paramilitary,40000
Portugal,Southern Europe,Europe,NATO,manpower_paramilitary,24700
South Africa,Africa,Africa,Non-NATO,manpower_paramilitary,50000
Philippines,Southeast Asia,Asia,Non-NATO,manpower_paramilitary,35000
Malaysia,Southeast Asia,Asia,Non-NATO,manpower_paramilitary,100000
Iraq,Middle East,Asia,Non-NATO,manpower_paramilitary,100000
Switzerland,Central Europe,Europe,Non-NATO,manpower_paramilitary,5000
Denmark,Scandinavia,Europe,NATO,manpower_paramilitary,51000
Colombia,Latin America,South America,Non-NATO,manpower_paramilitary,150000
Chile,Latin America,South America,Non-NATO,manpower_paramilitary,50000
Finland,Scandinavia,Europe,NATO,manpower_paramilitary,53800
Peru,Latin America,South America,Non-NATO,manpower_paramilitary,60000
Venezuela,Latin America,South America,Non-NATO,manpower_paramilitary,220000
Romania,Eastern Europe,Europe,Non-NATO,manpower_paramilitary,15000
Ethiopia,Africa,Africa,Non-NATO,manpower_paramilitary,0
Czechia,Eastern Europe,Europe,NATO,manpower_paramilitary,0
United Arab Emirates,Middle East,Asia,Non-NATO,manpower_paramilitary,12000
Hungary,Eastern Europe,Europe,NATO,manpower_paramilitary,15000
Angola,Africa,Africa,Non-NATO,manpower_paramilitary,10000
Kazakhstan,Asia,Asia,Non-NATO,manpower_paramilitary,55000
Uzbekistan,Asia,Asia,Non-NATO,manpower_paramilitary,20000
Morocco,Africa,Africa,Non-NATO,manpower_paramilitary,50000
Azerbaijan,Asia,Asia,Non-NATO,manpower_paramilitary,15000
Belgium,Western Europe,Europe,NATO,manpower_paramilitary,0
Bulgaria,Eastern Europe,Europe,NATO,manpower_paramilitary,0
Serbia,Balkans,Europe,Non-NATO,manpower_paramilitary,600000
Syria,Middle East,Asia,Non-NATO,manpower_paramilitary,50000
Ecuador,Latin America,South America,Non-NATO,manpower_paramilitary,1500
Democratic Republic of the Congo,Africa,Africa,Non-NATO,manpower_paramilitary,10000
Cuba,Central America,North America,Non-NATO,manpower_paramilitary,1145000
Austria,Central Europe,Europe,Non-NATO,manpower_paramilitary,0
Sri Lanka,Asia-Pacific,Asia,Non-NATO,manpower_paramilitary,0
Belarus,Eastern Europe,Europe,Non-NATO,manpower_paramilitary,55000
Slovakia,Eastern Europe,Europe,NATO,manpower_paramilitary,0
Qatar,Middle East,Asia,Non-NATO,manpower_paramilitary,5500
Sudan,Africa,Africa,Non-NATO,manpower_paramilitary,17500
Croatia,Balkans,Europe,NATO,manpower_paramilitary,2000
Jordan,Middle East,Asia,Non-NATO,manpower_paramilitary,35000
Libya,Africa,Africa,Non-NATO,manpower_paramilitary,100000
Turkmenistan,Asia,Asia,Non-NATO,manpower_paramilitary,3500
Albania,Balkans,Europe,NATO,manpower_paramilitary,500
Kuwait,Gulf Powers,Asia,Non-NATO,manpower_paramilitary,7500
Bolivia,Latin America,South America,Non-NATO,manpower_paramilitary,0
Bahrain,Gulf Powers,Asia,Non-NATO,manpower_paramilitary,1500
Oman,Gulf Powers,Asia,Non-NATO,manpower_paramilitary,10000
Kenya,Africa,Africa,Non-NATO,manpower_paramilitary,25000
Chad,Africa,Africa,Non-NATO,manpower_paramilitary,5000
Yemen,Middle East,Asia,Non-NATO,manpower_paramilitary,20000
New Zealand,Asia-Pacific,Oceania,Non-NATO,manpower_paramilitary,300
Paraguay,Latin America,South America,Non-NATO,manpower_paramilitary,15000
Lithuania,Northern Europe,Europe,NATO,manpower_paramilitary,14150
Mozambique,Africa,Africa,Non-NATO,manpower_paramilitary,3000
Tunisia,Africa,Africa,Non-NATO,manpower_paramilitary,12000
Armenia,Asia,Asia,Non-NATO,manpower_paramilitary,5000
Tanzania,Africa,Africa,Non-NATO,manpower_paramilitary,6500
Cameroon,Africa,Africa,Non-NATO,manpower_paramilitary,12500
Georgia,Asia,Asia,Non-NATO,manpower_paramilitary,0
Cambodia,Southeast Asia,Asia,Non-NATO,manpower_paramilitary,10000
Slovenia,Balkans,Europe,NATO,manpower_paramilitary,5000
Ireland,Northern Europe,Europe,Non-NATO,manpower_paramilitary,0
Mongolia,Asia-Pacific,Asia,Non-NATO,manpower_paramilitary,50000
Latvia,Northern Europe,Europe,NATO,manpower_paramilitary,12500
Uruguay,Latin America,South America,Non-NATO,manpower_paramilitary,5000
Honduras,Central America,North America,Non-NATO,manpower_paramilitary,23000
Ivory Coast,Africa,Africa,Non-NATO,manpower_paramilitary,5500
Guatemala,Central America,North America,Non-NATO,manpower_paramilitary,35000
Mali,Africa,Africa,Non-NATO,manpower_paramilitary,4800
Kyrgyzstan,Asia,Asia,Non-NATO,manpower_paramilitary,55000
Laos,Southeast Asia,Asia,Non-NATO,manpower_paramilitary,120000
Estonia,Northern Europe,Europe,NATO,manpower_paramilitary,10000
Tajikistan,Asia,Asia,Non-NATO,manpower_paramilitary,20000
Zambia,Africa,Africa,Non-NATO,manpower_paramilitary,1200
Ghana,Africa,Africa,Non-NATO,manpower_paramilitary,0
Zimbabwe,Africa,Africa,Non-NATO,manpower_paramilitary,21800
North Macedonia,Balkans,Europe,Non-NATO,manpower_paramilitary,3500
South Sudan,Africa,Africa,Non-NATO,manpower_paramilitary,0
Uganda,Africa,Africa,Non-NATO,manpower_paramilitary,10000
Lebanon,Middle East,Asia,Non-NATO,manpower_paramilitary,65000
Namibia,Africa,Africa,Non-NATO,manpower_paramilitary,5000
Luxembourg,Western Europe,Europe,NATO,manpower_paramilitary,0
Afghanistan,Asia,Asia,Non-NATO,manpower_paramilitary,80000
Niger,Africa,Africa,Non-NATO,manpower_paramilitary,5000
Eritrea,Africa,Africa,Non-NATO,manpower_paramilitary,0
Republic of the Congo,Africa,Africa,Non-NATO,manpower_paramilitary,2500
Botswana,Africa,Africa,Non-NATO,manpower_paramilitary,0
Mauritania,Africa,Africa,Non-NATO,manpower_paramilitary,5000
Dominican Republic,Central America,North America,Non-NATO,manpower_paramilitary,30000
Senegal,Africa,Africa,Non-NATO,manpower_paramilitary,0
Nepal,Asia-Pacific,Asia,Non-NATO,manpower_paramilitary,15000
Montenegro,Balkans,Europe,NATO,manpower_paramilitary,5500
El Salvador,Central America,North America,Non-NATO,manpower_paramilitary,15000
Burkina Faso,Africa,Africa,Non-NATO,manpower_paramilitary,4500
Madagascar,Africa,Africa,Non-NATO,manpower_paramilitary,8100
Nicaragua,Central America,North America,Non-NATO,manpower_paramilitary,5500
Bosnia and Herzegovina,Balkans,Europe,Non-NATO,manpower_paramilitary,0
Gabon,Africa,Africa,Non-NATO,manpower_paramilitary,2500
Moldova,Eastern Europe,Europe,Non-NATO,manpower_paramilitary,2000
Iceland,Scandinavia,Europe,NATO,manpower_paramilitary,0
Panama,Central America,North America,Non-NATO,manpower_paramilitary,80000
Beliz,Central America,North America,Non-NATO,manpower_paramilitary,0
Liberia,Africa,Africa,Non-NATO,manpower_paramilitary,5500
Suriname,Northern South America,South America,Non-NATO,manpower_paramilitary,200
Sierra Leone,Africa,Africa,Non-NATO,manpower_paramilitary,0
Kosovo,Southern Europe,Europe,Non-NATO,manpower_paramilitary,500
Somalia,Africa,Africa,Non-NATO,manpower_paramilitary,2000
Central African Republic,Africa,Africa,Non-NATO,manpower_paramilitary,1000
Benin,Africa,Africa,Non-NATO,manpower_paramilitary,0
Bhutan,Asia,Asia,Non-NATO,manpower_paramilitary,0
United States,Northern America,North America,NATO,total_aircraft,13043
Russia,Eastern Europe,Europe,Non-NATO,total_aircraft,4292
China,Asia-Pacific,Asia,Non-NATO,total_aircraft,3309
India,Asia-Pacific,Asia,Non-NATO,total_aircraft,2229
South Korea,Asia-Pacific,Asia,Non-NATO,total_aircraft,1592
United Kingdom,Northern Europe,Europe,NATO,total_aircraft,631
France,Western Europe,Europe,NATO,total_aircraft,976
Japan,Asia-Pacific,Asia,Non-NATO,total_aircraft,1443
Turkiye,Middle East,Asia,NATO,total_aircraft,1083
Italy,Southern Europe,Europe,NATO,total_aircraft,729
Brazil,Latin America,South America,Non-NATO,total_aircraft,513
Pakistan,Asia-Pacific,Asia,Non-NATO,total_aircraft,1399
Indonesia,Southeast Asia,Asia,Non-NATO,total_aircraft,459
Germany,Central Europe,Europe,NATO,total_aircraft,584
Israel,Middle East,Asia,Non-NATO,total_aircraft,611
Iran,Middle East,Asia,Non-NATO,total_aircraft,551
Spain,Southern Europe,Europe,NATO,total_aircraft,461
Australia,Asia-Pacific,Oceania,Non-NATO,total_aircraft,327
Egypt,Africa,Africa,Non-NATO,total_aircraft,1093
Ukraine,Eastern Europe,Europe,Non-NATO,total_aircraft,324
Poland,Eastern Europe,Europe,NATO,total_aircraft,479
Taiwan,Asia-Pacific,Asia,Non-NATO,total_aircraft,761
Vietnam,Southeast Asia,Asia,Non-NATO,total_aircraft,246
Saudi Arabia,Middle East,Asia,Non-NATO,total_aircraft,917
Thailand,Southeast Asia,Asia,Non-NATO,total_aircraft,493
Algeria,Africa,Africa,Non-NATO,total_aircraft,608
Sweden,Scandinavia,Europe,NATO,total_aircraft,169
Canada,Northern America,North America,NATO,total_aircraft,351
Singapore,Southeast Asia,Asia,Non-NATO,total_aircraft,230
Greece,Southern Europe,Europe,NATO,total_aircraft,558
Nigeria,Africa,Africa,Non-NATO,total_aircraft,163
Mexico,Mexico,North America,Non-NATO,total_aircraft,433
Argentina,Latin America,South America,Non-NATO,total_aircraft,239
North Korea,Asia-Pacific,Asia,Non-NATO,total_aircraft,861
Bangladesh,Asia-Pacific,Asia,Non-NATO,total_aircraft,214
Netherlands,Western Europe,Europe,NATO,total_aircraft,120
Myanmar,Southeast Asia,Asia,Non-NATO,total_aircraft,317
Norway,Scandinavia,Europe,NATO,total_aircraft,97
Portugal,Southern Europe,Europe,NATO,total_aircraft,115
South Africa,Africa,Africa,Non-NATO,total_aircraft,182
Philippines,Southeast Asia,Asia,Non-NATO,total_aircraft,202
Malaysia,Southeast Asia,Asia,Non-NATO,total_aircraft,135
Iraq,Middle East,Asia,Non-NATO,total_aircraft,391
Switzerland,Central Europe,Europe,Non-NATO,total_aircraft,146
Denmark,Scandinavia,Europe,NATO,total_aircraft,117
Colombia,Latin America,South America,Non-NATO,total_aircraft,436
Chile,Latin America,South America,Non-NATO,total_aircraft,277
Finland,Scandinavia,Europe,NATO,total_aircraft,163
Peru,Latin America,South America,Non-NATO,total_aircraft,256
Venezuela,Latin America,South America,Non-NATO,total_aircraft,229
Romania,Eastern Europe,Europe,Non-NATO,total_aircraft,140
Ethiopia,Africa,Africa,Non-NATO,total_aircraft,103
Czechia,Eastern Europe,Europe,NATO,total_aircraft,99
United Arab Emirates,Middle East,Asia,Non-NATO,total_aircraft,551
Hungary,Eastern Europe,Europe,NATO,total_aircraft,69
Angola,Africa,Africa,Non-NATO,total_aircraft,298
Kazakhstan,Asia,Asia,Non-NATO,total_aircraft,198
Uzbekistan,Asia,Asia,Non-NATO,total_aircraft,192
Morocco,Africa,Africa,Non-NATO,total_aircraft,260
Azerbaijan,Asia,Asia,Non-NATO,total_aircraft,154
Belgium,Western Europe,Europe,NATO,total_aircraft,108
Bulgaria,Eastern Europe,Europe,NATO,total_aircraft,65
Serbia,Balkans,Europe,Non-NATO,total_aircraft,110
Syria,Middle East,Asia,Non-NATO,total_aircraft,207
Ecuador,Latin America,South America,Non-NATO,total_aircraft,102
Democratic Republic of the Congo,Africa,Africa,Non-NATO,total_aircraft,46
Cuba,Central America,North America,Non-NATO,total_aircraft,31
Austria,Central Europe,Europe,Non-NATO,total_aircraft,85
Sri Lanka,Asia-Pacific,Asia,Non-NATO,total_aircraft,85
Belarus,Eastern Europe,Europe,Non-NATO,total_aircraft,185
Slovakia,Eastern Europe,Europe,NATO,total_aircraft,41
Qatar,Middle East,Asia,Non-NATO,total_aircraft,251
Sudan,Africa,Africa,Non-NATO,total_aircraft,165
Croatia,Balkans,Europe,NATO,total_aircraft,67
Jordan,Middle East,Asia,Non-NATO,total_aircraft,274
Libya,Africa,Africa,Non-NATO,total_aircraft,143
Turkmenistan,Asia,Asia,Non-NATO,total_aircraft,91
Albania,Balkans,Europe,NATO,total_aircraft,19
Kuwait,Gulf Powers,Asia,Non-NATO,total_aircraft,128
Bolivia,Latin America,South America,Non-NATO,total_aircraft,64
Bahrain,Gulf Powers,Asia,Non-NATO,total_aircraft,132
Oman,Gulf Powers,Asia,Non-NATO,total_aircraft,128
Kenya,Africa,Africa,Non-NATO,total_aircraft,156
Chad,Africa,Africa,Non-NATO,total_aircraft,40
Yemen,Middle East,Asia,Non-NATO,total_aircraft,84
New Zealand,Asia-Pacific,Oceania,Non-NATO,total_aircraft,48
Paraguay,Latin America,South America,Non-NATO,total_aircraft,39
Lithuania,Northern Europe,Europe,NATO,total_aircraft,9
Mozambique,Africa,Africa,Non-NATO,total_aircraft,22
Tunisia,Africa,Africa,Non-NATO,total_aircraft,154
Armenia,Asia,Asia,Non-NATO,total_aircraft,71
Tanzania,Africa,Africa,Non-NATO,total_aircraft,39
Cameroon,Africa,Africa,Non-NATO,total_aircraft,35
Georgia,Asia,Asia,Non-NATO,total_aircraft,61
Cambodia,Southeast Asia,Asia,Non-NATO,total_aircraft,25
Slovenia,Balkans,Europe,NATO,total_aircraft,39
Ireland,Northern Europe,Europe,Non-NATO,total_aircraft,22
Mongolia,Asia-Pacific,Asia,Non-NATO,total_aircraft,7
Latvia,Northern Europe,Europe,NATO,total_aircraft,7
Uruguay,Latin America,South America,Non-NATO,total_aircraft,43
Honduras,Central America,North America,Non-NATO,total_aircraft,40
Ivory Coast,Africa,Africa,Non-NATO,total_aircraft,19
Guatemala,Central America,North America,Non-NATO,total_aircraft,36
Mali,Africa,Africa,Non-NATO,total_aircraft,43
Kyrgyzstan,Asia,Asia,Non-NATO,total_aircraft,7
Laos,Southeast Asia,Asia,Non-NATO,total_aircraft,33
Estonia,Northern Europe,Europe,NATO,total_aircraft,5
Tajikistan,Asia,Asia,Non-NATO,total_aircraft,25
Zambia,Africa,Africa,Non-NATO,total_aircraft,77
Ghana,Africa,Africa,Non-NATO,total_aircraft,19
Zimbabwe,Africa,Africa,Non-NATO,total_aircraft,95
North Macedonia,Balkans,Europe,Non-NATO,total_aircraft,20
South Sudan,Africa,Africa,Non-NATO,total_aircraft,20
Uganda,Africa,Africa,Non-NATO,total_aircraft,51
Lebanon,Middle East,Asia,Non-NATO,total_aircraft,80
Namibia,Africa,Africa,Non-NATO,total_aircraft,34
Luxembourg,Western Europe,Europe,NATO,total_aircraft,1
Afghanistan,Asia,Asia,Non-NATO,total_aircraft,9
Niger,Africa,Africa,Non-NATO,total_aircraft,26
Eritrea,Africa,Africa,Non-NATO,total_aircraft,20
Republic of the Congo,Africa,Africa,Non-NATO,total_aircraft,13
Botswana,Africa,Africa,Non-NATO,total_aircraft,45
Mauritania,Africa,Africa,Non-NATO,total_aircraft,24
Dominican Republic,Central America,North America,Non-NATO,total_aircraft,79
Senegal,Africa,Africa,Non-NATO,total_aircraft,40
Nepal,Asia-Pacific,Asia,Non-NATO,total_aircraft,15
Montenegro,Balkans,Europe,NATO,total_aircraft,11
El Salvador,Central America,North America,Non-NATO,total_aircraft,52
Burkina Faso,Africa,Africa,Non-NATO,total_aircraft,25
Madagascar,Africa,Africa,Non-NATO,total_aircraft,5
Nicaragua,Central America,North America,Non-NATO,total_aircraft,17
Bosnia and Herzegovina,Balkans,Europe,Non-NATO,total_aircraft,22
Gabon,Africa,Africa,Non-NATO,total_aircraft,24
Moldova,Eastern Europe,Europe,Non-NATO,total_aircraft,3
Iceland,Scandinavia,Europe,NATO,total_aircraft,0
Panama,Central America,North America,Non-NATO,total_aircraft,38
Beliz,Central America,North America,Non-NATO,total_aircraft,3
Liberia,Africa,Africa,Non-NATO,total_aircraft,0
Suriname,Northern South America,South America,Non-NATO,total_aircraft,3
Sierra Leone,Africa,Africa,Non-NATO,total_aircraft,1
Kosovo,Southern Europe,Europe,Non-NATO,total_aircraft,0
Somalia,Africa,Africa,Non-NATO,total_aircraft,0
Central African Republic,Africa,Africa,Non-NATO,total_aircraft,6
Benin,Africa,Africa,Non-NATO,total_aircraft,5
Bhutan,Asia,Asia,Non-NATO,total_aircraft,2
United States,Northern America,North America,NATO,fighter_aircraft,1790
Russia,Eastern Europe,Europe,Non-NATO,fighter_aircraft,833
China,Asia-Pacific,Asia,Non-NATO,fighter_aircraft,1212
India,Asia-Pacific,Asia,Non-NATO,fighter_aircraft,513
South Korea,Asia-Pacific,Asia,Non-NATO,fighter_aircraft,315
United Kingdom,Northern Europe,Europe,NATO,fighter_aircraft,113
France,Western Europe,Europe,NATO,fighter_aircraft,226
Japan,Asia-Pacific,Asia,Non-NATO,fighter_aircraft,217
Turkiye,Middle East,Asia,NATO,fighter_aircraft,201
Italy,Southern Europe,Europe,NATO,fighter_aircraft,89
Brazil,Latin America,South America,Non-NATO,fighter_aircraft,43
Pakistan,Asia-Pacific,Asia,Non-NATO,fighter_aircraft,328
Indonesia,Southeast Asia,Asia,Non-NATO,fighter_aircraft,41
Germany,Central Europe,Europe,NATO,fighter_aircraft,129
Israel,Middle East,Asia,Non-NATO,fighter_aircraft,240
Iran,Middle East,Asia,Non-NATO,fighter_aircraft,188
Spain,Southern Europe,Europe,NATO,fighter_aircraft,137
Australia,Asia-Pacific,Oceania,Non-NATO,fighter_aircraft,24
Egypt,Africa,Africa,Non-NATO,fighter_aircraft,238
Ukraine,Eastern Europe,Europe,Non-NATO,fighter_aircraft,70
Poland,Eastern Europe,Europe,NATO,fighter_aircraft,59
Taiwan,Asia-Pacific,Asia,Non-NATO,fighter_aircraft,285
Vietnam,Southeast Asia,Asia,Non-NATO,fighter_aircraft,41
Saudi Arabia,Middle East,Asia,Non-NATO,fighter_aircraft,283
Thailand,Southeast Asia,Asia,Non-NATO,fighter_aircraft,72
Algeria,Africa,Africa,Non-NATO,fighter_aircraft,102
Sweden,Scandinavia,Europe,NATO,fighter_aircraft,71
Canada,Northern America,North America,NATO,fighter_aircraft,66
Singapore,Southeast Asia,Asia,Non-NATO,fighter_aircraft,100
Greece,Southern Europe,Europe,NATO,fighter_aircraft,178
Nigeria,Africa,Africa,Non-NATO,fighter_aircraft,14
Mexico,Mexico,North America,Non-NATO,fighter_aircraft,3
Argentina,Latin America,South America,Non-NATO,fighter_aircraft,23
North Korea,Asia-Pacific,Asia,Non-NATO,fighter_aircraft,368
Bangladesh,Asia-Pacific,Asia,Non-NATO,fighter_aircraft,42
Netherlands,Western Europe,Europe,NATO,fighter_aircraft,32
Myanmar,Southeast Asia,Asia,Non-NATO,fighter_aircraft,58
Norway,Scandinavia,Europe,NATO,fighter_aircraft,0
Portugal,Southern Europe,Europe,NATO,fighter_aircraft,28
South Africa,Africa,Africa,Non-NATO,fighter_aircraft,2
Philippines,Southeast Asia,Asia,Non-NATO,fighter_aircraft,0
Malaysia,Southeast Asia,Asia,Non-NATO,fighter_aircraft,26
Iraq,Middle East,Asia,Non-NATO,fighter_aircraft,26
Switzerland,Central Europe,Europe,Non-NATO,fighter_aircraft,43
Denmark,Scandinavia,Europe,NATO,fighter_aircraft,31
Colombia,Latin America,South America,Non-NATO,fighter_aircraft,16
Chile,Latin America,South America,Non-NATO,fighter_aircraft,45
Finland,Scandinavia,Europe,NATO,fighter_aircraft,54
Peru,Latin America,South America,Non-NATO,fighter_aircraft,15
Venezuela,Latin America,South America,Non-NATO,fighter_aircraft,30
Romania,Eastern Europe,Europe,Non-NATO,fighter_aircraft,21
Ethiopia,Africa,Africa,Non-NATO,fighter_aircraft,25
Czechia,Eastern Europe,Europe,NATO,fighter_aircraft,12
United Arab Emirates,Middle East,Asia,Non-NATO,fighter_aircraft,99
Hungary,Eastern Europe,Europe,NATO,fighter_aircraft,12
Angola,Africa,Africa,Non-NATO,fighter_aircraft,71
Kazakhstan,Asia,Asia,Non-NATO,fighter_aircraft,63
Uzbekistan,Asia,Asia,Non-NATO,fighter_aircraft,58
Morocco,Africa,Africa,Non-NATO,fighter_aircraft,83
Azerbaijan,Asia,Asia,Non-NATO,fighter_aircraft,12
Belgium,Western Europe,Europe,NATO,fighter_aircraft,43
Bulgaria,Eastern Europe,Europe,NATO,fighter_aircraft,10
Serbia,Balkans,Europe,Non-NATO,fighter_aircraft,11
Syria,Middle East,Asia,Non-NATO,fighter_aircraft,104
Ecuador,Latin America,South America,Non-NATO,fighter_aircraft,0
Democratic Republic of the Congo,Africa,Africa,Non-NATO,fighter_aircraft,1
Cuba,Central America,North America,Non-NATO,fighter_aircraft,11
Austria,Central Europe,Europe,Non-NATO,fighter_aircraft,15
Sri Lanka,Asia-Pacific,Asia,Non-NATO,fighter_aircraft,5
Belarus,Eastern Europe,Europe,Non-NATO,fighter_aircraft,36
Slovakia,Eastern Europe,Europe,NATO,fighter_aircraft,2
Qatar,Middle East,Asia,Non-NATO,fighter_aircraft,102
Sudan,Africa,Africa,Non-NATO,fighter_aircraft,37
Croatia,Balkans,Europe,NATO,fighter_aircraft,10
Jordan,Middle East,Asia,Non-NATO,fighter_aircraft,44
Libya,Africa,Africa,Non-NATO,fighter_aircraft,10
Turkmenistan,Asia,Asia,Non-NATO,fighter_aircraft,24
Albania,Balkans,Europe,NATO,fighter_aircraft,0
Kuwait,Gulf Powers,Asia,Non-NATO,fighter_aircraft,43
Bolivia,Latin America,South America,Non-NATO,fighter_aircraft,0
Bahrain,Gulf Powers,Asia,Non-NATO,fighter_aircraft,24
Oman,Gulf Powers,Asia,Non-NATO,fighter_aircraft,29
Kenya,Africa,Africa,Non-NATO,fighter_aircraft,17
Chad,Africa,Africa,Non-NATO,fighter_aircraft,0
Yemen,Middle East,Asia,Non-NATO,fighter_aircraft,27
New Zealand,Asia-Pacific,Oceania,Non-NATO,fighter_aircraft,0
Paraguay,Latin America,South America,Non-NATO,fighter_aircraft,0
Lithuania,Northern Europe,Europe,NATO,fighter_aircraft,0
Mozambique,Africa,Africa,Non-NATO,fighter_aircraft,8
Tunisia,Africa,Africa,Non-NATO,fighter_aircraft,10
Armenia,Asia,Asia,Non-NATO,fighter_aircraft,4
Tanzania,Africa,Africa,Non-NATO,fighter_aircraft,14
Cameroon,Africa,Africa,Non-NATO,fighter_aircraft,0
Georgia,Asia,Asia,Non-NATO,fighter_aircraft,0
Cambodia,Southeast Asia,Asia,Non-NATO,fighter_aircraft,0
Slovenia,Balkans,Europe,NATO,fighter_aircraft,0
Ireland,Northern Europe,Europe,Non-NATO,fighter_aircraft,0
Mongolia,Asia-Pacific,Asia,Non-NATO,fighter_aircraft,0
Latvia,Northern Europe,Europe,NATO,fighter_aircraft,0
Uruguay,Latin America,South America,Non-NATO,fighter_aircraft,0
Honduras,Central America,North America,Non-NATO,fighter_aircraft,4
Ivory Coast,Africa,Africa,Non-NATO,fighter_aircraft,0
Guatemala,Central America,North America,Non-NATO,fighter_aircraft,0
Mali,Africa,Africa,Non-NATO,fighter_aircraft,9
Kyrgyzstan,Asia,Asia,Non-NATO,fighter_aircraft,0
Laos,Southeast Asia,Asia,Non-NATO,fighter_aircraft,0
Estonia,Northern Europe,Europe,NATO,fighter_aircraft,0
Tajikistan,Asia,Asia,Non-NATO,fighter_aircraft,0
Zambia,Africa,Africa,Non-NATO,fighter_aircraft,0
Ghana,Africa,Africa,Non-NATO,fighter_aircraft,0
Zimbabwe,Africa,Africa,Non-NATO,fighter_aircraft,13
North Macedonia,Balkans,Europe,Non-NATO,fighter_aircraft,0
South Sudan,Africa,Africa,Non-NATO,fighter_aircraft,0
Uganda,Africa,Africa,Non-NATO,fighter_aircraft,6
Lebanon,Middle East,Asia,Non-NATO,fighter_aircraft,0
Namibia,Africa,Africa,Non-NATO,fighter_aircraft,11
Luxembourg,Western Europe,Europe,NATO,fighter_aircraft,0
Afghanistan,Asia,Asia,Non-NATO,fighter_aircraft,0
Niger,Africa,Africa,Non-NATO,fighter_aircraft,0
Eritrea,Africa,Africa,Non-NATO,fighter_aircraft,1
Republic of the Congo,Africa,Africa,Non-NATO,fighter_aircraft,2
Botswana,Africa,Africa,Non-NATO,fighter_aircraft,11
Mauritania,Africa,Africa,Non-NATO,fighter_aircraft,0
Dominican Republic,Central America,North America,Non-NATO,fighter_aircraft,0
Senegal,Africa,Africa,Non-NATO,fighter_aircraft,0
Nepal,Asia-Pacific,Asia,Non-NATO,fighter_aircraft,0
Montenegro,Balkans,Europe,NATO,fighter_aircraft,0
El Salvador,Central America,North America,Non-NATO,fighter_aircraft,0
Burkina Faso,Africa,Africa,Non-NATO,fighter_aircraft,0
Madagascar,Africa,Africa,Non-NATO,fighter_aircraft,0
Nicaragua,Central America,North America,Non-NATO,fighter_aircraft,0
Bosnia and Herzegovina,Balkans,Europe,Non-NATO,fighter_aircraft,0
Gabon,Africa,Africa,Non-NATO,fighter_aircraft,6
Moldova,Eastern Europe,Europe,Non-NATO,fighter_aircraft,0
Iceland,Scandinavia,Europe,NATO,fighter_aircraft,0
Panama,Central America,North America,Non-NATO,fighter_aircraft,0
Beliz,Central America,North America,Non-NATO,fighter_aircraft,0
Liberia,Africa,Africa,Non-NATO,fighter_aircraft,0
Suriname,Northern South America,South America,Non-NATO,fighter_aircraft,0
Sierra Leone,Africa,Africa,Non-NATO,fighter_aircraft,0
Kosovo,Southern Europe,Europe,Non-NATO,fighter_aircraft,0
Somalia,Africa,Africa,Non-NATO,fighter_aircraft,0
Central African Republic,Africa,Africa,Non-NATO,fighter_aircraft,0
Benin,Africa,Africa,Non-NATO,fighter_aircraft,0
Bhutan,Asia,Asia,Non-NATO,fighter_aircraft,0
United States,Northern America,North America,NATO,attack_aircraft,889
Russia,Eastern Europe,Europe,Non-NATO,attack_aircraft,689
China,Asia-Pacific,Asia,Non-NATO,attack_aircraft,371
India,Asia-Pacific,Asia,Non-NATO,attack_aircraft,130
South Korea,Asia-Pacific,Asia,Non-NATO,attack_aircraft,98
United Kingdom,Northern Europe,Europe,NATO,attack_aircraft,31
France,Western Europe,Europe,NATO,attack_aircraft,0
Japan,Asia-Pacific,Asia,Non-NATO,attack_aircraft,38
Turkiye,Middle East,Asia,NATO,attack_aircraft,0
Italy,Southern Europe,Europe,NATO,attack_aircraft,67
Brazil,Latin America,South America,Non-NATO,attack_aircraft,38
Pakistan,Asia-Pacific,Asia,Non-NATO,attack_aircraft,90
Indonesia,Southeast Asia,Asia,Non-NATO,attack_aircraft,34
Germany,Central Europe,Europe,NATO,attack_aircraft,63
Israel,Middle East,Asia,Non-NATO,attack_aircraft,38
Iran,Middle East,Asia,Non-NATO,attack_aircraft,21
Spain,Southern Europe,Europe,NATO,attack_aircraft,12
Australia,Asia-Pacific,Oceania,Non-NATO,attack_aircraft,62
Egypt,Africa,Africa,Non-NATO,attack_aircraft,90
Ukraine,Eastern Europe,Europe,Non-NATO,attack_aircraft,36
Poland,Eastern Europe,Europe,NATO,attack_aircraft,44
Taiwan,Asia-Pacific,Asia,Non-NATO,attack_aircraft,0
Vietnam,Southeast Asia,Asia,Non-NATO,attack_aircraft,32
Saudi Arabia,Middle East,Asia,Non-NATO,attack_aircraft,81
Thailand,Southeast Asia,Asia,Non-NATO,attack_aircraft,20
Algeria,Africa,Africa,Non-NATO,attack_aircraft,42
Sweden,Scandinavia,Europe,NATO,attack_aircraft,0
Canada,Northern America,North America,NATO,attack_aircraft,0
Singapore,Southeast Asia,Asia,Non-NATO,attack_aircraft,0
Greece,Southern Europe,Europe,NATO,attack_aircraft,0
Nigeria,Africa,Africa,Non-NATO,attack_aircraft,24
Mexico,Mexico,North America,Non-NATO,attack_aircraft,33
Argentina,Latin America,South America,Non-NATO,attack_aircraft,11
North Korea,Asia-Pacific,Asia,Non-NATO,attack_aircraft,114
Bangladesh,Asia-Pacific,Asia,Non-NATO,attack_aircraft,0
Netherlands,Western Europe,Europe,NATO,attack_aircraft,0
Myanmar,Southeast Asia,Asia,Non-NATO,attack_aircraft,26
Norway,Scandinavia,Europe,NATO,attack_aircraft,32
Portugal,Southern Europe,Europe,NATO,attack_aircraft,0
South Africa,Africa,Africa,Non-NATO,attack_aircraft,0
Philippines,Southeast Asia,Asia,Non-NATO,attack_aircraft,25
Malaysia,Southeast Asia,Asia,Non-NATO,attack_aircraft,12
Iraq,Middle East,Asia,Non-NATO,attack_aircraft,36
Switzerland,Central Europe,Europe,Non-NATO,attack_aircraft,0
Denmark,Scandinavia,Europe,NATO,attack_aircraft,4
Colombia,Latin America,South America,Non-NATO,attack_aircraft,24
Chile,Latin America,South America,Non-NATO,attack_aircraft,0
Finland,Scandinavia,Europe,NATO,attack_aircraft,0
Peru,Latin America,South America,Non-NATO,attack_aircraft,22
Venezuela,Latin America,South America,Non-NATO,attack_aircraft,0
Romania,Eastern Europe,Europe,Non-NATO,attack_aircraft,0
Ethiopia,Africa,Africa,Non-NATO,attack_aircraft,0
Czechia,Eastern Europe,Europe,NATO,attack_aircraft,16
United Arab Emirates,Middle East,Asia,Non-NATO,attack_aircraft,16
Hungary,Eastern Europe,Europe,NATO,attack_aircraft,0
Angola,Africa,Africa,Non-NATO,attack_aircraft,12
Kazakhstan,Asia,Asia,Non-NATO,attack_aircraft,25
Uzbekistan,Asia,Asia,Non-NATO,attack_aircraft,13
Morocco,Africa,Africa,Non-NATO,attack_aircraft,0
Azerbaijan,Asia,Asia,Non-NATO,attack_aircraft,18
Belgium,Western Europe,Europe,NATO,attack_aircraft,0
Bulgaria,Eastern Europe,Europe,NATO,attack_aircraft,5
Serbia,Balkans,Europe,Non-NATO,attack_aircraft,17
Syria,Middle East,Asia,Non-NATO,attack_aircraft,9
Ecuador,Latin America,South America,Non-NATO,attack_aircraft,0
Democratic Republic of the Congo,Africa,Africa,Non-NATO,attack_aircraft,6
Cuba,Central America,North America,Non-NATO,attack_aircraft,0
Austria,Central Europe,Europe,Non-NATO,attack_aircraft,0
Sri Lanka,Asia-Pacific,Asia,Non-NATO,attack_aircraft,0
Belarus,Eastern Europe,Europe,Non-NATO,attack_aircraft,50
Slovakia,Eastern Europe,Europe,NATO,attack_aircraft,0
Qatar,Middle East,Asia,Non-NATO,attack_aircraft,6
Sudan,Africa,Africa,Non-NATO,attack_aircraft,27
Croatia,Balkans,Europe,NATO,attack_aircraft,0
Jordan,Middle East,Asia,Non-NATO,attack_aircraft,6
Libya,Africa,Africa,Non-NATO,attack_aircraft,1
Turkmenistan,Asia,Asia,Non-NATO,attack_aircraft,27
Albania,Balkans,Europe,NATO,attack_aircraft,0
Kuwait,Gulf Powers,Asia,Non-NATO,attack_aircraft,0
Bolivia,Latin America,South America,Non-NATO,attack_aircraft,0
Bahrain,Gulf Powers,Asia,Non-NATO,attack_aircraft,0
Oman,Gulf Powers,Asia,Non-NATO,attack_aircraft,10
Kenya,Africa,Africa,Non-NATO,attack_aircraft,0
Chad,Africa,Africa,Non-NATO,attack_aircraft,7
Yemen,Middle East,Asia,Non-NATO,attack_aircraft,12
New Zealand,Asia-Pacific,Oceania,Non-NATO,attack_aircraft,0
Paraguay,Latin America,South America,Non-NATO,attack_aircraft,0
Lithuania,Northern Europe,Europe,NATO,attack_aircraft,0
Mozambique,Africa,Africa,Non-NATO,attack_aircraft,0
Tunisia,Africa,Africa,Non-NATO,attack_aircraft,0
Armenia,Asia,Asia,Non-NATO,attack_aircraft,15
Tanzania,Africa,Africa,Non-NATO,attack_aircraft,0
Cameroon,Africa,Africa,Non-NATO,attack_aircraft,0
Georgia,Asia,Asia,Non-NATO,attack_aircraft,5
Cambodia,Southeast Asia,Asia,Non-NATO,attack_aircraft,0
Slovenia,Balkans,Europe,NATO,attack_aircraft,0
Ireland,Northern Europe,Europe,Non-NATO,attack_aircraft,0
Mongolia,Asia-Pacific,Asia,Non-NATO,attack_aircraft,0
Latvia,Northern Europe,Europe,NATO,attack_aircraft,0
Uruguay,Latin America,South America,Non-NATO,attack_aircraft,6
Honduras,Central America,North America,Non-NATO,attack_aircraft,7
Ivory Coast,Africa,Africa,Non-NATO,attack_aircraft,0
Guatemala,Central America,North America,Non-NATO,attack_aircraft,4
Mali,Africa,Africa,Non-NATO,attack_aircraft,12
Kyrgyzstan,Asia,Asia,Non-NATO,attack_aircraft,0
Laos,Southeast Asia,Asia,Non-NATO,attack_aircraft,0
Estonia,Northern Europe,Europe,NATO,attack_aircraft,0
Tajikistan,Asia,Asia,Non-NATO,attack_aircraft,0
Zambia,Africa,Africa,Non-NATO,attack_aircraft,0
Ghana,Africa,Africa,Non-NATO,attack_aircraft,0
Zimbabwe,Africa,Africa,Non-NATO,attack_aircraft,0
North Macedonia,Balkans,Europe,Non-NATO,attack_aircraft,0
South Sudan,Africa,Africa,Non-NATO,attack_aircraft,0
Uganda,Africa,Africa,Non-NATO,attack_aircraft,0
Lebanon,Middle East,Asia,Non-NATO,attack_aircraft,9
Namibia,Africa,Africa,Non-NATO,attack_aircraft,0
Luxembourg,Western Europe,Europe,NATO,attack_aircraft,0
Afghanistan,Asia,Asia,Non-NATO,attack_aircraft,0
Niger,Africa,Africa,Non-NATO,attack_aircraft,2
Eritrea,Africa,Africa,Non-NATO,attack_aircraft,0
Republic of the Congo,Africa,Africa,Non-NATO,attack_aircraft,0
Botswana,Africa,Africa,Non-NATO,attack_aircraft,0
Mauritania,Africa,Africa,Non-NATO,attack_aircraft,4
Dominican Republic,Central America,North America,Non-NATO,attack_aircraft,8
Senegal,Africa,Africa,Non-NATO,attack_aircraft,0
Nepal,Asia-Pacific,Asia,Non-NATO,attack_aircraft,0
Montenegro,Balkans,Europe,NATO,attack_aircraft,0
El Salvador,Central America,North America,Non-NATO,attack_aircraft,15
Burkina Faso,Africa,Africa,Non-NATO,attack_aircraft,3
Madagascar,Africa,Africa,Non-NATO,attack_aircraft,0
Nicaragua,Central America,North America,Non-NATO,attack_aircraft,0
Bosnia and Herzegovina,Balkans,Europe,Non-NATO,attack_aircraft,0
Gabon,Africa,Africa,Non-NATO,attack_aircraft,0
Moldova,Eastern Europe,Europe,Non-NATO,attack_aircraft,0
Iceland,Scandinavia,Europe,NATO,attack_aircraft,0
Panama,Central America,North America,Non-NATO,attack_aircraft,0
Beliz,Central America,North America,Non-NATO,attack_aircraft,0
Liberia,Africa,Africa,Non-NATO,attack_aircraft,0
Suriname,Northern South America,South America,Non-NATO,attack_aircraft,0
Sierra Leone,Africa,Africa,Non-NATO,attack_aircraft,0
Kosovo,Southern Europe,Europe,Non-NATO,attack_aircraft,0
Somalia,Africa,Africa,Non-NATO,attack_aircraft,0
Central African Republic,Africa,Africa,Non-NATO,attack_aircraft,6
Benin,Africa,Africa,Non-NATO,attack_aircraft,0
Bhutan,Asia,Asia,Non-NATO,attack_aircraft,0
United States,Northern America,North America,NATO,transport_aircraft,918
Russia,Eastern Europe,Europe,Non-NATO,transport_aircraft,456
China,Asia-Pacific,Asia,Non-NATO,transport_aircraft,289
India,Asia-Pacific,Asia,Non-NATO,transport_aircraft,270
South Korea,Asia-Pacific,Asia,Non-NATO,transport_aircraft,41
United Kingdom,Northern Europe,Europe,NATO,transport_aircraft,29
France,Western Europe,Europe,NATO,transport_aircraft,119
Japan,Asia-Pacific,Asia,Non-NATO,transport_aircraft,55
Turkiye,Middle East,Asia,NATO,transport_aircraft,84
Italy,Southern Europe,Europe,NATO,transport_aircraft,30
Brazil,Latin America,South America,Non-NATO,transport_aircraft,109
Pakistan,Asia-Pacific,Asia,Non-NATO,transport_aircraft,64
Indonesia,Southeast Asia,Asia,Non-NATO,transport_aircraft,70
Germany,Central Europe,Europe,NATO,transport_aircraft,50
Israel,Middle East,Asia,Non-NATO,transport_aircraft,13
Iran,Middle East,Asia,Non-NATO,transport_aircraft,87
Spain,Southern Europe,Europe,NATO,transport_aircraft,51
Australia,Asia-Pacific,Oceania,Non-NATO,transport_aircraft,38
Egypt,Africa,Africa,Non-NATO,transport_aircraft,61
Ukraine,Eastern Europe,Europe,Non-NATO,transport_aircraft,24
Poland,Eastern Europe,Europe,NATO,transport_aircraft,49
Taiwan,Asia-Pacific,Asia,Non-NATO,transport_aircraft,19
Vietnam,Southeast Asia,Asia,Non-NATO,transport_aircraft,9
Saudi Arabia,Middle East,Asia,Non-NATO,transport_aircraft,49
Thailand,Southeast Asia,Asia,Non-NATO,transport_aircraft,54
Algeria,Africa,Africa,Non-NATO,transport_aircraft,63
Sweden,Scandinavia,Europe,NATO,transport_aircraft,6
Canada,Northern America,North America,NATO,transport_aircraft,28
Singapore,Southeast Asia,Asia,Non-NATO,transport_aircraft,9
Greece,Southern Europe,Europe,NATO,transport_aircraft,15
Nigeria,Africa,Africa,Non-NATO,transport_aircraft,23
Mexico,Mexico,North America,Non-NATO,transport_aircraft,41
Argentina,Latin America,South America,Non-NATO,transport_aircraft,52
North Korea,Asia-Pacific,Asia,Non-NATO,transport_aircraft,1
Bangladesh,Asia-Pacific,Asia,Non-NATO,transport_aircraft,17
Netherlands,Western Europe,Europe,NATO,transport_aircraft,4
Myanmar,Southeast Asia,Asia,Non-NATO,transport_aircraft,30
Norway,Scandinavia,Europe,NATO,transport_aircraft,4
Portugal,Southern Europe,Europe,NATO,transport_aircraft,19
South Africa,Africa,Africa,Non-NATO,transport_aircraft,12
Philippines,Southeast Asia,Asia,Non-NATO,transport_aircraft,26
Malaysia,Southeast Asia,Asia,Non-NATO,transport_aircraft,16
Iraq,Middle East,Asia,Non-NATO,transport_aircraft,15
Switzerland,Central Europe,Europe,Non-NATO,transport_aircraft,16
Denmark,Scandinavia,Europe,NATO,transport_aircraft,4
Colombia,Latin America,South America,Non-NATO,transport_aircraft,86
Chile,Latin America,South America,Non-NATO,transport_aircraft,32
Finland,Scandinavia,Europe,NATO,transport_aircraft,11
Peru,Latin America,South America,Non-NATO,transport_aircraft,38
Venezuela,Latin America,South America,Non-NATO,transport_aircraft,49
Romania,Eastern Europe,Europe,Non-NATO,transport_aircraft,14
Ethiopia,Africa,Africa,Non-NATO,transport_aircraft,8
Czechia,Eastern Europe,Europe,NATO,transport_aircraft,10
United Arab Emirates,Middle East,Asia,Non-NATO,transport_aircraft,37
Hungary,Eastern Europe,Europe,NATO,transport_aircraft,3
Angola,Africa,Africa,Non-NATO,transport_aircraft,31
Kazakhstan,Asia,Asia,Non-NATO,transport_aircraft,19
Uzbekistan,Asia,Asia,Non-NATO,transport_aircraft,13
Morocco,Africa,Africa,Non-NATO,transport_aircraft,31
Azerbaijan,Asia,Asia,Non-NATO,transport_aircraft,3
Belgium,Western Europe,Europe,NATO,transport_aircraft,7
Bulgaria,Eastern Europe,Europe,NATO,transport_aircraft,6
Serbia,Balkans,Europe,Non-NATO,transport_aircraft,3
Syria,Middle East,Asia,Non-NATO,transport_aircraft,3
Ecuador,Latin America,South America,Non-NATO,transport_aircraft,20
Democratic Republic of the Congo,Africa,Africa,Non-NATO,transport_aircraft,6
Cuba,Central America,North America,Non-NATO,transport_aircraft,4
Austria,Central Europe,Europe,Non-NATO,transport_aircraft,11
Sri Lanka,Asia-Pacific,Asia,Non-NATO,transport_aircraft,14
Belarus,Eastern Europe,Europe,Non-NATO,transport_aircraft,4
Slovakia,Eastern Europe,Europe,NATO,transport_aircraft,7
Qatar,Middle East,Asia,Non-NATO,transport_aircraft,12
Sudan,Africa,Africa,Non-NATO,transport_aircraft,13
Croatia,Balkans,Europe,NATO,transport_aircraft,0
Jordan,Middle East,Asia,Non-NATO,transport_aircraft,13
Libya,Africa,Africa,Non-NATO,transport_aircraft,6
Turkmenistan,Asia,Asia,Non-NATO,transport_aircraft,5
Albania,Balkans,Europe,NATO,transport_aircraft,0
Kuwait,Gulf Powers,Asia,Non-NATO,transport_aircraft,2
Bolivia,Latin America,South America,Non-NATO,transport_aircraft,15
Bahrain,Gulf Powers,Asia,Non-NATO,transport_aircraft,3
Oman,Gulf Powers,Asia,Non-NATO,transport_aircraft,9
Kenya,Africa,Africa,Non-NATO,transport_aircraft,21
Chad,Africa,Africa,Non-NATO,transport_aircraft,7
Yemen,Middle East,Asia,Non-NATO,transport_aircraft,2
New Zealand,Asia-Pacific,Oceania,Non-NATO,transport_aircraft,8
Paraguay,Latin America,South America,Non-NATO,transport_aircraft,11
Lithuania,Northern Europe,Europe,NATO,transport_aircraft,5
Mozambique,Africa,Africa,Non-NATO,transport_aircraft,4
Tunisia,Africa,Africa,Non-NATO,transport_aircraft,11
Armenia,Asia,Asia,Non-NATO,transport_aircraft,3
Tanzania,Africa,Africa,Non-NATO,transport_aircraft,6
Cameroon,Africa,Africa,Non-NATO,transport_aircraft,6
Georgia,Asia,Asia,Non-NATO,transport_aircraft,2
Cambodia,Southeast Asia,Asia,Non-NATO,transport_aircraft,4
Slovenia,Balkans,Europe,NATO,transport_aircraft,4
Ireland,Northern Europe,Europe,Non-NATO,transport_aircraft,4
Mongolia,Asia-Pacific,Asia,Non-NATO,transport_aircraft,3
Latvia,Northern Europe,Europe,NATO,transport_aircraft,0
Uruguay,Latin America,South America,Non-NATO,transport_aircraft,6
Honduras,Central America,North America,Non-NATO,transport_aircraft,10
Ivory Coast,Africa,Africa,Non-NATO,transport_aircraft,4
Guatemala,Central America,North America,Non-NATO,transport_aircraft,10
Mali,Africa,Africa,Non-NATO,transport_aircraft,7
Kyrgyzstan,Asia,Asia,Non-NATO,transport_aircraft,0
Laos,Southeast Asia,Asia,Non-NATO,transport_aircraft,2
Estonia,Northern Europe,Europe,NATO,transport_aircraft,2
Tajikistan,Asia,Asia,Non-NATO,transport_aircraft,1
Zambia,Africa,Africa,Non-NATO,transport_aircraft,13
Ghana,Africa,Africa,Non-NATO,transport_aircraft,2
Zimbabwe,Africa,Africa,Non-NATO,transport_aircraft,14
North Macedonia,Balkans,Europe,Non-NATO,transport_aircraft,0
South Sudan,Africa,Africa,Non-NATO,transport_aircraft,5
Uganda,Africa,Africa,Non-NATO,transport_aircraft,0
Lebanon,Middle East,Asia,Non-NATO,transport_aircraft,0
Namibia,Africa,Africa,Non-NATO,transport_aircraft,3
Luxembourg,Western Europe,Europe,NATO,transport_aircraft,1
Afghanistan,Asia,Asia,Non-NATO,transport_aircraft,3
Niger,Africa,Africa,Non-NATO,transport_aircraft,7
Eritrea,Africa,Africa,Non-NATO,transport_aircraft,5
Republic of the Congo,Africa,Africa,Non-NATO,transport_aircraft,4
Botswana,Africa,Africa,Non-NATO,transport_aircraft,9
Mauritania,Africa,Africa,Non-NATO,transport_aircraft,7
Dominican Republic,Central America,North America,Non-NATO,transport_aircraft,11
Senegal,Africa,Africa,Non-NATO,transport_aircraft,5
Nepal,Asia-Pacific,Asia,Non-NATO,transport_aircraft,5
Montenegro,Balkans,Europe,NATO,transport_aircraft,0
El Salvador,Central America,North America,Non-NATO,transport_aircraft,4
Burkina Faso,Africa,Africa,Non-NATO,transport_aircraft,2
Madagascar,Africa,Africa,Non-NATO,transport_aircraft,0
Nicaragua,Central America,North America,Non-NATO,transport_aircraft,5
Bosnia and Herzegovina,Balkans,Europe,Non-NATO,transport_aircraft,0
Gabon,Africa,Africa,Non-NATO,transport_aircraft,3
Moldova,Eastern Europe,Europe,Non-NATO,transport_aircraft,1
Iceland,Scandinavia,Europe,NATO,transport_aircraft,0
Panama,Central America,North America,Non-NATO,transport_aircraft,13
Beliz,Central America,North America,Non-NATO,transport_aircraft,1
Liberia,Africa,Africa,Non-NATO,transport_aircraft,0
Suriname,Northern South America,South America,Non-NATO,transport_aircraft,0
Sierra Leone,Africa,Africa,Non-NATO,transport_aircraft,0
Kosovo,Southern Europe,Europe,Non-NATO,transport_aircraft,0
Somalia,Africa,Africa,Non-NATO,transport_aircraft,0
Central African Republic,Africa,Africa,Non-NATO,transport_aircraft,0
Benin,Africa,Africa,Non-NATO,transport_aircraft,0
Bhutan,Asia,Asia,Non-NATO,transport_aircraft,0
United States,Northern America,North America,NATO,aircraft_total_trainers,2647
Russia,Eastern Europe,Europe,Non-NATO,aircraft_total_trainers,611
China,Asia-Pacific,Asia,Non-NATO,aircraft_total_trainers,402
India,Asia-Pacific,Asia,Non-NATO,aircraft_total_trainers,351
South Korea,Asia-Pacific,Asia,Non-NATO,aircraft_total_trainers,318
United Kingdom,Northern Europe,Europe,NATO,aircraft_total_trainers,203
France,Western Europe,Europe,NATO,aircraft_total_trainers,141
Japan,Asia-Pacific,Asia,Non-NATO,aircraft_total_trainers,401
Turkiye,Middle East,Asia,NATO,aircraft_total_trainers,287
Italy,Southern Europe,Europe,NATO,aircraft_total_trainers,162
Brazil,Latin America,South America,Non-NATO,aircraft_total_trainers,133
Pakistan,Asia-Pacific,Asia,Non-NATO,aircraft_total_trainers,565
Indonesia,Southeast Asia,Asia,Non-NATO,aircraft_total_trainers,112
Germany,Central Europe,Europe,NATO,aircraft_total_trainers,35
Israel,Middle East,Asia,Non-NATO,aircraft_total_trainers,159
Iran,Middle East,Asia,Non-NATO,aircraft_total_trainers,103
Spain,Southern Europe,Europe,NATO,aircraft_total_trainers,140
Australia,Asia-Pacific,Oceania,Non-NATO,aircraft_total_trainers,98
Egypt,Africa,Africa,Non-NATO,aircraft_total_trainers,345
Ukraine,Eastern Europe,Europe,Non-NATO,aircraft_total_trainers,73
Poland,Eastern Europe,Europe,NATO,aircraft_total_trainers,105
Taiwan,Asia-Pacific,Asia,Non-NATO,aircraft_total_trainers,232
Vietnam,Southeast Asia,Asia,Non-NATO,aircraft_total_trainers,60
Saudi Arabia,Middle East,Asia,Non-NATO,aircraft_total_trainers,202
Thailand,Southeast Asia,Asia,Non-NATO,aircraft_total_trainers,135
Algeria,Africa,Africa,Non-NATO,aircraft_total_trainers,87
Sweden,Scandinavia,Europe,NATO,aircraft_total_trainers,33
Canada,Northern America,North America,NATO,aircraft_total_trainers,95
Singapore,Southeast Asia,Asia,Non-NATO,aircraft_total_trainers,36
Greece,Southern Europe,Europe,NATO,aircraft_total_trainers,81
Nigeria,Africa,Africa,Non-NATO,aircraft_total_trainers,28
Mexico,Mexico,North America,Non-NATO,aircraft_total_trainers,176
Argentina,Latin America,South America,Non-NATO,aircraft_total_trainers,71
North Korea,Asia-Pacific,Asia,Non-NATO,aircraft_total_trainers,173
Bangladesh,Asia-Pacific,Asia,Non-NATO,aircraft_total_trainers,86
Netherlands,Western Europe,Europe,NATO,aircraft_total_trainers,21
Myanmar,Southeast Asia,Asia,Non-NATO,aircraft_total_trainers,119
Norway,Scandinavia,Europe,NATO,aircraft_total_trainers,23
Portugal,Southern Europe,Europe,NATO,aircraft_total_trainers,23
South Africa,Africa,Africa,Non-NATO,aircraft_total_trainers,81
Philippines,Southeast Asia,Asia,Non-NATO,aircraft_total_trainers,23
Malaysia,Southeast Asia,Asia,Non-NATO,aircraft_total_trainers,31
Iraq,Middle East,Asia,Non-NATO,aircraft_total_trainers,139
Switzerland,Central Europe,Europe,Non-NATO,aircraft_total_trainers,44
Denmark,Scandinavia,Europe,NATO,aircraft_total_trainers,41
Colombia,Latin America,South America,Non-NATO,aircraft_total_trainers,72
Chile,Latin America,South America,Non-NATO,aircraft_total_trainers,92
Finland,Scandinavia,Europe,NATO,aircraft_total_trainers,77
Peru,Latin America,South America,Non-NATO,aircraft_total_trainers,72
Venezuela,Latin America,South America,Non-NATO,aircraft_total_trainers,75
Romania,Eastern Europe,Europe,Non-NATO,aircraft_total_trainers,44
Ethiopia,Africa,Africa,Non-NATO,aircraft_total_trainers,34
Czechia,Eastern Europe,Europe,NATO,aircraft_total_trainers,17
United Arab Emirates,Middle East,Asia,Non-NATO,aircraft_total_trainers,147
Hungary,Eastern Europe,Europe,NATO,aircraft_total_trainers,12
Angola,Africa,Africa,Non-NATO,aircraft_total_trainers,66
Kazakhstan,Asia,Asia,Non-NATO,aircraft_total_trainers,26
Uzbekistan,Asia,Asia,Non-NATO,aircraft_total_trainers,7
Morocco,Africa,Africa,Non-NATO,aircraft_total_trainers,75
Azerbaijan,Asia,Asia,Non-NATO,aircraft_total_trainers,35
Belgium,Western Europe,Europe,NATO,aircraft_total_trainers,38
Bulgaria,Eastern Europe,Europe,NATO,aircraft_total_trainers,21
Serbia,Balkans,Europe,Non-NATO,aircraft_total_trainers,33
Syria,Middle East,Asia,Non-NATO,aircraft_total_trainers,15
Ecuador,Latin America,South America,Non-NATO,aircraft_total_trainers,34
Democratic Republic of the Congo,Africa,Africa,Non-NATO,aircraft_total_trainers,1
Cuba,Central America,North America,Non-NATO,aircraft_total_trainers,3
Austria,Central Europe,Europe,Non-NATO,aircraft_total_trainers,18
Sri Lanka,Asia-Pacific,Asia,Non-NATO,aircraft_total_trainers,8
Belarus,Eastern Europe,Europe,Non-NATO,aircraft_total_trainers,27
Slovakia,Eastern Europe,Europe,NATO,aircraft_total_trainers,9
Qatar,Middle East,Asia,Non-NATO,aircraft_total_trainers,51
Sudan,Africa,Africa,Non-NATO,aircraft_total_trainers,15
Croatia,Balkans,Europe,NATO,aircraft_total_trainers,28
Jordan,Middle East,Asia,Non-NATO,aircraft_total_trainers,66
Libya,Africa,Africa,Non-NATO,aircraft_total_trainers,38
Turkmenistan,Asia,Asia,Non-NATO,aircraft_total_trainers,9
Albania,Balkans,Europe,NATO,aircraft_total_trainers,0
Kuwait,Gulf Powers,Asia,Non-NATO,aircraft_total_trainers,13
Bolivia,Latin America,South America,Non-NATO,aircraft_total_trainers,19
Bahrain,Gulf Powers,Asia,Non-NATO,aircraft_total_trainers,40
Oman,Gulf Powers,Asia,Non-NATO,aircraft_total_trainers,45
Kenya,Africa,Africa,Non-NATO,aircraft_total_trainers,31
Chad,Africa,Africa,Non-NATO,aircraft_total_trainers,8
Yemen,Middle East,Asia,Non-NATO,aircraft_total_trainers,15
New Zealand,Asia-Pacific,Oceania,Non-NATO,aircraft_total_trainers,13
Paraguay,Latin America,South America,Non-NATO,aircraft_total_trainers,13
Lithuania,Northern Europe,Europe,NATO,aircraft_total_trainers,0
Mozambique,Africa,Africa,Non-NATO,aircraft_total_trainers,1
Tunisia,Africa,Africa,Non-NATO,aircraft_total_trainers,28
Armenia,Asia,Asia,Non-NATO,aircraft_total_trainers,13
Tanzania,Africa,Africa,Non-NATO,aircraft_total_trainers,7
Cameroon,Africa,Africa,Non-NATO,aircraft_total_trainers,6
Georgia,Asia,Asia,Non-NATO,aircraft_total_trainers,10
Cambodia,Southeast Asia,Asia,Non-NATO,aircraft_total_trainers,0
Slovenia,Balkans,Europe,NATO,aircraft_total_trainers,23
Ireland,Northern Europe,Europe,Non-NATO,aircraft_total_trainers,8
Mongolia,Asia-Pacific,Asia,Non-NATO,aircraft_total_trainers,2
Latvia,Northern Europe,Europe,NATO,aircraft_total_trainers,0
Uruguay,Latin America,South America,Non-NATO,aircraft_total_trainers,12
Honduras,Central America,North America,Non-NATO,aircraft_total_trainers,10
Ivory Coast,Africa,Africa,Non-NATO,aircraft_total_trainers,2
Guatemala,Central America,North America,Non-NATO,aircraft_total_trainers,0
Mali,Africa,Africa,Non-NATO,aircraft_total_trainers,4
Kyrgyzstan,Asia,Asia,Non-NATO,aircraft_total_trainers,0
Laos,Southeast Asia,Asia,Non-NATO,aircraft_total_trainers,8
Estonia,Northern Europe,Europe,NATO,aircraft_total_trainers,3
Tajikistan,Asia,Asia,Non-NATO,aircraft_total_trainers,4
Zambia,Africa,Africa,Non-NATO,aircraft_total_trainers,34
Ghana,Africa,Africa,Non-NATO,aircraft_total_trainers,5
Zimbabwe,Africa,Africa,Non-NATO,aircraft_total_trainers,40
North Macedonia,Balkans,Europe,Non-NATO,aircraft_total_trainers,10
South Sudan,Africa,Africa,Non-NATO,aircraft_total_trainers,0
Uganda,Africa,Africa,Non-NATO,aircraft_total_trainers,12
Lebanon,Middle East,Asia,Non-NATO,aircraft_total_trainers,9
Namibia,Africa,Africa,Non-NATO,aircraft_total_trainers,14
Luxembourg,Western Europe,Europe,NATO,aircraft_total_trainers,0
Afghanistan,Asia,Asia,Non-NATO,aircraft_total_trainers,0
Niger,Africa,Africa,Non-NATO,aircraft_total_trainers,0
Eritrea,Africa,Africa,Non-NATO,aircraft_total_trainers,1
Republic of the Congo,Africa,Africa,Non-NATO,aircraft_total_trainers,0
Botswana,Africa,Africa,Non-NATO,aircraft_total_trainers,9
Mauritania,Africa,Africa,Non-NATO,aircraft_total_trainers,7
Dominican Republic,Central America,North America,Non-NATO,aircraft_total_trainers,17
Senegal,Africa,Africa,Non-NATO,aircraft_total_trainers,23
Nepal,Asia-Pacific,Asia,Non-NATO,aircraft_total_trainers,0
Montenegro,Balkans,Europe,NATO,aircraft_total_trainers,0
El Salvador,Central America,North America,Non-NATO,aircraft_total_trainers,10
Burkina Faso,Africa,Africa,Non-NATO,aircraft_total_trainers,0
Madagascar,Africa,Africa,Non-NATO,aircraft_total_trainers,0
Nicaragua,Central America,North America,Non-NATO,aircraft_total_trainers,1
Bosnia and Herzegovina,Balkans,Europe,Non-NATO,aircraft_total_trainers,0
Gabon,Africa,Africa,Non-NATO,aircraft_total_trainers,0
Moldova,Eastern Europe,Europe,Non-NATO,aircraft_total_trainers,0
Iceland,Scandinavia,Europe,NATO,aircraft_total_trainers,0
Panama,Central America,North America,Non-NATO,aircraft_total_trainers,0
Beliz,Central America,North America,Non-NATO,aircraft_total_trainers,0
Liberia,Africa,Africa,Non-NATO,aircraft_total_trainers,0
Suriname,Northern South America,South America,Non-NATO,aircraft_total_trainers,0
Sierra Leone,Africa,Africa,Non-NATO,aircraft_total_trainers,0
Kosovo,Southern Europe,Europe,Non-NATO,aircraft_total_trainers,0
Somalia,Africa,Africa,Non-NATO,aircraft_total_trainers,0
Central African Republic,Africa,Africa,Non-NATO,aircraft_total_trainers,0
Benin,Africa,Africa,Non-NATO,aircraft_total_trainers,0
Bhutan,Asia,Asia,Non-NATO,aircraft_total_trainers,0
United States,Northern America,North America,NATO,aircraft_total_special_mission,647
Russia,Eastern Europe,Europe,Non-NATO,aircraft_total_special_mission,141
China,Asia-Pacific,Asia,Non-NATO,aircraft_total_special_mission,112
India,Asia-Pacific,Asia,Non-NATO,aircraft_total_special_mission,74
South Korea,Asia-Pacific,Asia,Non-NATO,aircraft_total_special_mission,36
United Kingdom,Northern Europe,Europe,NATO,aircraft_total_special_mission,28
France,Western Europe,Europe,NATO,aircraft_total_special_mission,44
Japan,Asia-Pacific,Asia,Non-NATO,aircraft_total_special_mission,141
Turkiye,Middle East,Asia,NATO,aircraft_total_special_mission,28
Italy,Southern Europe,Europe,NATO,aircraft_total_special_mission,23
Brazil,Latin America,South America,Non-NATO,aircraft_total_special_mission,25
Pakistan,Asia-Pacific,Asia,Non-NATO,aircraft_total_special_mission,27
Indonesia,Southeast Asia,Asia,Non-NATO,aircraft_total_special_mission,17
Germany,Central Europe,Europe,NATO,aircraft_total_special_mission,26
Israel,Middle East,Asia,Non-NATO,aircraft_total_special_mission,19
Iran,Middle East,Asia,Non-NATO,aircraft_total_special_mission,10
Spain,Southern Europe,Europe,NATO,aircraft_total_special_mission,8
Australia,Asia-Pacific,Oceania,Non-NATO,aircraft_total_special_mission,30
Egypt,Africa,Africa,Non-NATO,aircraft_total_special_mission,11
Ukraine,Eastern Europe,Europe,Non-NATO,aircraft_total_special_mission,3
Poland,Eastern Europe,Europe,NATO,aircraft_total_special_mission,11
Taiwan,Asia-Pacific,Asia,Non-NATO,aircraft_total_special_mission,18
Vietnam,Southeast Asia,Asia,Non-NATO,aircraft_total_special_mission,3
Saudi Arabia,Middle East,Asia,Non-NATO,aircraft_total_special_mission,16
Thailand,Southeast Asia,Asia,Non-NATO,aircraft_total_special_mission,26
Algeria,Africa,Africa,Non-NATO,aircraft_total_special_mission,10
Sweden,Scandinavia,Europe,NATO,aircraft_total_special_mission,5
Canada,Northern America,North America,NATO,aircraft_total_special_mission,33
Singapore,Southeast Asia,Asia,Non-NATO,aircraft_total_special_mission,9
Greece,Southern Europe,Europe,NATO,aircraft_total_special_mission,8
Nigeria,Africa,Africa,Non-NATO,aircraft_total_special_mission,11
Mexico,Mexico,North America,Non-NATO,aircraft_total_special_mission,25
Argentina,Latin America,South America,Non-NATO,aircraft_total_special_mission,13
North Korea,Asia-Pacific,Asia,Non-NATO,aircraft_total_special_mission,0
Bangladesh,Asia-Pacific,Asia,Non-NATO,aircraft_total_special_mission,4
Netherlands,Western Europe,Europe,NATO,aircraft_total_special_mission,0
Myanmar,Southeast Asia,Asia,Non-NATO,aircraft_total_special_mission,5
Norway,Scandinavia,Europe,NATO,aircraft_total_special_mission,5
Portugal,Southern Europe,Europe,NATO,aircraft_total_special_mission,14
South Africa,Africa,Africa,Non-NATO,aircraft_total_special_mission,0
Philippines,Southeast Asia,Asia,Non-NATO,aircraft_total_special_mission,8
Malaysia,Southeast Asia,Asia,Non-NATO,aircraft_total_special_mission,6
Iraq,Middle East,Asia,Non-NATO,aircraft_total_special_mission,17
Switzerland,Central Europe,Europe,Non-NATO,aircraft_total_special_mission,3
Denmark,Scandinavia,Europe,NATO,aircraft_total_special_mission,3
Colombia,Latin America,South America,Non-NATO,aircraft_total_special_mission,23
Chile,Latin America,South America,Non-NATO,aircraft_total_special_mission,21
Finland,Scandinavia,Europe,NATO,aircraft_total_special_mission,1
Peru,Latin America,South America,Non-NATO,aircraft_total_special_mission,12
Venezuela,Latin America,South America,Non-NATO,aircraft_total_special_mission,3
Romania,Eastern Europe,Europe,Non-NATO,aircraft_total_special_mission,2
Ethiopia,Africa,Africa,Non-NATO,aircraft_total_special_mission,0
Czechia,Eastern Europe,Europe,NATO,aircraft_total_special_mission,2
United Arab Emirates,Middle East,Asia,Non-NATO,aircraft_total_special_mission,27
Hungary,Eastern Europe,Europe,NATO,aircraft_total_special_mission,0
Angola,Africa,Africa,Non-NATO,aircraft_total_special_mission,2
Kazakhstan,Asia,Asia,Non-NATO,aircraft_total_special_mission,0
Uzbekistan,Asia,Asia,Non-NATO,aircraft_total_special_mission,0
Morocco,Africa,Africa,Non-NATO,aircraft_total_special_mission,4
Azerbaijan,Asia,Asia,Non-NATO,aircraft_total_special_mission,0
Belgium,Western Europe,Europe,NATO,aircraft_total_special_mission,0
Bulgaria,Eastern Europe,Europe,NATO,aircraft_total_special_mission,0
Serbia,Balkans,Europe,Non-NATO,aircraft_total_special_mission,0
Syria,Middle East,Asia,Non-NATO,aircraft_total_special_mission,1
Ecuador,Latin America,South America,Non-NATO,aircraft_total_special_mission,8
Democratic Republic of the Congo,Africa,Africa,Non-NATO,aircraft_total_special_mission,0
Cuba,Central America,North America,Non-NATO,aircraft_total_special_mission,0
Austria,Central Europe,Europe,Non-NATO,aircraft_total_special_mission,0
Sri Lanka,Asia-Pacific,Asia,Non-NATO,aircraft_total_special_mission,3
Belarus,Eastern Europe,Europe,Non-NATO,aircraft_total_special_mission,0
Slovakia,Eastern Europe,Europe,NATO,aircraft_total_special_mission,1
Qatar,Middle East,Asia,Non-NATO,aircraft_total_special_mission,0
Sudan,Africa,Africa,Non-NATO,aircraft_total_special_mission,0
Croatia,Balkans,Europe,NATO,aircraft_total_special_mission,0
Jordan,Middle East,Asia,Non-NATO,aircraft_total_special_mission,13
Libya,Africa,Africa,Non-NATO,aircraft_total_special_mission,0
Turkmenistan,Asia,Asia,Non-NATO,aircraft_total_special_mission,0
Albania,Balkans,Europe,NATO,aircraft_total_special_mission,0
Kuwait,Gulf Powers,Asia,Non-NATO,aircraft_total_special_mission,0
Bolivia,Latin America,South America,Non-NATO,aircraft_total_special_mission,0
Bahrain,Gulf Powers,Asia,Non-NATO,aircraft_total_special_mission,0
Oman,Gulf Powers,Asia,Non-NATO,aircraft_total_special_mission,4
Kenya,Africa,Africa,Non-NATO,aircraft_total_special_mission,2
Chad,Africa,Africa,Non-NATO,aircraft_total_special_mission,2
Yemen,Middle East,Asia,Non-NATO,aircraft_total_special_mission,0
New Zealand,Asia-Pacific,Oceania,Non-NATO,aircraft_total_special_mission,6
Paraguay,Latin America,South America,Non-NATO,aircraft_total_special_mission,1
Lithuania,Northern Europe,Europe,NATO,aircraft_total_special_mission,0
Mozambique,Africa,Africa,Non-NATO,aircraft_total_special_mission,1
Tunisia,Africa,Africa,Non-NATO,aircraft_total_special_mission,4
Armenia,Asia,Asia,Non-NATO,aircraft_total_special_mission,0
Tanzania,Africa,Africa,Non-NATO,aircraft_total_special_mission,0
Cameroon,Africa,Africa,Non-NATO,aircraft_total_special_mission,2
Georgia,Asia,Asia,Non-NATO,aircraft_total_special_mission,0
Cambodia,Southeast Asia,Asia,Non-NATO,aircraft_total_special_mission,0
Slovenia,Balkans,Europe,NATO,aircraft_total_special_mission,0
Ireland,Northern Europe,Europe,Non-NATO,aircraft_total_special_mission,2
Mongolia,Asia-Pacific,Asia,Non-NATO,aircraft_total_special_mission,0
Latvia,Northern Europe,Europe,NATO,aircraft_total_special_mission,0
Uruguay,Latin America,South America,Non-NATO,aircraft_total_special_mission,5
Honduras,Central America,North America,Non-NATO,aircraft_total_special_mission,1
Ivory Coast,Africa,Africa,Non-NATO,aircraft_total_special_mission,3
Guatemala,Central America,North America,Non-NATO,aircraft_total_special_mission,0
Mali,Africa,Africa,Non-NATO,aircraft_total_special_mission,1
Kyrgyzstan,Asia,Asia,Non-NATO,aircraft_total_special_mission,0
Laos,Southeast Asia,Asia,Non-NATO,aircraft_total_special_mission,0
Estonia,Northern Europe,Europe,NATO,aircraft_total_special_mission,0
Tajikistan,Asia,Asia,Non-NATO,aircraft_total_special_mission,0
Zambia,Africa,Africa,Non-NATO,aircraft_total_special_mission,0
Ghana,Africa,Africa,Non-NATO,aircraft_total_special_mission,2
Zimbabwe,Africa,Africa,Non-NATO,aircraft_total_special_mission,0
North Macedonia,Balkans,Europe,Non-NATO,aircraft_total_special_mission,0
South Sudan,Africa,Africa,Non-NATO,aircraft_total_special_mission,0
Uganda,Africa,Africa,Non-NATO,aircraft_total_special_mission,0
Lebanon,Middle East,Asia,Non-NATO,aircraft_total_special_mission,0
Namibia,Africa,Africa,Non-NATO,aircraft_total_special_mission,0
Luxembourg,Western Europe,Europe,NATO,aircraft_total_special_mission,0
Afghanistan,Asia,Asia,Non-NATO,aircraft_total_special_mission,0
Niger,Africa,Africa,Non-NATO,aircraft_total_special_mission,2
Eritrea,Africa,Africa,Non-NATO,aircraft_total_special_mission,0
Republic of the Congo,Africa,Africa,Non-NATO,aircraft_total_special_mission,0
Botswana,Africa,Africa,Non-NATO,aircraft_total_special_mission,0
Mauritania,Africa,Africa,Non-NATO,aircraft_total_special_mission,2
Dominican Republic,Central America,North America,Non-NATO,aircraft_total_special_mission,1
Senegal,Africa,Africa,Non-NATO,aircraft_total_special_mission,1
Nepal,Asia-Pacific,Asia,Non-NATO,aircraft_total_special_mission,0
Montenegro,Balkans,Europe,NATO,aircraft_total_special_mission,0
El Salvador,Central America,North America,Non-NATO,aircraft_total_special_mission,0
Burkina Faso,Africa,Africa,Non-NATO,aircraft_total_special_mission,2
Madagascar,Africa,Africa,Non-NATO,aircraft_total_special_mission,0
Nicaragua,Central America,North America,Non-NATO,aircraft_total_special_mission,0
Bosnia and Herzegovina,Balkans,Europe,Non-NATO,aircraft_total_special_mission,0
Gabon,Africa,Africa,Non-NATO,aircraft_total_special_mission,0
Moldova,Eastern Europe,Europe,Non-NATO,aircraft_total_special_mission,0
Iceland,Scandinavia,Europe,NATO,aircraft_total_special_mission,0
Panama,Central America,North America,Non-NATO,aircraft_total_special_mission,2
Beliz,Central America,North America,Non-NATO,aircraft_total_special_mission,1
Liberia,Africa,Africa,Non-NATO,aircraft_total_special_mission,0
Suriname,Northern South America,South America,Non-NATO,aircraft_total_special_mission,0
Sierra Leone,Africa,Africa,Non-NATO,aircraft_total_special_mission,0
Kosovo,Southern Europe,Europe,Non-NATO,aircraft_total_special_mission,0
Somalia,Africa,Africa,Non-NATO,aircraft_total_special_mission,0
Central African Republic,Africa,Africa,Non-NATO,aircraft_total_special_mission,0
Benin,Africa,Africa,Non-NATO,aircraft_total_special_mission,0
Bhutan,Asia,Asia,Non-NATO,aircraft_total_special_mission,0
United States,Northern America,North America,NATO,aircraft_total_tanker_fleet,605
Russia,Eastern Europe,Europe,Non-NATO,aircraft_total_tanker_fleet,19
China,Asia-Pacific,Asia,Non-NATO,aircraft_total_tanker_fleet,10
India,Asia-Pacific,Asia,Non-NATO,aircraft_total_tanker_fleet,6
South Korea,Asia-Pacific,Asia,Non-NATO,aircraft_total_tanker_fleet,4
United Kingdom,Northern Europe,Europe,NATO,aircraft_total_tanker_fleet,9
France,Western Europe,Europe,NATO,aircraft_total_tanker_fleet,16
Japan,Asia-Pacific,Asia,Non-NATO,aircraft_total_tanker_fleet,10
Turkiye,Middle East,Asia,NATO,aircraft_total_tanker_fleet,7
Italy,Southern Europe,Europe,NATO,aircraft_total_tanker_fleet,8
Brazil,Latin America,South America,Non-NATO,aircraft_total_tanker_fleet,0
Pakistan,Asia-Pacific,Asia,Non-NATO,aircraft_total_tanker_fleet,4
Indonesia,Southeast Asia,Asia,Non-NATO,aircraft_total_tanker_fleet,1
Germany,Central Europe,Europe,NATO,aircraft_total_tanker_fleet,3
Israel,Middle East,Asia,Non-NATO,aircraft_total_tanker_fleet,14
Iran,Middle East,Asia,Non-NATO,aircraft_total_tanker_fleet,6
Spain,Southern Europe,Europe,NATO,aircraft_total_tanker_fleet,0
Australia,Asia-Pacific,Oceania,Non-NATO,aircraft_total_tanker_fleet,6
Egypt,Africa,Africa,Non-NATO,aircraft_total_tanker_fleet,0
Ukraine,Eastern Europe,Europe,Non-NATO,aircraft_total_tanker_fleet,0
Poland,Eastern Europe,Europe,NATO,aircraft_total_tanker_fleet,0
Taiwan,Asia-Pacific,Asia,Non-NATO,aircraft_total_tanker_fleet,0
Vietnam,Southeast Asia,Asia,Non-NATO,aircraft_total_tanker_fleet,0
Saudi Arabia,Middle East,Asia,Non-NATO,aircraft_total_tanker_fleet,22
Thailand,Southeast Asia,Asia,Non-NATO,aircraft_total_tanker_fleet,0
Algeria,Africa,Africa,Non-NATO,aircraft_total_tanker_fleet,5
Sweden,Scandinavia,Europe,NATO,aircraft_total_tanker_fleet,1
Canada,Northern America,North America,NATO,aircraft_total_tanker_fleet,6
Singapore,Southeast Asia,Asia,Non-NATO,aircraft_total_tanker_fleet,11
Greece,Southern Europe,Europe,NATO,aircraft_total_tanker_fleet,0
Nigeria,Africa,Africa,Non-NATO,aircraft_total_tanker_fleet,0
Mexico,Mexico,North America,Non-NATO,aircraft_total_tanker_fleet,0
Argentina,Latin America,South America,Non-NATO,aircraft_total_tanker_fleet,2
North Korea,Asia-Pacific,Asia,Non-NATO,aircraft_total_tanker_fleet,0
Bangladesh,Asia-Pacific,Asia,Non-NATO,aircraft_total_tanker_fleet,0
Netherlands,Western Europe,Europe,NATO,aircraft_total_tanker_fleet,0
Myanmar,Southeast Asia,Asia,Non-NATO,aircraft_total_tanker_fleet,0
Norway,Scandinavia,Europe,NATO,aircraft_total_tanker_fleet,0
Portugal,Southern Europe,Europe,NATO,aircraft_total_tanker_fleet,3
South Africa,Africa,Africa,Non-NATO,aircraft_total_tanker_fleet,0
Philippines,Southeast Asia,Asia,Non-NATO,aircraft_total_tanker_fleet,0
Malaysia,Southeast Asia,Asia,Non-NATO,aircraft_total_tanker_fleet,4
Iraq,Middle East,Asia,Non-NATO,aircraft_total_tanker_fleet,0
Switzerland,Central Europe,Europe,Non-NATO,aircraft_total_tanker_fleet,0
Denmark,Scandinavia,Europe,NATO,aircraft_total_tanker_fleet,0
Colombia,Latin America,South America,Non-NATO,aircraft_total_tanker_fleet,1
Chile,Latin America,South America,Non-NATO,aircraft_total_tanker_fleet,5
Finland,Scandinavia,Europe,NATO,aircraft_total_tanker_fleet,0
Peru,Latin America,South America,Non-NATO,aircraft_total_tanker_fleet,0
Venezuela,Latin America,South America,Non-NATO,aircraft_total_tanker_fleet,1
Romania,Eastern Europe,Europe,Non-NATO,aircraft_total_tanker_fleet,0
Ethiopia,Africa,Africa,Non-NATO,aircraft_total_tanker_fleet,0
Czechia,Eastern Europe,Europe,NATO,aircraft_total_tanker_fleet,0
United Arab Emirates,Middle East,Asia,Non-NATO,aircraft_total_tanker_fleet,4
Hungary,Eastern Europe,Europe,NATO,aircraft_total_tanker_fleet,0
Angola,Africa,Africa,Non-NATO,aircraft_total_tanker_fleet,0
Kazakhstan,Asia,Asia,Non-NATO,aircraft_total_tanker_fleet,0
Uzbekistan,Asia,Asia,Non-NATO,aircraft_total_tanker_fleet,0
Morocco,Africa,Africa,Non-NATO,aircraft_total_tanker_fleet,2
Azerbaijan,Asia,Asia,Non-NATO,aircraft_total_tanker_fleet,0
Belgium,Western Europe,Europe,NATO,aircraft_total_tanker_fleet,0
Bulgaria,Eastern Europe,Europe,NATO,aircraft_total_tanker_fleet,0
Serbia,Balkans,Europe,Non-NATO,aircraft_total_tanker_fleet,0
Syria,Middle East,Asia,Non-NATO,aircraft_total_tanker_fleet,0
Ecuador,Latin America,South America,Non-NATO,aircraft_total_tanker_fleet,0
Democratic Republic of the Congo,Africa,Africa,Non-NATO,aircraft_total_tanker_fleet,0
Cuba,Central America,North America,Non-NATO,aircraft_total_tanker_fleet,0
Austria,Central Europe,Europe,Non-NATO,aircraft_total_tanker_fleet,0
Sri Lanka,Asia-Pacific,Asia,Non-NATO,aircraft_total_tanker_fleet,0
Belarus,Eastern Europe,Europe,Non-NATO,aircraft_total_tanker_fleet,0
Slovakia,Eastern Europe,Europe,NATO,aircraft_total_tanker_fleet,0
Qatar,Middle East,Asia,Non-NATO,aircraft_total_tanker_fleet,0
Sudan,Africa,Africa,Non-NATO,aircraft_total_tanker_fleet,0
Croatia,Balkans,Europe,NATO,aircraft_total_tanker_fleet,0
Jordan,Middle East,Asia,Non-NATO,aircraft_total_tanker_fleet,0
Libya,Africa,Africa,Non-NATO,aircraft_total_tanker_fleet,0
Turkmenistan,Asia,Asia,Non-NATO,aircraft_total_tanker_fleet,0
Albania,Balkans,Europe,NATO,aircraft_total_tanker_fleet,0
Kuwait,Gulf Powers,Asia,Non-NATO,aircraft_total_tanker_fleet,3
Bolivia,Latin America,South America,Non-NATO,aircraft_total_tanker_fleet,0
Bahrain,Gulf Powers,Asia,Non-NATO,aircraft_total_tanker_fleet,0
Oman,Gulf Powers,Asia,Non-NATO,aircraft_total_tanker_fleet,0
Kenya,Africa,Africa,Non-NATO,aircraft_total_tanker_fleet,0
Chad,Africa,Africa,Non-NATO,aircraft_total_tanker_fleet,0
Yemen,Middle East,Asia,Non-NATO,aircraft_total_tanker_fleet,0
New Zealand,Asia-Pacific,Oceania,Non-NATO,aircraft_total_tanker_fleet,0
Paraguay,Latin America,South America,Non-NATO,aircraft_total_tanker_fleet,0
Lithuania,Northern Europe,Europe,NATO,aircraft_total_tanker_fleet,0
Mozambique,Africa,Africa,Non-NATO,aircraft_total_tanker_fleet,0
Tunisia,Africa,Africa,Non-NATO,aircraft_total_tanker_fleet,0
Armenia,Asia,Asia,Non-NATO,aircraft_total_tanker_fleet,0
Tanzania,Africa,Africa,Non-NATO,aircraft_total_tanker_fleet,0
Cameroon,Africa,Africa,Non-NATO,aircraft_total_tanker_fleet,0
Georgia,Asia,Asia,Non-NATO,aircraft_total_tanker_fleet,0
Cambodia,Southeast Asia,Asia,Non-NATO,aircraft_total_tanker_fleet,0
Slovenia,Balkans,Europe,NATO,aircraft_total_tanker_fleet,0
Ireland,Northern Europe,Europe,Non-NATO,aircraft_total_tanker_fleet,0
Mongolia,Asia-Pacific,Asia,Non-NATO,aircraft_total_tanker_fleet,0
Latvia,Northern Europe,Europe,NATO,aircraft_total_tanker_fleet,0
Uruguay,Latin America,South America,Non-NATO,aircraft_total_tanker_fleet,2
Honduras,Central America,North America,Non-NATO,aircraft_total_tanker_fleet,0
Ivory Coast,Africa,Africa,Non-NATO,aircraft_total_tanker_fleet,0
Guatemala,Central America,North America,Non-NATO,aircraft_total_tanker_fleet,0
Mali,Africa,Africa,Non-NATO,aircraft_total_tanker_fleet,0
Kyrgyzstan,Asia,Asia,Non-NATO,aircraft_total_tanker_fleet,0
Laos,Southeast Asia,Asia,Non-NATO,aircraft_total_tanker_fleet,0
Estonia,Northern Europe,Europe,NATO,aircraft_total_tanker_fleet,0
Tajikistan,Asia,Asia,Non-NATO,aircraft_total_tanker_fleet,0
Zambia,Africa,Africa,Non-NATO,aircraft_total_tanker_fleet,0
Ghana,Africa,Africa,Non-NATO,aircraft_total_tanker_fleet,0
Zimbabwe,Africa,Africa,Non-NATO,aircraft_total_tanker_fleet,0
North Macedonia,Balkans,Europe,Non-NATO,aircraft_total_tanker_fleet,0
South Sudan,Africa,Africa,Non-NATO,aircraft_total_tanker_fleet,0
Uganda,Africa,Africa,Non-NATO,aircraft_total_tanker_fleet,0
Lebanon,Middle East,Asia,Non-NATO,aircraft_total_tanker_fleet,0
Namibia,Africa,Africa,Non-NATO,aircraft_total_tanker_fleet,0
Luxembourg,Western Europe,Europe,NATO,aircraft_total_tanker_fleet,0
Afghanistan,Asia,Asia,Non-NATO,aircraft_total_tanker_fleet,0
Niger,Africa,Africa,Non-NATO,aircraft_total_tanker_fleet,0
Eritrea,Africa,Africa,Non-NATO,aircraft_total_tanker_fleet,0
Republic of the Congo,Africa,Africa,Non-NATO,aircraft_total_tanker_fleet,0
Botswana,Africa,Africa,Non-NATO,aircraft_total_tanker_fleet,0
Mauritania,Africa,Africa,Non-NATO,aircraft_total_tanker_fleet,0
Dominican Republic,Central America,North America,Non-NATO,aircraft_total_tanker_fleet,0
Senegal,Africa,Africa,Non-NATO,aircraft_total_tanker_fleet,0
Nepal,Asia-Pacific,Asia,Non-NATO,aircraft_total_tanker_fleet,0
Montenegro,Balkans,Europe,NATO,aircraft_total_tanker_fleet,0
El Salvador,Central America,North America,Non-NATO,aircraft_total_tanker_fleet,0
Burkina Faso,Africa,Africa,Non-NATO,aircraft_total_tanker_fleet,0
Madagascar,Africa,Africa,Non-NATO,aircraft_total_tanker_fleet,0
Nicaragua,Central America,North America,Non-NATO,aircraft_total_tanker_fleet,0
Bosnia and Herzegovina,Balkans,Europe,Non-NATO,aircraft_total_tanker_fleet,0
Gabon,Africa,Africa,Non-NATO,aircraft_total_tanker_fleet,0
Moldova,Eastern Europe,Europe,Non-NATO,aircraft_total_tanker_fleet,0
Iceland,Scandinavia,Europe,NATO,aircraft_total_tanker_fleet,0
Panama,Central America,North America,Non-NATO,aircraft_total_tanker_fleet,0
Beliz,Central America,North America,Non-NATO,aircraft_total_tanker_fleet,0
Liberia,Africa,Africa,Non-NATO,aircraft_total_tanker_fleet,0
Suriname,Northern South America,South America,Non-NATO,aircraft_total_tanker_fleet,0
Sierra Leone,Africa,Africa,Non-NATO,aircraft_total_tanker_fleet,0
Kosovo,Southern Europe,Europe,Non-NATO,aircraft_total_tanker_fleet,0
Somalia,Africa,Africa,Non-NATO,aircraft_total_tanker_fleet,0
Central African Republic,Africa,Africa,Non-NATO,aircraft_total_tanker_fleet,0
Benin,Africa,Africa,Non-NATO,aircraft_total_tanker_fleet,0
Bhutan,Asia,Asia,Non-NATO,aircraft_total_tanker_fleet,0
United States,Northern America,North America,NATO,helicopters,5843
Russia,Eastern Europe,Europe,Non-NATO,helicopters,1651
China,Asia-Pacific,Asia,Non-NATO,helicopters,913
India,Asia-Pacific,Asia,Non-NATO,helicopters,899
South Korea,Asia-Pacific,Asia,Non-NATO,helicopters,807
United Kingdom,Northern Europe,Europe,NATO,helicopters,266
France,Western Europe,Europe,NATO,helicopters,448
Japan,Asia-Pacific,Asia,Non-NATO,helicopters,596
Turkiye,Middle East,Asia,NATO,helicopters,508
Italy,Southern Europe,Europe,NATO,helicopters,392
Brazil,Latin America,South America,Non-NATO,helicopters,191
Pakistan,Asia-Pacific,Asia,Non-NATO,helicopters,373
Indonesia,Southeast Asia,Asia,Non-NATO,helicopters,214
Germany,Central Europe,Europe,NATO,helicopters,309
Israel,Middle East,Asia,Non-NATO,helicopters,147
Iran,Middle East,Asia,Non-NATO,helicopters,128
Spain,Southern Europe,Europe,NATO,helicopters,153
Australia,Asia-Pacific,Oceania,Non-NATO,helicopters,69
Egypt,Africa,Africa,Non-NATO,helicopters,348
Ukraine,Eastern Europe,Europe,Non-NATO,helicopters,136
Poland,Eastern Europe,Europe,NATO,helicopters,216
Taiwan,Asia-Pacific,Asia,Non-NATO,helicopters,236
Vietnam,Southeast Asia,Asia,Non-NATO,helicopters,101
Saudi Arabia,Middle East,Asia,Non-NATO,helicopters,264
Thailand,Southeast Asia,Asia,Non-NATO,helicopters,258
Algeria,Africa,Africa,Non-NATO,helicopters,299
Sweden,Scandinavia,Europe,NATO,helicopters,53
Canada,Northern America,North America,NATO,helicopters,145
Singapore,Southeast Asia,Asia,Non-NATO,helicopters,70
Greece,Southern Europe,Europe,NATO,helicopters,293
Nigeria,Africa,Africa,Non-NATO,helicopters,66
Mexico,Mexico,North America,Non-NATO,helicopters,178
Argentina,Latin America,South America,Non-NATO,helicopters,94
North Korea,Asia-Pacific,Asia,Non-NATO,helicopters,205
Bangladesh,Asia-Pacific,Asia,Non-NATO,helicopters,65
Netherlands,Western Europe,Europe,NATO,helicopters,63
Myanmar,Southeast Asia,Asia,Non-NATO,helicopters,83
Norway,Scandinavia,Europe,NATO,helicopters,33
Portugal,Southern Europe,Europe,NATO,helicopters,31
South Africa,Africa,Africa,Non-NATO,helicopters,87
Philippines,Southeast Asia,Asia,Non-NATO,helicopters,122
Malaysia,Southeast Asia,Asia,Non-NATO,helicopters,45
Iraq,Middle East,Asia,Non-NATO,helicopters,197
Switzerland,Central Europe,Europe,Non-NATO,helicopters,40
Denmark,Scandinavia,Europe,NATO,helicopters,34
Colombia,Latin America,South America,Non-NATO,helicopters,257
Chile,Latin America,South America,Non-NATO,helicopters,87
Finland,Scandinavia,Europe,NATO,helicopters,27
Peru,Latin America,South America,Non-NATO,helicopters,111
Venezuela,Latin America,South America,Non-NATO,helicopters,88
Romania,Eastern Europe,Europe,Non-NATO,helicopters,65
Ethiopia,Africa,Africa,Non-NATO,helicopters,33
Czechia,Eastern Europe,Europe,NATO,helicopters,42
United Arab Emirates,Middle East,Asia,Non-NATO,helicopters,247
Hungary,Eastern Europe,Europe,NATO,helicopters,44
Angola,Africa,Africa,Non-NATO,helicopters,116
Kazakhstan,Asia,Asia,Non-NATO,helicopters,65
Uzbekistan,Asia,Asia,Non-NATO,helicopters,101
Morocco,Africa,Africa,Non-NATO,helicopters,78
Azerbaijan,Asia,Asia,Non-NATO,helicopters,86
Belgium,Western Europe,Europe,NATO,helicopters,20
Bulgaria,Eastern Europe,Europe,NATO,helicopters,27
Serbia,Balkans,Europe,Non-NATO,helicopters,46
Syria,Middle East,Asia,Non-NATO,helicopters,77
Ecuador,Latin America,South America,Non-NATO,helicopters,46
Democratic Republic of the Congo,Africa,Africa,Non-NATO,helicopters,32
Cuba,Central America,North America,Non-NATO,helicopters,13
Austria,Central Europe,Europe,Non-NATO,helicopters,41
Sri Lanka,Asia-Pacific,Asia,Non-NATO,helicopters,55
Belarus,Eastern Europe,Europe,Non-NATO,helicopters,68
Slovakia,Eastern Europe,Europe,NATO,helicopters,22
Qatar,Middle East,Asia,Non-NATO,helicopters,80
Sudan,Africa,Africa,Non-NATO,helicopters,64
Croatia,Balkans,Europe,NATO,helicopters,37
Jordan,Middle East,Asia,Non-NATO,helicopters,155
Libya,Africa,Africa,Non-NATO,helicopters,16
Turkmenistan,Asia,Asia,Non-NATO,helicopters,26
Albania,Balkans,Europe,NATO,helicopters,19
Kuwait,Gulf Powers,Asia,Non-NATO,helicopters,67
Bolivia,Latin America,South America,Non-NATO,helicopters,33
Bahrain,Gulf Powers,Asia,Non-NATO,helicopters,80
Oman,Gulf Powers,Asia,Non-NATO,helicopters,31
Kenya,Africa,Africa,Non-NATO,helicopters,85
Chad,Africa,Africa,Non-NATO,helicopters,16
Yemen,Middle East,Asia,Non-NATO,helicopters,30
New Zealand,Asia-Pacific,Oceania,Non-NATO,helicopters,21
Paraguay,Latin America,South America,Non-NATO,helicopters,14
Lithuania,Northern Europe,Europe,NATO,helicopters,4
Mozambique,Africa,Africa,Non-NATO,helicopters,8
Tunisia,Africa,Africa,Non-NATO,helicopters,101
Armenia,Asia,Asia,Non-NATO,helicopters,36
Tanzania,Africa,Africa,Non-NATO,helicopters,12
Cameroon,Africa,Africa,Non-NATO,helicopters,21
Georgia,Asia,Asia,Non-NATO,helicopters,44
Cambodia,Southeast Asia,Asia,Non-NATO,helicopters,21
Slovenia,Balkans,Europe,NATO,helicopters,16
Ireland,Northern Europe,Europe,Non-NATO,helicopters,8
Mongolia,Asia-Pacific,Asia,Non-NATO,helicopters,2
Latvia,Northern Europe,Europe,NATO,helicopters,7
Uruguay,Latin America,South America,Non-NATO,helicopters,12
Honduras,Central America,North America,Non-NATO,helicopters,8
Ivory Coast,Africa,Africa,Non-NATO,helicopters,10
Guatemala,Central America,North America,Non-NATO,helicopters,21
Mali,Africa,Africa,Non-NATO,helicopters,10
Kyrgyzstan,Asia,Asia,Non-NATO,helicopters,7
Laos,Southeast Asia,Asia,Non-NATO,helicopters,23
Estonia,Northern Europe,Europe,NATO,helicopters,3
Tajikistan,Asia,Asia,Non-NATO,helicopters,20
Zambia,Africa,Africa,Non-NATO,helicopters,32
Ghana,Africa,Africa,Non-NATO,helicopters,10
Zimbabwe,Africa,Africa,Non-NATO,helicopters,28
North Macedonia,Balkans,Europe,Non-NATO,helicopters,10
South Sudan,Africa,Africa,Non-NATO,helicopters,15
Uganda,Africa,Africa,Non-NATO,helicopters,30
Lebanon,Middle East,Asia,Non-NATO,helicopters,68
Namibia,Africa,Africa,Non-NATO,helicopters,7
Luxembourg,Western Europe,Europe,NATO,helicopters,0
Afghanistan,Asia,Asia,Non-NATO,helicopters,6
Niger,Africa,Africa,Non-NATO,helicopters,13
Eritrea,Africa,Africa,Non-NATO,helicopters,13
Republic of the Congo,Africa,Africa,Non-NATO,helicopters,7
Botswana,Africa,Africa,Non-NATO,helicopters,16
Mauritania,Africa,Africa,Non-NATO,helicopters,4
Dominican Republic,Central America,North America,Non-NATO,helicopters,50
Senegal,Africa,Africa,Non-NATO,helicopters,20
Nepal,Asia-Pacific,Asia,Non-NATO,helicopters,10
Montenegro,Balkans,Europe,NATO,helicopters,11
El Salvador,Central America,North America,Non-NATO,helicopters,30
Burkina Faso,Africa,Africa,Non-NATO,helicopters,18
Madagascar,Africa,Africa,Non-NATO,helicopters,5
Nicaragua,Central America,North America,Non-NATO,helicopters,11
Bosnia and Herzegovina,Balkans,Europe,Non-NATO,helicopters,22
Gabon,Africa,Africa,Non-NATO,helicopters,15
Moldova,Eastern Europe,Europe,Non-NATO,helicopters,2
Iceland,Scandinavia,Europe,NATO,helicopters,0
Panama,Central America,North America,Non-NATO,helicopters,23
Beliz,Central America,North America,Non-NATO,helicopters,1
Liberia,Africa,Africa,Non-NATO,helicopters,0
Suriname,Northern South America,South America,Non-NATO,helicopters,3
Sierra Leone,Africa,Africa,Non-NATO,helicopters,1
Kosovo,Southern Europe,Europe,Non-NATO,helicopters,0
Somalia,Africa,Africa,Non-NATO,helicopters,0
Central African Republic,Africa,Africa,Non-NATO,helicopters,0
Benin,Africa,Africa,Non-NATO,helicopters,5
Bhutan,Asia,Asia,Non-NATO,helicopters,2
United States,Northern America,North America,NATO,aircraft_helicopters_attack,1002
Russia,Eastern Europe,Europe,Non-NATO,aircraft_helicopters_attack,557
China,Asia-Pacific,Asia,Non-NATO,aircraft_helicopters_attack,281
India,Asia-Pacific,Asia,Non-NATO,aircraft_helicopters_attack,80
South Korea,Asia-Pacific,Asia,Non-NATO,aircraft_helicopters_attack,111
United Kingdom,Northern Europe,Europe,NATO,aircraft_helicopters_attack,37
France,Western Europe,Europe,NATO,aircraft_helicopters_attack,68
Japan,Asia-Pacific,Asia,Non-NATO,aircraft_helicopters_attack,119
Turkiye,Middle East,Asia,NATO,aircraft_helicopters_attack,111
Italy,Southern Europe,Europe,NATO,aircraft_helicopters_attack,37
Brazil,Latin America,South America,Non-NATO,aircraft_helicopters_attack,0
Pakistan,Asia-Pacific,Asia,Non-NATO,aircraft_helicopters_attack,57
Indonesia,Southeast Asia,Asia,Non-NATO,aircraft_helicopters_attack,15
Germany,Central Europe,Europe,NATO,aircraft_helicopters_attack,54
Israel,Middle East,Asia,Non-NATO,aircraft_helicopters_attack,48
Iran,Middle East,Asia,Non-NATO,aircraft_helicopters_attack,13
Spain,Southern Europe,Europe,NATO,aircraft_helicopters_attack,17
Australia,Asia-Pacific,Oceania,Non-NATO,aircraft_helicopters_attack,22
Egypt,Africa,Africa,Non-NATO,aircraft_helicopters_attack,100
Ukraine,Eastern Europe,Europe,Non-NATO,aircraft_helicopters_attack,39
Poland,Eastern Europe,Europe,NATO,aircraft_helicopters_attack,29
Taiwan,Asia-Pacific,Asia,Non-NATO,aircraft_helicopters_attack,91
Vietnam,Southeast Asia,Asia,Non-NATO,aircraft_helicopters_attack,0
Saudi Arabia,Middle East,Asia,Non-NATO,aircraft_helicopters_attack,34
Thailand,Southeast Asia,Asia,Non-NATO,aircraft_helicopters_attack,7
Algeria,Africa,Africa,Non-NATO,aircraft_helicopters_attack,74
Sweden,Scandinavia,Europe,NATO,aircraft_helicopters_attack,0
Canada,Northern America,North America,NATO,aircraft_helicopters_attack,0
Singapore,Southeast Asia,Asia,Non-NATO,aircraft_helicopters_attack,18
Greece,Southern Europe,Europe,NATO,aircraft_helicopters_attack,29
Nigeria,Africa,Africa,Non-NATO,aircraft_helicopters_attack,15
Mexico,Mexico,North America,Non-NATO,aircraft_helicopters_attack,0
Argentina,Latin America,South America,Non-NATO,aircraft_helicopters_attack,0
North Korea,Asia-Pacific,Asia,Non-NATO,aircraft_helicopters_attack,20
Bangladesh,Asia-Pacific,Asia,Non-NATO,aircraft_helicopters_attack,0
Netherlands,Western Europe,Europe,NATO,aircraft_helicopters_attack,12
Myanmar,Southeast Asia,Asia,Non-NATO,aircraft_helicopters_attack,9
Norway,Scandinavia,Europe,NATO,aircraft_helicopters_attack,0
Portugal,Southern Europe,Europe,NATO,aircraft_helicopters_attack,0
South Africa,Africa,Africa,Non-NATO,aircraft_helicopters_attack,10
Philippines,Southeast Asia,Asia,Non-NATO,aircraft_helicopters_attack,2
Malaysia,Southeast Asia,Asia,Non-NATO,aircraft_helicopters_attack,0
Iraq,Middle East,Asia,Non-NATO,aircraft_helicopters_attack,39
Switzerland,Central Europe,Europe,Non-NATO,aircraft_helicopters_attack,0
Denmark,Scandinavia,Europe,NATO,aircraft_helicopters_attack,0
Colombia,Latin America,South America,Non-NATO,aircraft_helicopters_attack,0
Chile,Latin America,South America,Non-NATO,aircraft_helicopters_attack,0
Finland,Scandinavia,Europe,NATO,aircraft_helicopters_attack,0
Peru,Latin America,South America,Non-NATO,aircraft_helicopters_attack,16
Venezuela,Latin America,South America,Non-NATO,aircraft_helicopters_attack,10
Romania,Eastern Europe,Europe,Non-NATO,aircraft_helicopters_attack,0
Ethiopia,Africa,Africa,Non-NATO,aircraft_helicopters_attack,7
Czechia,Eastern Europe,Europe,NATO,aircraft_helicopters_attack,4
United Arab Emirates,Middle East,Asia,Non-NATO,aircraft_helicopters_attack,30
Hungary,Eastern Europe,Europe,NATO,aircraft_helicopters_attack,8
Angola,Africa,Africa,Non-NATO,aircraft_helicopters_attack,15
Kazakhstan,Asia,Asia,Non-NATO,aircraft_helicopters_attack,12
Uzbekistan,Asia,Asia,Non-NATO,aircraft_helicopters_attack,34
Morocco,Africa,Africa,Non-NATO,aircraft_helicopters_attack,0
Azerbaijan,Asia,Asia,Non-NATO,aircraft_helicopters_attack,16
Belgium,Western Europe,Europe,NATO,aircraft_helicopters_attack,0
Bulgaria,Eastern Europe,Europe,NATO,aircraft_helicopters_attack,4
Serbia,Balkans,Europe,Non-NATO,aircraft_helicopters_attack,4
Syria,Middle East,Asia,Non-NATO,aircraft_helicopters_attack,14
Ecuador,Latin America,South America,Non-NATO,aircraft_helicopters_attack,0
Democratic Republic of the Congo,Africa,Africa,Non-NATO,aircraft_helicopters_attack,8
Cuba,Central America,North America,Non-NATO,aircraft_helicopters_attack,4
Austria,Central Europe,Europe,Non-NATO,aircraft_helicopters_attack,0
Sri Lanka,Asia-Pacific,Asia,Non-NATO,aircraft_helicopters_attack,9
Belarus,Eastern Europe,Europe,Non-NATO,aircraft_helicopters_attack,29
Slovakia,Eastern Europe,Europe,NATO,aircraft_helicopters_attack,0
Qatar,Middle East,Asia,Non-NATO,aircraft_helicopters_attack,24
Sudan,Africa,Africa,Non-NATO,aircraft_helicopters_attack,35
Croatia,Balkans,Europe,NATO,aircraft_helicopters_attack,0
Jordan,Middle East,Asia,Non-NATO,aircraft_helicopters_attack,44
Libya,Africa,Africa,Non-NATO,aircraft_helicopters_attack,4
Turkmenistan,Asia,Asia,Non-NATO,aircraft_helicopters_attack,10
Albania,Balkans,Europe,NATO,aircraft_helicopters_attack,0
Kuwait,Gulf Powers,Asia,Non-NATO,aircraft_helicopters_attack,16
Bolivia,Latin America,South America,Non-NATO,aircraft_helicopters_attack,0
Bahrain,Gulf Powers,Asia,Non-NATO,aircraft_helicopters_attack,34
Oman,Gulf Powers,Asia,Non-NATO,aircraft_helicopters_attack,0
Kenya,Africa,Africa,Non-NATO,aircraft_helicopters_attack,2
Chad,Africa,Africa,Non-NATO,aircraft_helicopters_attack,3
Yemen,Middle East,Asia,Non-NATO,aircraft_helicopters_attack,7
New Zealand,Asia-Pacific,Oceania,Non-NATO,aircraft_helicopters_attack,0
Paraguay,Latin America,South America,Non-NATO,aircraft_helicopters_attack,0
Lithuania,Northern Europe,Europe,NATO,aircraft_helicopters_attack,0
Mozambique,Africa,Africa,Non-NATO,aircraft_helicopters_attack,2
Tunisia,Africa,Africa,Non-NATO,aircraft_helicopters_attack,0
Armenia,Asia,Asia,Non-NATO,aircraft_helicopters_attack,20
Tanzania,Africa,Africa,Non-NATO,aircraft_helicopters_attack,0
Cameroon,Africa,Africa,Non-NATO,aircraft_helicopters_attack,0
Georgia,Asia,Asia,Non-NATO,aircraft_helicopters_attack,11
Cambodia,Southeast Asia,Asia,Non-NATO,aircraft_helicopters_attack,0
Slovenia,Balkans,Europe,NATO,aircraft_helicopters_attack,0
Ireland,Northern Europe,Europe,Non-NATO,aircraft_helicopters_attack,0
Mongolia,Asia-Pacific,Asia,Non-NATO,aircraft_helicopters_attack,0
Latvia,Northern Europe,Europe,NATO,aircraft_helicopters_attack,0
Uruguay,Latin America,South America,Non-NATO,aircraft_helicopters_attack,0
Honduras,Central America,North America,Non-NATO,aircraft_helicopters_attack,0
Ivory Coast,Africa,Africa,Non-NATO,aircraft_helicopters_attack,3
Guatemala,Central America,North America,Non-NATO,aircraft_helicopters_attack,0
Mali,Africa,Africa,Non-NATO,aircraft_helicopters_attack,8
Kyrgyzstan,Asia,Asia,Non-NATO,aircraft_helicopters_attack,2
Laos,Southeast Asia,Asia,Non-NATO,aircraft_helicopters_attack,0
Estonia,Northern Europe,Europe,NATO,aircraft_helicopters_attack,0
Tajikistan,Asia,Asia,Non-NATO,aircraft_helicopters_attack,6
Zambia,Africa,Africa,Non-NATO,aircraft_helicopters_attack,0
Ghana,Africa,Africa,Non-NATO,aircraft_helicopters_attack,0
Zimbabwe,Africa,Africa,Non-NATO,aircraft_helicopters_attack,6
North Macedonia,Balkans,Europe,Non-NATO,aircraft_helicopters_attack,4
South Sudan,Africa,Africa,Non-NATO,aircraft_helicopters_attack,6
Uganda,Africa,Africa,Non-NATO,aircraft_helicopters_attack,6
Lebanon,Middle East,Asia,Non-NATO,aircraft_helicopters_attack,0
Namibia,Africa,Africa,Non-NATO,aircraft_helicopters_attack,2
Luxembourg,Western Europe,Europe,NATO,aircraft_helicopters_attack,0
Afghanistan,Asia,Asia,Non-NATO,aircraft_helicopters_attack,1
Niger,Africa,Africa,Non-NATO,aircraft_helicopters_attack,1
Eritrea,Africa,Africa,Non-NATO,aircraft_helicopters_attack,6
Republic of the Congo,Africa,Africa,Non-NATO,aircraft_helicopters_attack,1
Botswana,Africa,Africa,Non-NATO,aircraft_helicopters_attack,0
Mauritania,Africa,Africa,Non-NATO,aircraft_helicopters_attack,0
Dominican Republic,Central America,North America,Non-NATO,aircraft_helicopters_attack,0
Senegal,Africa,Africa,Non-NATO,aircraft_helicopters_attack,5
Nepal,Asia-Pacific,Asia,Non-NATO,aircraft_helicopters_attack,0
Montenegro,Balkans,Europe,NATO,aircraft_helicopters_attack,0
El Salvador,Central America,North America,Non-NATO,aircraft_helicopters_attack,0
Burkina Faso,Africa,Africa,Non-NATO,aircraft_helicopters_attack,5
Madagascar,Africa,Africa,Non-NATO,aircraft_helicopters_attack,0
Nicaragua,Central America,North America,Non-NATO,aircraft_helicopters_attack,0
Bosnia and Herzegovina,Balkans,Europe,Non-NATO,aircraft_helicopters_attack,0
Gabon,Africa,Africa,Non-NATO,aircraft_helicopters_attack,0
Moldova,Eastern Europe,Europe,Non-NATO,aircraft_helicopters_attack,0
Iceland,Scandinavia,Europe,NATO,aircraft_helicopters_attack,0
Panama,Central America,North America,Non-NATO,aircraft_helicopters_attack,0
Beliz,Central America,North America,Non-NATO,aircraft_helicopters_attack,0
Liberia,Africa,Africa,Non-NATO,aircraft_helicopters_attack,0
Suriname,Northern South America,South America,Non-NATO,aircraft_helicopters_attack,0
Sierra Leone,Africa,Africa,Non-NATO,aircraft_helicopters_attack,0
Kosovo,Southern Europe,Europe,Non-NATO,aircraft_helicopters_attack,0
Somalia,Africa,Africa,Non-NATO,aircraft_helicopters_attack,0
Central African Republic,Africa,Africa,Non-NATO,aircraft_helicopters_attack,0
Benin,Africa,Africa,Non-NATO,aircraft_helicopters_attack,0
Bhutan,Asia,Asia,Non-NATO,aircraft_helicopters_attack,0
United States,Northern America,North America,NATO,tanks,4640
Russia,Eastern Europe,Europe,Non-NATO,tanks,5750
China,Asia-Pacific,Asia,Non-NATO,tanks,6800
India,Asia-Pacific,Asia,Non-NATO,tanks,4201
South Korea,Asia-Pacific,Asia,Non-NATO,tanks,2236
United Kingdom,Northern Europe,Europe,NATO,tanks,227
France,Western Europe,Europe,NATO,tanks,215
Japan,Asia-Pacific,Asia,Non-NATO,tanks,521
Turkiye,Middle East,Asia,NATO,tanks,2238
Italy,Southern Europe,Europe,NATO,tanks,200
Brazil,Latin America,South America,Non-NATO,tanks,294
Pakistan,Asia-Pacific,Asia,Non-NATO,tanks,2627
Indonesia,Southeast Asia,Asia,Non-NATO,tanks,331
Germany,Central Europe,Europe,NATO,tanks,296
Israel,Middle East,Asia,Non-NATO,tanks,1300
Iran,Middle East,Asia,Non-NATO,tanks,1713
Spain,Southern Europe,Europe,NATO,tanks,317
Australia,Asia-Pacific,Oceania,Non-NATO,tanks,59
Egypt,Africa,Africa,Non-NATO,tanks,3620
Ukraine,Eastern Europe,Europe,Non-NATO,tanks,1114
Poland,Eastern Europe,Europe,NATO,tanks,614
Taiwan,Asia-Pacific,Asia,Non-NATO,tanks,888
Vietnam,Southeast Asia,Asia,Non-NATO,tanks,1374
Saudi Arabia,Middle East,Asia,Non-NATO,tanks,840
Thailand,Southeast Asia,Asia,Non-NATO,tanks,635
Algeria,Africa,Africa,Non-NATO,tanks,1485
Sweden,Scandinavia,Europe,NATO,tanks,110
Canada,Northern America,North America,NATO,tanks,74
Singapore,Southeast Asia,Asia,Non-NATO,tanks,170
Greece,Southern Europe,Europe,NATO,tanks,1344
Nigeria,Africa,Africa,Non-NATO,tanks,330
Mexico,Mexico,North America,Non-NATO,tanks,0
Argentina,Latin America,South America,Non-NATO,tanks,342
North Korea,Asia-Pacific,Asia,Non-NATO,tanks,4344
Bangladesh,Asia-Pacific,Asia,Non-NATO,tanks,320
Netherlands,Western Europe,Europe,NATO,tanks,18
Myanmar,Southeast Asia,Asia,Non-NATO,tanks,445
Norway,Scandinavia,Europe,NATO,tanks,44
Portugal,Southern Europe,Europe,NATO,tanks,34
South Africa,Africa,Africa,Non-NATO,tanks,252
Philippines,Southeast Asia,Asia,Non-NATO,tanks,10
Malaysia,Southeast Asia,Asia,Non-NATO,tanks,48
Iraq,Middle East,Asia,Non-NATO,tanks,1025
Switzerland,Central Europe,Europe,Non-NATO,tanks,205
Denmark,Scandinavia,Europe,NATO,tanks,44
Colombia,Latin America,South America,Non-NATO,tanks,0
Chile,Latin America,South America,Non-NATO,tanks,386
Finland,Scandinavia,Europe,NATO,tanks,200
Peru,Latin America,South America,Non-NATO,tanks,240
Venezuela,Latin America,South America,Non-NATO,tanks,172
Romania,Eastern Europe,Europe,Non-NATO,tanks,328
Ethiopia,Africa,Africa,Non-NATO,tanks,338
Czechia,Eastern Europe,Europe,NATO,tanks,43
United Arab Emirates,Middle East,Asia,Non-NATO,tanks,354
Hungary,Eastern Europe,Europe,NATO,tanks,209
Angola,Africa,Africa,Non-NATO,tanks,309
Kazakhstan,Asia,Asia,Non-NATO,tanks,350
Uzbekistan,Asia,Asia,Non-NATO,tanks,340
Morocco,Africa,Africa,Non-NATO,tanks,903
Azerbaijan,Asia,Asia,Non-NATO,tanks,497
Belgium,Western Europe,Europe,NATO,tanks,0
Bulgaria,Eastern Europe,Europe,NATO,tanks,90
Serbia,Balkans,Europe,Non-NATO,tanks,262
Syria,Middle East,Asia,Non-NATO,tanks,365
Ecuador,Latin America,South America,Non-NATO,tanks,54
Democratic Republic of the Congo,Africa,Africa,Non-NATO,tanks,105
Cuba,Central America,North America,Non-NATO,tanks,113
Austria,Central Europe,Europe,Non-NATO,tanks,56
Sri Lanka,Asia-Pacific,Asia,Non-NATO,tanks,44
Belarus,Eastern Europe,Europe,Non-NATO,tanks,507
Slovakia,Eastern Europe,Europe,NATO,tanks,45
Qatar,Middle East,Asia,Non-NATO,tanks,99
Sudan,Africa,Africa,Non-NATO,tanks,224
Croatia,Balkans,Europe,NATO,tanks,45
Jordan,Middle East,Asia,Non-NATO,tanks,1458
Libya,Africa,Africa,Non-NATO,tanks,43
Turkmenistan,Asia,Asia,Non-NATO,tanks,654
Albania,Balkans,Europe,NATO,tanks,46
Kuwait,Gulf Powers,Asia,Non-NATO,tanks,367
Bolivia,Latin America,South America,Non-NATO,tanks,54
Bahrain,Gulf Powers,Asia,Non-NATO,tanks,150
Oman,Gulf Powers,Asia,Non-NATO,tanks,150
Kenya,Africa,Africa,Non-NATO,tanks,188
Chad,Africa,Africa,Non-NATO,tanks,90
Yemen,Middle East,Asia,Non-NATO,tanks,0
New Zealand,Asia-Pacific,Oceania,Non-NATO,tanks,0
Paraguay,Latin America,South America,Non-NATO,tanks,0
Lithuania,Northern Europe,Europe,NATO,tanks,0
Mozambique,Africa,Africa,Non-NATO,tanks,30
Tunisia,Africa,Africa,Non-NATO,tanks,90
Armenia,Asia,Asia,Non-NATO,tanks,109
Tanzania,Africa,Africa,Non-NATO,tanks,62
Cameroon,Africa,Africa,Non-NATO,tanks,0
Georgia,Asia,Asia,Non-NATO,tanks,123
Cambodia,Southeast Asia,Asia,Non-NATO,tanks,644
Slovenia,Balkans,Europe,NATO,tanks,54
Ireland,Northern Europe,Europe,Non-NATO,tanks,0
Mongolia,Asia-Pacific,Asia,Non-NATO,tanks,420
Latvia,Northern Europe,Europe,NATO,tanks,0
Uruguay,Latin America,South America,Non-NATO,tanks,31
Honduras,Central America,North America,Non-NATO,tanks,11
Ivory Coast,Africa,Africa,Non-NATO,tanks,5
Guatemala,Central America,North America,Non-NATO,tanks,5
Mali,Africa,Africa,Non-NATO,tanks,10
Kyrgyzstan,Asia,Asia,Non-NATO,tanks,215
Laos,Southeast Asia,Asia,Non-NATO,tanks,160
Estonia,Northern Europe,Europe,NATO,tanks,0
Tajikistan,Asia,Asia,Non-NATO,tanks,38
Zambia,Africa,Africa,Non-NATO,tanks,35
Ghana,Africa,Africa,Non-NATO,tanks,0
Zimbabwe,Africa,Africa,Non-NATO,tanks,15
North Macedonia,Balkans,Europe,Non-NATO,tanks,20
South Sudan,Africa,Africa,Non-NATO,tanks,30
Uganda,Africa,Africa,Non-NATO,tanks,259
Lebanon,Middle East,Asia,Non-NATO,tanks,116
Namibia,Africa,Africa,Non-NATO,tanks,4
Luxembourg,Western Europe,Europe,NATO,tanks,0
Afghanistan,Asia,Asia,Non-NATO,tanks,0
Niger,Africa,Africa,Non-NATO,tanks,0
Eritrea,Africa,Africa,Non-NATO,tanks,65
Republic of the Congo,Africa,Africa,Non-NATO,tanks,30
Botswana,Africa,Africa,Non-NATO,tanks,45
Mauritania,Africa,Africa,Non-NATO,tanks,25
Dominican Republic,Central America,North America,Non-NATO,tanks,5
Senegal,Africa,Africa,Non-NATO,tanks,0
Nepal,Asia-Pacific,Asia,Non-NATO,tanks,0
Montenegro,Balkans,Europe,NATO,tanks,0
El Salvador,Central America,North America,Non-NATO,tanks,0
Burkina Faso,Africa,Africa,Non-NATO,tanks,0
Madagascar,Africa,Africa,Non-NATO,tanks,6
Nicaragua,Central America,North America,Non-NATO,tanks,89
Bosnia and Herzegovina,Balkans,Europe,Non-NATO,tanks,45
Gabon,Africa,Africa,Non-NATO,tanks,0
Moldova,Eastern Europe,Europe,Non-NATO,tanks,0
Iceland,Scandinavia,Europe,NATO,tanks,0
Panama,Central America,North America,Non-NATO,tanks,0
Beliz,Central America,North America,Non-NATO,tanks,0
Liberia,Africa,Africa,Non-NATO,tanks,0
Suriname,Northern South America,South America,Non-NATO,tanks,0
Sierra Leone,Africa,Africa,Non-NATO,tanks,0
Kosovo,Southern Europe,Europe,Non-NATO,tanks,0
Somalia,Africa,Africa,Non-NATO,tanks,0
Central African Republic,Africa,Africa,Non-NATO,tanks,0
Benin,Africa,Africa,Non-NATO,tanks,0
Bhutan,Asia,Asia,Non-NATO,tanks,0
United States,Northern America,North America,NATO,armored_vehicles,391963
Russia,Eastern Europe,Europe,Non-NATO,armored_vehicles,131527
China,Asia-Pacific,Asia,Non-NATO,armored_vehicles,144017
India,Asia-Pacific,Asia,Non-NATO,armored_vehicles,148594
South Korea,Asia-Pacific,Asia,Non-NATO,armored_vehicles,58880
United Kingdom,Northern Europe,Europe,NATO,armored_vehicles,38200
France,Western Europe,Europe,NATO,armored_vehicles,110932
Japan,Asia-Pacific,Asia,Non-NATO,armored_vehicles,31964
Turkiye,Middle East,Asia,NATO,armored_vehicles,61173
Italy,Southern Europe,Europe,NATO,armored_vehicles,73480
Brazil,Latin America,South America,Non-NATO,armored_vehicles,22464
Pakistan,Asia-Pacific,Asia,Non-NATO,armored_vehicles,17516
Indonesia,Southeast Asia,Asia,Non-NATO,armored_vehicles,20440
Germany,Central Europe,Europe,NATO,armored_vehicles,83260
Israel,Middle East,Asia,Non-NATO,armored_vehicles,35985
Iran,Middle East,Asia,Non-NATO,armored_vehicles,65825
Spain,Southern Europe,Europe,NATO,armored_vehicles,17626
Australia,Asia-Pacific,Oceania,Non-NATO,armored_vehicles,15648
Egypt,Africa,Africa,Non-NATO,armored_vehicles,41012
Ukraine,Eastern Europe,Europe,Non-NATO,armored_vehicles,18920
Poland,Eastern Europe,Europe,NATO,armored_vehicles,23138
Taiwan,Asia-Pacific,Asia,Non-NATO,armored_vehicles,19921
Vietnam,Southeast Asia,Asia,Non-NATO,armored_vehicles,11912
Saudi Arabia,Middle East,Asia,Non-NATO,armored_vehicles,19040
Thailand,Southeast Asia,Asia,Non-NATO,armored_vehicles,16935
Algeria,Africa,Africa,Non-NATO,armored_vehicles,26000
Sweden,Scandinavia,Europe,NATO,armored_vehicles,6795
Canada,Northern America,North America,NATO,armored_vehicles,21704
Singapore,Southeast Asia,Asia,Non-NATO,armored_vehicles,8998
Greece,Southern Europe,Europe,NATO,armored_vehicles,61888
Nigeria,Africa,Africa,Non-NATO,armored_vehicles,8962
Mexico,Mexico,North America,Non-NATO,armored_vehicles,19658
Argentina,Latin America,South America,Non-NATO,armored_vehicles,21724
North Korea,Asia-Pacific,Asia,Non-NATO,armored_vehicles,18288
Bangladesh,Asia-Pacific,Asia,Non-NATO,armored_vehicles,11584
Netherlands,Western Europe,Europe,NATO,armored_vehicles,2755
Myanmar,Southeast Asia,Asia,Non-NATO,armored_vehicles,5980
Norway,Scandinavia,Europe,NATO,armored_vehicles,6552
Portugal,Southern Europe,Europe,NATO,armored_vehicles,10828
South Africa,Africa,Africa,Non-NATO,armored_vehicles,18692
Philippines,Southeast Asia,Asia,Non-NATO,armored_vehicles,11878
Malaysia,Southeast Asia,Asia,Non-NATO,armored_vehicles,13506
Iraq,Middle East,Asia,Non-NATO,armored_vehicles,37288
Switzerland,Central Europe,Europe,Non-NATO,armored_vehicles,6996
Denmark,Scandinavia,Europe,NATO,armored_vehicles,3856
Colombia,Latin America,South America,Non-NATO,armored_vehicles,3460
Chile,Latin America,South America,Non-NATO,armored_vehicles,8832
Finland,Scandinavia,Europe,NATO,armored_vehicles,11704
Peru,Latin America,South America,Non-NATO,armored_vehicles,6560
Venezuela,Latin America,South America,Non-NATO,armored_vehicles,8802
Romania,Eastern Europe,Europe,Non-NATO,armored_vehicles,10774
Ethiopia,Africa,Africa,Non-NATO,armored_vehicles,7256
Czechia,Eastern Europe,Europe,NATO,armored_vehicles,6340
United Arab Emirates,Middle East,Asia,Non-NATO,armored_vehicles,8707
Hungary,Eastern Europe,Europe,NATO,armored_vehicles,7797
Angola,Africa,Africa,Non-NATO,armored_vehicles,5500
Kazakhstan,Asia,Asia,Non-NATO,armored_vehicles,7736
Uzbekistan,Asia,Asia,Non-NATO,armored_vehicles,2970
Morocco,Africa,Africa,Non-NATO,armored_vehicles,7877
Azerbaijan,Asia,Asia,Non-NATO,armored_vehicles,7642
Belgium,Western Europe,Europe,NATO,armored_vehicles,4606
Bulgaria,Eastern Europe,Europe,NATO,armored_vehicles,4914
Serbia,Balkans,Europe,Non-NATO,armored_vehicles,3683
Syria,Middle East,Asia,Non-NATO,armored_vehicles,11148
Ecuador,Latin America,South America,Non-NATO,armored_vehicles,5204
Democratic Republic of the Congo,Africa,Africa,Non-NATO,armored_vehicles,916
Cuba,Central America,North America,Non-NATO,armored_vehicles,6864
Austria,Central Europe,Europe,Non-NATO,armored_vehicles,7322
Sri Lanka,Asia-Pacific,Asia,Non-NATO,armored_vehicles,3190
Belarus,Eastern Europe,Europe,Non-NATO,armored_vehicles,6916
Slovakia,Eastern Europe,Europe,NATO,armored_vehicles,3074
Qatar,Middle East,Asia,Non-NATO,armored_vehicles,5024
Sudan,Africa,Africa,Non-NATO,armored_vehicles,2900
Croatia,Balkans,Europe,NATO,armored_vehicles,2848
Jordan,Middle East,Asia,Non-NATO,armored_vehicles,16624
Libya,Africa,Africa,Non-NATO,armored_vehicles,1816
Turkmenistan,Asia,Asia,Non-NATO,armored_vehicles,5016
Albania,Balkans,Europe,NATO,armored_vehicles,1796
Kuwait,Gulf Powers,Asia,Non-NATO,armored_vehicles,5636
Bolivia,Latin America,South America,Non-NATO,armored_vehicles,890
Bahrain,Gulf Powers,Asia,Non-NATO,armored_vehicles,2764
Oman,Gulf Powers,Asia,Non-NATO,armored_vehicles,4084
Kenya,Africa,Africa,Non-NATO,armored_vehicles,4128
Chad,Africa,Africa,Non-NATO,armored_vehicles,3316
Yemen,Middle East,Asia,Non-NATO,armored_vehicles,550
New Zealand,Asia-Pacific,Oceania,Non-NATO,armored_vehicles,2114
Paraguay,Latin America,South America,Non-NATO,armored_vehicles,1108
Lithuania,Northern Europe,Europe,NATO,armored_vehicles,1263
Mozambique,Africa,Africa,Non-NATO,armored_vehicles,872
Tunisia,Africa,Africa,Non-NATO,armored_vehicles,7913
Armenia,Asia,Asia,Non-NATO,armored_vehicles,1306
Tanzania,Africa,Africa,Non-NATO,armored_vehicles,1072
Cameroon,Africa,Africa,Non-NATO,armored_vehicles,430
Georgia,Asia,Asia,Non-NATO,armored_vehicles,3392
Cambodia,Southeast Asia,Asia,Non-NATO,armored_vehicles,3627
Slovenia,Balkans,Europe,NATO,armored_vehicles,1428
Ireland,Northern Europe,Europe,Non-NATO,armored_vehicles,1712
Mongolia,Asia-Pacific,Asia,Non-NATO,armored_vehicles,2560
Latvia,Northern Europe,Europe,NATO,armored_vehicles,1848
Uruguay,Latin America,South America,Non-NATO,armored_vehicles,3042
Honduras,Central America,North America,Non-NATO,armored_vehicles,614
Ivory Coast,Africa,Africa,Non-NATO,armored_vehicles,656
Guatemala,Central America,North America,Non-NATO,armored_vehicles,688
Mali,Africa,Africa,Non-NATO,armored_vehicles,570
Kyrgyzstan,Asia,Asia,Non-NATO,armored_vehicles,2686
Laos,Southeast Asia,Asia,Non-NATO,armored_vehicles,4380
Estonia,Northern Europe,Europe,NATO,armored_vehicles,1685
Tajikistan,Asia,Asia,Non-NATO,armored_vehicles,1240
Zambia,Africa,Africa,Non-NATO,armored_vehicles,424
Ghana,Africa,Africa,Non-NATO,armored_vehicles,1824
Zimbabwe,Africa,Africa,Non-NATO,armored_vehicles,828
North Macedonia,Balkans,Europe,Non-NATO,armored_vehicles,1108
South Sudan,Africa,Africa,Non-NATO,armored_vehicles,1950
Uganda,Africa,Africa,Non-NATO,armored_vehicles,3862
Lebanon,Middle East,Asia,Non-NATO,armored_vehicles,4538
Namibia,Africa,Africa,Non-NATO,armored_vehicles,2094
Luxembourg,Western Europe,Europe,NATO,armored_vehicles,182
Afghanistan,Asia,Asia,Non-NATO,armored_vehicles,5202
Niger,Africa,Africa,Non-NATO,armored_vehicles,456
Eritrea,Africa,Africa,Non-NATO,armored_vehicles,860
Republic of the Congo,Africa,Africa,Non-NATO,armored_vehicles,644
Botswana,Africa,Africa,Non-NATO,armored_vehicles,1224
Mauritania,Africa,Africa,Non-NATO,armored_vehicles,628
Dominican Republic,Central America,North America,Non-NATO,armored_vehicles,540
Senegal,Africa,Africa,Non-NATO,armored_vehicles,1740
Nepal,Asia-Pacific,Asia,Non-NATO,armored_vehicles,1108
Montenegro,Balkans,Europe,NATO,armored_vehicles,471
El Salvador,Central America,North America,Non-NATO,armored_vehicles,1844
Burkina Faso,Africa,Africa,Non-NATO,armored_vehicles,491
Madagascar,Africa,Africa,Non-NATO,armored_vehicles,158
Nicaragua,Central America,North America,Non-NATO,armored_vehicles,1869
Bosnia and Herzegovina,Balkans,Europe,Non-NATO,armored_vehicles,720
Gabon,Africa,Africa,Non-NATO,armored_vehicles,424
Moldova,Eastern Europe,Europe,Non-NATO,armored_vehicles,500
Iceland,Scandinavia,Europe,NATO,armored_vehicles,150
Panama,Central America,North America,Non-NATO,armored_vehicles,262
Beliz,Central America,North America,Non-NATO,armored_vehicles,130
Liberia,Africa,Africa,Non-NATO,armored_vehicles,300
Suriname,Northern South America,South America,Non-NATO,armored_vehicles,650
Sierra Leone,Africa,Africa,Non-NATO,armored_vehicles,150
Kosovo,Southern Europe,Europe,Non-NATO,armored_vehicles,737
Somalia,Africa,Africa,Non-NATO,armored_vehicles,682
Central African Republic,Africa,Africa,Non-NATO,armored_vehicles,228
Benin,Africa,Africa,Non-NATO,armored_vehicles,92
Bhutan,Asia,Asia,Non-NATO,armored_vehicles,84
United States,Northern America,North America,NATO,artillery_units,671
Russia,Eastern Europe,Europe,Non-NATO,artillery_units,5168
China,Asia-Pacific,Asia,Non-NATO,artillery_units,3490
India,Asia-Pacific,Asia,Non-NATO,artillery_units,100
South Korea,Asia-Pacific,Asia,Non-NATO,artillery_units,3270
United Kingdom,Northern Europe,Europe,NATO,artillery_units,71
France,Western Europe,Europe,NATO,artillery_units,96
Japan,Asia-Pacific,Asia,Non-NATO,artillery_units,149
Turkiye,Middle East,Asia,NATO,artillery_units,1038
Italy,Southern Europe,Europe,NATO,artillery_units,64
Brazil,Latin America,South America,Non-NATO,artillery_units,109
Pakistan,Asia-Pacific,Asia,Non-NATO,artillery_units,662
Indonesia,Southeast Asia,Asia,Non-NATO,artillery_units,153
Germany,Central Europe,Europe,NATO,artillery_units,134
Israel,Middle East,Asia,Non-NATO,artillery_units,352
Iran,Middle East,Asia,Non-NATO,artillery_units,392
Spain,Southern Europe,Europe,NATO,artillery_units,95
Australia,Asia-Pacific,Oceania,Non-NATO,artillery_units,0
Egypt,Africa,Africa,Non-NATO,artillery_units,1056
Ukraine,Eastern Europe,Europe,Non-NATO,artillery_units,658
Poland,Eastern Europe,Europe,NATO,artillery_units,677
Taiwan,Asia-Pacific,Asia,Non-NATO,artillery_units,488
Vietnam,Southeast Asia,Asia,Non-NATO,artillery_units,40
Saudi Arabia,Middle East,Asia,Non-NATO,artillery_units,332
Thailand,Southeast Asia,Asia,Non-NATO,artillery_units,50
Algeria,Africa,Africa,Non-NATO,artillery_units,224
Sweden,Scandinavia,Europe,NATO,artillery_units,26
Canada,Northern America,North America,NATO,artillery_units,0
Singapore,Southeast Asia,Asia,Non-NATO,artillery_units,48
Greece,Southern Europe,Europe,NATO,artillery_units,589
Nigeria,Africa,Africa,Non-NATO,artillery_units,40
Mexico,Mexico,North America,Non-NATO,artillery_units,20
Argentina,Latin America,South America,Non-NATO,artillery_units,55
North Korea,Asia-Pacific,Asia,Non-NATO,artillery_units,1300
Bangladesh,Asia-Pacific,Asia,Non-NATO,artillery_units,56
Netherlands,Western Europe,Europe,NATO,artillery_units,46
Myanmar,Southeast Asia,Asia,Non-NATO,artillery_units,95
Norway,Scandinavia,Europe,NATO,artillery_units,42
Portugal,Southern Europe,Europe,NATO,artillery_units,24
South Africa,Africa,Africa,Non-NATO,artillery_units,49
Philippines,Southeast Asia,Asia,Non-NATO,artillery_units,12
Malaysia,Southeast Asia,Asia,Non-NATO,artillery_units,0
Iraq,Middle East,Asia,Non-NATO,artillery_units,434
Switzerland,Central Europe,Europe,Non-NATO,artillery_units,133
Denmark,Scandinavia,Europe,NATO,artillery_units,19
Colombia,Latin America,South America,Non-NATO,artillery_units,6
Chile,Latin America,South America,Non-NATO,artillery_units,48
Finland,Scandinavia,Europe,NATO,artillery_units,107
Peru,Latin America,South America,Non-NATO,artillery_units,12
Venezuela,Latin America,South America,Non-NATO,artillery_units,48
Romania,Eastern Europe,Europe,Non-NATO,artillery_units,0
Ethiopia,Africa,Africa,Non-NATO,artillery_units,35
Czechia,Eastern Europe,Europe,NATO,artillery_units,50
United Arab Emirates,Middle East,Asia,Non-NATO,artillery_units,165
Hungary,Eastern Europe,Europe,NATO,artillery_units,24
Angola,Africa,Africa,Non-NATO,artillery_units,25
Kazakhstan,Asia,Asia,Non-NATO,artillery_units,126
Uzbekistan,Asia,Asia,Non-NATO,artillery_units,147
Morocco,Africa,Africa,Non-NATO,artillery_units,396
Azerbaijan,Asia,Asia,Non-NATO,artillery_units,198
Belgium,Western Europe,Europe,NATO,artillery_units,0
Bulgaria,Eastern Europe,Europe,NATO,artillery_units,48
Serbia,Balkans,Europe,Non-NATO,artillery_units,90
Syria,Middle East,Asia,Non-NATO,artillery_units,90
Ecuador,Latin America,South America,Non-NATO,artillery_units,5
Democratic Republic of the Congo,Africa,Africa,Non-NATO,artillery_units,8
Cuba,Central America,North America,Non-NATO,artillery_units,60
Austria,Central Europe,Europe,Non-NATO,artillery_units,30
Sri Lanka,Asia-Pacific,Asia,Non-NATO,artillery_units,0
Belarus,Eastern Europe,Europe,Non-NATO,artillery_units,357
Slovakia,Eastern Europe,Europe,NATO,artillery_units,35
Qatar,Middle East,Asia,Non-NATO,artillery_units,46
Sudan,Africa,Africa,Non-NATO,artillery_units,100
Croatia,Balkans,Europe,NATO,artillery_units,25
Jordan,Middle East,Asia,Non-NATO,artillery_units,358
Libya,Africa,Africa,Non-NATO,artillery_units,15
Turkmenistan,Asia,Asia,Non-NATO,artillery_units,73
Albania,Balkans,Europe,NATO,artillery_units,0
Kuwait,Gulf Powers,Asia,Non-NATO,artillery_units,74
Bolivia,Latin America,South America,Non-NATO,artillery_units,0
Bahrain,Gulf Powers,Asia,Non-NATO,artillery_units,38
Oman,Gulf Powers,Asia,Non-NATO,artillery_units,24
Kenya,Africa,Africa,Non-NATO,artillery_units,18
Chad,Africa,Africa,Non-NATO,artillery_units,10
Yemen,Middle East,Asia,Non-NATO,artillery_units,0
New Zealand,Asia-Pacific,Oceania,Non-NATO,artillery_units,0
Paraguay,Latin America,South America,Non-NATO,artillery_units,0
Lithuania,Northern Europe,Europe,NATO,artillery_units,21
Mozambique,Africa,Africa,Non-NATO,artillery_units,0
Tunisia,Africa,Africa,Non-NATO,artillery_units,0
Armenia,Asia,Asia,Non-NATO,artillery_units,145
Tanzania,Africa,Africa,Non-NATO,artillery_units,0
Cameroon,Africa,Africa,Non-NATO,artillery_units,18
Georgia,Asia,Asia,Non-NATO,artillery_units,67
Cambodia,Southeast Asia,Asia,Non-NATO,artillery_units,30
Slovenia,Balkans,Europe,NATO,artillery_units,0
Ireland,Northern Europe,Europe,Non-NATO,artillery_units,0
Mongolia,Asia-Pacific,Asia,Non-NATO,artillery_units,0
Latvia,Northern Europe,Europe,NATO,artillery_units,47
Uruguay,Latin America,South America,Non-NATO,artillery_units,6
Honduras,Central America,North America,Non-NATO,artillery_units,0
Ivory Coast,Africa,Africa,Non-NATO,artillery_units,0
Guatemala,Central America,North America,Non-NATO,artillery_units,0
Mali,Africa,Africa,Non-NATO,artillery_units,0
Kyrgyzstan,Asia,Asia,Non-NATO,artillery_units,30
Laos,Southeast Asia,Asia,Non-NATO,artillery_units,40
Estonia,Northern Europe,Europe,NATO,artillery_units,36
Tajikistan,Asia,Asia,Non-NATO,artillery_units,3
Zambia,Africa,Africa,Non-NATO,artillery_units,12
Ghana,Africa,Africa,Non-NATO,artillery_units,0
Zimbabwe,Africa,Africa,Non-NATO,artillery_units,0
North Macedonia,Balkans,Europe,Non-NATO,artillery_units,0
South Sudan,Africa,Africa,Non-NATO,artillery_units,24
Uganda,Africa,Africa,Non-NATO,artillery_units,6
Lebanon,Middle East,Asia,Non-NATO,artillery_units,12
Namibia,Africa,Africa,Non-NATO,artillery_units,0
Luxembourg,Western Europe,Europe,NATO,artillery_units,0
Afghanistan,Asia,Asia,Non-NATO,artillery_units,0
Niger,Africa,Africa,Non-NATO,artillery_units,0
Eritrea,Africa,Africa,Non-NATO,artillery_units,23
Republic of the Congo,Africa,Africa,Non-NATO,artillery_units,2
Botswana,Africa,Africa,Non-NATO,artillery_units,12
Mauritania,Africa,Africa,Non-NATO,artillery_units,0
Dominican Republic,Central America,North America,Non-NATO,artillery_units,0
Senegal,Africa,Africa,Non-NATO,artillery_units,0
Nepal,Asia-Pacific,Asia,Non-NATO,artillery_units,0
Montenegro,Balkans,Europe,NATO,artillery_units,0
El Salvador,Central America,North America,Non-NATO,artillery_units,0
Burkina Faso,Africa,Africa,Non-NATO,artillery_units,0
Madagascar,Africa,Africa,Non-NATO,artillery_units,0
Nicaragua,Central America,North America,Non-NATO,artillery_units,0
Bosnia and Herzegovina,Balkans,Europe,Non-NATO,artillery_units,0
Gabon,Africa,Africa,Non-NATO,artillery_units,0
Moldova,Eastern Europe,Europe,Non-NATO,artillery_units,9
Iceland,Scandinavia,Europe,NATO,artillery_units,0
Panama,Central America,North America,Non-NATO,artillery_units,0
Beliz,Central America,North America,Non-NATO,artillery_units,0
Liberia,Africa,Africa,Non-NATO,artillery_units,0
Suriname,Northern South America,South America,Non-NATO,artillery_units,0
Sierra Leone,Africa,Africa,Non-NATO,artillery_units,0
Kosovo,Southern Europe,Europe,Non-NATO,artillery_units,0
Somalia,Africa,Africa,Non-NATO,artillery_units,0
Central African Republic,Africa,Africa,Non-NATO,artillery_units,0
Benin,Africa,Africa,Non-NATO,artillery_units,0
Bhutan,Asia,Asia,Non-NATO,artillery_units,0
United States,Northern America,North America,NATO,armor_towed_artillery_total,1212
Russia,Eastern Europe,Europe,Non-NATO,armor_towed_artillery_total,8505
China,Asia-Pacific,Asia,Non-NATO,armor_towed_artillery_total,1000
India,Asia-Pacific,Asia,Non-NATO,armor_towed_artillery_total,3975
South Korea,Asia-Pacific,Asia,Non-NATO,armor_towed_artillery_total,4400
United Kingdom,Northern Europe,Europe,NATO,armor_towed_artillery_total,126
France,Western Europe,Europe,NATO,armor_towed_artillery_total,0
Japan,Asia-Pacific,Asia,Non-NATO,armor_towed_artillery_total,480
Turkiye,Middle East,Asia,NATO,armor_towed_artillery_total,1707
Italy,Southern Europe,Europe,NATO,armor_towed_artillery_total,108
Brazil,Latin America,South America,Non-NATO,armor_towed_artillery_total,412
Pakistan,Asia-Pacific,Asia,Non-NATO,armor_towed_artillery_total,2629
Indonesia,Southeast Asia,Asia,Non-NATO,armor_towed_artillery_total,396
Germany,Central Europe,Europe,NATO,armor_towed_artillery_total,0
Israel,Middle East,Asia,Non-NATO,armor_towed_artillery_total,171
Iran,Middle East,Asia,Non-NATO,armor_towed_artillery_total,2070
Spain,Southern Europe,Europe,NATO,armor_towed_artillery_total,287
Australia,Asia-Pacific,Oceania,Non-NATO,armor_towed_artillery_total,48
Egypt,Africa,Africa,Non-NATO,armor_towed_artillery_total,962
Ukraine,Eastern Europe,Europe,Non-NATO,armor_towed_artillery_total,615
Poland,Eastern Europe,Europe,NATO,armor_towed_artillery_total,0
Taiwan,Asia-Pacific,Asia,Non-NATO,armor_towed_artillery_total,1360
Vietnam,Southeast Asia,Asia,Non-NATO,armor_towed_artillery_total,535
Saudi Arabia,Middle East,Asia,Non-NATO,armor_towed_artillery_total,467
Thailand,Southeast Asia,Asia,Non-NATO,armor_towed_artillery_total,589
Algeria,Africa,Africa,Non-NATO,armor_towed_artillery_total,483
Sweden,Scandinavia,Europe,NATO,armor_towed_artillery_total,0
Canada,Northern America,North America,NATO,armor_towed_artillery_total,0
Singapore,Southeast Asia,Asia,Non-NATO,armor_towed_artillery_total,89
Greece,Southern Europe,Europe,NATO,armor_towed_artillery_total,698
Nigeria,Africa,Africa,Non-NATO,armor_towed_artillery_total,339
Mexico,Mexico,North America,Non-NATO,armor_towed_artillery_total,70
Argentina,Latin America,South America,Non-NATO,armor_towed_artillery_total,172
North Korea,Asia-Pacific,Asia,Non-NATO,armor_towed_artillery_total,700
Bangladesh,Asia-Pacific,Asia,Non-NATO,armor_towed_artillery_total,546
Netherlands,Western Europe,Europe,NATO,armor_towed_artillery_total,0
Myanmar,Southeast Asia,Asia,Non-NATO,armor_towed_artillery_total,210
Norway,Scandinavia,Europe,NATO,armor_towed_artillery_total,0
Portugal,Southern Europe,Europe,NATO,armor_towed_artillery_total,115
South Africa,Africa,Africa,Non-NATO,armor_towed_artillery_total,134
Philippines,Southeast Asia,Asia,Non-NATO,armor_towed_artillery_total,294
Malaysia,Southeast Asia,Asia,Non-NATO,armor_towed_artillery_total,196
Iraq,Middle East,Asia,Non-NATO,armor_towed_artillery_total,610
Switzerland,Central Europe,Europe,Non-NATO,armor_towed_artillery_total,0
Denmark,Scandinavia,Europe,NATO,armor_towed_artillery_total,0
Colombia,Latin America,South America,Non-NATO,armor_towed_artillery_total,110
Chile,Latin America,South America,Non-NATO,armor_towed_artillery_total,249
Finland,Scandinavia,Europe,NATO,armor_towed_artillery_total,667
Peru,Latin America,South America,Non-NATO,armor_towed_artillery_total,290
Venezuela,Latin America,South America,Non-NATO,armor_towed_artillery_total,100
Romania,Eastern Europe,Europe,Non-NATO,armor_towed_artillery_total,720
Ethiopia,Africa,Africa,Non-NATO,armor_towed_artillery_total,309
Czechia,Eastern Europe,Europe,NATO,armor_towed_artillery_total,0
United Arab Emirates,Middle East,Asia,Non-NATO,armor_towed_artillery_total,99
Hungary,Eastern Europe,Europe,NATO,armor_towed_artillery_total,295
Angola,Africa,Africa,Non-NATO,armor_towed_artillery_total,575
Kazakhstan,Asia,Asia,Non-NATO,armor_towed_artillery_total,194
Uzbekistan,Asia,Asia,Non-NATO,armor_towed_artillery_total,236
Morocco,Africa,Africa,Non-NATO,armor_towed_artillery_total,153
Azerbaijan,Asia,Asia,Non-NATO,armor_towed_artillery_total,650
Belgium,Western Europe,Europe,NATO,armor_towed_artillery_total,0
Bulgaria,Eastern Europe,Europe,NATO,armor_towed_artillery_total,24
Serbia,Balkans,Europe,Non-NATO,armor_towed_artillery_total,150
Syria,Middle East,Asia,Non-NATO,armor_towed_artillery_total,641
Ecuador,Latin America,South America,Non-NATO,armor_towed_artillery_total,106
Democratic Republic of the Congo,Africa,Africa,Non-NATO,armor_towed_artillery_total,60
Cuba,Central America,North America,Non-NATO,armor_towed_artillery_total,130
Austria,Central Europe,Europe,Non-NATO,armor_towed_artillery_total,0
Sri Lanka,Asia-Pacific,Asia,Non-NATO,armor_towed_artillery_total,96
Belarus,Eastern Europe,Europe,Non-NATO,armor_towed_artillery_total,215
Slovakia,Eastern Europe,Europe,NATO,armor_towed_artillery_total,9
Qatar,Middle East,Asia,Non-NATO,armor_towed_artillery_total,12
Sudan,Africa,Africa,Non-NATO,armor_towed_artillery_total,287
Croatia,Balkans,Europe,NATO,armor_towed_artillery_total,42
Jordan,Middle East,Asia,Non-NATO,armor_towed_artillery_total,80
Libya,Africa,Africa,Non-NATO,armor_towed_artillery_total,28
Turkmenistan,Asia,Asia,Non-NATO,armor_towed_artillery_total,450
Albania,Balkans,Europe,NATO,armor_towed_artillery_total,50
Kuwait,Gulf Powers,Asia,Non-NATO,armor_towed_artillery_total,0
Bolivia,Latin America,South America,Non-NATO,armor_towed_artillery_total,106
Bahrain,Gulf Powers,Asia,Non-NATO,armor_towed_artillery_total,26
Oman,Gulf Powers,Asia,Non-NATO,armor_towed_artillery_total,140
Kenya,Africa,Africa,Non-NATO,armor_towed_artillery_total,53
Chad,Africa,Africa,Non-NATO,armor_towed_artillery_total,10
Yemen,Middle East,Asia,Non-NATO,armor_towed_artillery_total,15
New Zealand,Asia-Pacific,Oceania,Non-NATO,armor_towed_artillery_total,31
Paraguay,Latin America,South America,Non-NATO,armor_towed_artillery_total,25
Lithuania,Northern Europe,Europe,NATO,armor_towed_artillery_total,54
Mozambique,Africa,Africa,Non-NATO,armor_towed_artillery_total,52
Tunisia,Africa,Africa,Non-NATO,armor_towed_artillery_total,85
Armenia,Asia,Asia,Non-NATO,armor_towed_artillery_total,148
Tanzania,Africa,Africa,Non-NATO,armor_towed_artillery_total,0
Cameroon,Africa,Africa,Non-NATO,armor_towed_artillery_total,52
Georgia,Asia,Asia,Non-NATO,armor_towed_artillery_total,121
Cambodia,Southeast Asia,Asia,Non-NATO,armor_towed_artillery_total,430
Slovenia,Balkans,Europe,NATO,armor_towed_artillery_total,18
Ireland,Northern Europe,Europe,Non-NATO,armor_towed_artillery_total,0
Mongolia,Asia-Pacific,Asia,Non-NATO,armor_towed_artillery_total,500
Latvia,Northern Europe,Europe,NATO,armor_towed_artillery_total,0
Uruguay,Latin America,South America,Non-NATO,armor_towed_artillery_total,70
Honduras,Central America,North America,Non-NATO,armor_towed_artillery_total,32
Ivory Coast,Africa,Africa,Non-NATO,armor_towed_artillery_total,2
Guatemala,Central America,North America,Non-NATO,armor_towed_artillery_total,50
Mali,Africa,Africa,Non-NATO,armor_towed_artillery_total,10
Kyrgyzstan,Asia,Asia,Non-NATO,armor_towed_artillery_total,169
Laos,Southeast Asia,Asia,Non-NATO,armor_towed_artillery_total,87
Estonia,Northern Europe,Europe,NATO,armor_towed_artillery_total,0
Tajikistan,Asia,Asia,Non-NATO,armor_towed_artillery_total,13
Zambia,Africa,Africa,Non-NATO,armor_towed_artillery_total,30
Ghana,Africa,Africa,Non-NATO,armor_towed_artillery_total,6
Zimbabwe,Africa,Africa,Non-NATO,armor_towed_artillery_total,0
North Macedonia,Balkans,Europe,Non-NATO,armor_towed_artillery_total,150
South Sudan,Africa,Africa,Non-NATO,armor_towed_artillery_total,0
Uganda,Africa,Africa,Non-NATO,armor_towed_artillery_total,26
Lebanon,Middle East,Asia,Non-NATO,armor_towed_artillery_total,353
Namibia,Africa,Africa,Non-NATO,armor_towed_artillery_total,25
Luxembourg,Western Europe,Europe,NATO,armor_towed_artillery_total,0
Afghanistan,Asia,Asia,Non-NATO,armor_towed_artillery_total,0
Niger,Africa,Africa,Non-NATO,armor_towed_artillery_total,0
Eritrea,Africa,Africa,Non-NATO,armor_towed_artillery_total,75
Republic of the Congo,Africa,Africa,Non-NATO,armor_towed_artillery_total,38
Botswana,Africa,Africa,Non-NATO,armor_towed_artillery_total,36
Mauritania,Africa,Africa,Non-NATO,armor_towed_artillery_total,75
Dominican Republic,Central America,North America,Non-NATO,armor_towed_artillery_total,11
Senegal,Africa,Africa,Non-NATO,armor_towed_artillery_total,20
Nepal,Asia-Pacific,Asia,Non-NATO,armor_towed_artillery_total,14
Montenegro,Balkans,Europe,NATO,armor_towed_artillery_total,12
El Salvador,Central America,North America,Non-NATO,armor_towed_artillery_total,76
Burkina Faso,Africa,Africa,Non-NATO,armor_towed_artillery_total,8
Madagascar,Africa,Africa,Non-NATO,armor_towed_artillery_total,9
Nicaragua,Central America,North America,Non-NATO,armor_towed_artillery_total,0
Bosnia and Herzegovina,Balkans,Europe,Non-NATO,armor_towed_artillery_total,457
Gabon,Africa,Africa,Non-NATO,armor_towed_artillery_total,0
Moldova,Eastern Europe,Europe,Non-NATO,armor_towed_artillery_total,67
Iceland,Scandinavia,Europe,NATO,armor_towed_artillery_total,0
Panama,Central America,North America,Non-NATO,armor_towed_artillery_total,0
Beliz,Central America,North America,Non-NATO,armor_towed_artillery_total,0
Liberia,Africa,Africa,Non-NATO,armor_towed_artillery_total,0
Suriname,Northern South America,South America,Non-NATO,armor_towed_artillery_total,0
Sierra Leone,Africa,Africa,Non-NATO,armor_towed_artillery_total,0
Kosovo,Southern Europe,Europe,Non-NATO,armor_towed_artillery_total,0
Somalia,Africa,Africa,Non-NATO,armor_towed_artillery_total,0
Central African Republic,Africa,Africa,Non-NATO,armor_towed_artillery_total,0
Benin,Africa,Africa,Non-NATO,armor_towed_artillery_total,16
Bhutan,Asia,Asia,Non-NATO,armor_towed_artillery_total,0
United States,Northern America,North America,NATO,armor_mlrs_total,641
Russia,Eastern Europe,Europe,Non-NATO,armor_mlrs_total,3005
China,Asia-Pacific,Asia,Non-NATO,armor_mlrs_total,2750
India,Asia-Pacific,Asia,Non-NATO,armor_mlrs_total,264
South Korea,Asia-Pacific,Asia,Non-NATO,armor_mlrs_total,426
United Kingdom,Northern Europe,Europe,NATO,armor_mlrs_total,29
France,Western Europe,Europe,NATO,armor_mlrs_total,9
Japan,Asia-Pacific,Asia,Non-NATO,armor_mlrs_total,54
Turkiye,Middle East,Asia,NATO,armor_mlrs_total,296
Italy,Southern Europe,Europe,NATO,armor_mlrs_total,21
Brazil,Latin America,South America,Non-NATO,armor_mlrs_total,38
Pakistan,Asia-Pacific,Asia,Non-NATO,armor_mlrs_total,600
Indonesia,Southeast Asia,Asia,Non-NATO,armor_mlrs_total,63
Germany,Central Europe,Europe,NATO,armor_mlrs_total,33
Israel,Middle East,Asia,Non-NATO,armor_mlrs_total,183
Iran,Middle East,Asia,Non-NATO,armor_mlrs_total,1517
Spain,Southern Europe,Europe,NATO,armor_mlrs_total,0
Australia,Asia-Pacific,Oceania,Non-NATO,armor_mlrs_total,0
Egypt,Africa,Africa,Non-NATO,armor_mlrs_total,528
Ukraine,Eastern Europe,Europe,Non-NATO,armor_mlrs_total,279
Poland,Eastern Europe,Europe,NATO,armor_mlrs_total,196
Taiwan,Asia-Pacific,Asia,Non-NATO,armor_mlrs_total,234
Vietnam,Southeast Asia,Asia,Non-NATO,armor_mlrs_total,474
Saudi Arabia,Middle East,Asia,Non-NATO,armor_mlrs_total,321
Thailand,Southeast Asia,Asia,Non-NATO,armor_mlrs_total,26
Algeria,Africa,Africa,Non-NATO,armor_mlrs_total,266
Sweden,Scandinavia,Europe,NATO,armor_mlrs_total,0
Canada,Northern America,North America,NATO,armor_mlrs_total,0
Singapore,Southeast Asia,Asia,Non-NATO,armor_mlrs_total,24
Greece,Southern Europe,Europe,NATO,armor_mlrs_total,152
Nigeria,Africa,Africa,Non-NATO,armor_mlrs_total,37
Mexico,Mexico,North America,Non-NATO,armor_mlrs_total,0
Argentina,Latin America,South America,Non-NATO,armor_mlrs_total,26
North Korea,Asia-Pacific,Asia,Non-NATO,armor_mlrs_total,1500
Bangladesh,Asia-Pacific,Asia,Non-NATO,armor_mlrs_total,110
Netherlands,Western Europe,Europe,NATO,armor_mlrs_total,2
Myanmar,Southeast Asia,Asia,Non-NATO,armor_mlrs_total,180
Norway,Scandinavia,Europe,NATO,armor_mlrs_total,0
Portugal,Southern Europe,Europe,NATO,armor_mlrs_total,0
South Africa,Africa,Africa,Non-NATO,armor_mlrs_total,101
Philippines,Southeast Asia,Asia,Non-NATO,armor_mlrs_total,0
Malaysia,Southeast Asia,Asia,Non-NATO,armor_mlrs_total,36
Iraq,Middle East,Asia,Non-NATO,armor_mlrs_total,572
Switzerland,Central Europe,Europe,Non-NATO,armor_mlrs_total,0
Denmark,Scandinavia,Europe,NATO,armor_mlrs_total,8
Colombia,Latin America,South America,Non-NATO,armor_mlrs_total,0
Chile,Latin America,South America,Non-NATO,armor_mlrs_total,8
Finland,Scandinavia,Europe,NATO,armor_mlrs_total,76
Peru,Latin America,South America,Non-NATO,armor_mlrs_total,49
Venezuela,Latin America,South America,Non-NATO,armor_mlrs_total,36
Romania,Eastern Europe,Europe,Non-NATO,armor_mlrs_total,243
Ethiopia,Africa,Africa,Non-NATO,armor_mlrs_total,40
Czechia,Eastern Europe,Europe,NATO,armor_mlrs_total,16
United Arab Emirates,Middle East,Asia,Non-NATO,armor_mlrs_total,49
Hungary,Eastern Europe,Europe,NATO,armor_mlrs_total,0
Angola,Africa,Africa,Non-NATO,armor_mlrs_total,113
Kazakhstan,Asia,Asia,Non-NATO,armor_mlrs_total,287
Uzbekistan,Asia,Asia,Non-NATO,armor_mlrs_total,108
Morocco,Africa,Africa,Non-NATO,armor_mlrs_total,129
Azerbaijan,Asia,Asia,Non-NATO,armor_mlrs_total,268
Belgium,Western Europe,Europe,NATO,armor_mlrs_total,0
Bulgaria,Eastern Europe,Europe,NATO,armor_mlrs_total,24
Serbia,Balkans,Europe,Non-NATO,armor_mlrs_total,98
Syria,Middle East,Asia,Non-NATO,armor_mlrs_total,204
Ecuador,Latin America,South America,Non-NATO,armor_mlrs_total,24
Democratic Republic of the Congo,Africa,Africa,Non-NATO,armor_mlrs_total,25
Cuba,Central America,North America,Non-NATO,armor_mlrs_total,15
Austria,Central Europe,Europe,Non-NATO,armor_mlrs_total,0
Sri Lanka,Asia-Pacific,Asia,Non-NATO,armor_mlrs_total,28
Belarus,Eastern Europe,Europe,Non-NATO,armor_mlrs_total,206
Slovakia,Eastern Europe,Europe,NATO,armor_mlrs_total,25
Qatar,Middle East,Asia,Non-NATO,armor_mlrs_total,16
Sudan,Africa,Africa,Non-NATO,armor_mlrs_total,192
Croatia,Balkans,Europe,NATO,armor_mlrs_total,42
Jordan,Middle East,Asia,Non-NATO,armor_mlrs_total,56
Libya,Africa,Africa,Non-NATO,armor_mlrs_total,25
Turkmenistan,Asia,Asia,Non-NATO,armor_mlrs_total,164
Albania,Balkans,Europe,NATO,armor_mlrs_total,135
Kuwait,Gulf Powers,Asia,Non-NATO,armor_mlrs_total,27
Bolivia,Latin America,South America,Non-NATO,armor_mlrs_total,0
Bahrain,Gulf Powers,Asia,Non-NATO,armor_mlrs_total,17
Oman,Gulf Powers,Asia,Non-NATO,armor_mlrs_total,0
Kenya,Africa,Africa,Non-NATO,armor_mlrs_total,0
Chad,Africa,Africa,Non-NATO,armor_mlrs_total,20
Yemen,Middle East,Asia,Non-NATO,armor_mlrs_total,10
New Zealand,Asia-Pacific,Oceania,Non-NATO,armor_mlrs_total,0
Paraguay,Latin America,South America,Non-NATO,armor_mlrs_total,0
Lithuania,Northern Europe,Europe,NATO,armor_mlrs_total,0
Mozambique,Africa,Africa,Non-NATO,armor_mlrs_total,6
Tunisia,Africa,Africa,Non-NATO,armor_mlrs_total,0
Armenia,Asia,Asia,Non-NATO,armor_mlrs_total,100
Tanzania,Africa,Africa,Non-NATO,armor_mlrs_total,0
Cameroon,Africa,Africa,Non-NATO,armor_mlrs_total,20
Georgia,Asia,Asia,Non-NATO,armor_mlrs_total,42
Cambodia,Southeast Asia,Asia,Non-NATO,armor_mlrs_total,463
Slovenia,Balkans,Europe,NATO,armor_mlrs_total,0
Ireland,Northern Europe,Europe,Non-NATO,armor_mlrs_total,0
Mongolia,Asia-Pacific,Asia,Non-NATO,armor_mlrs_total,130
Latvia,Northern Europe,Europe,NATO,armor_mlrs_total,0
Uruguay,Latin America,South America,Non-NATO,armor_mlrs_total,4
Honduras,Central America,North America,Non-NATO,armor_mlrs_total,0
Ivory Coast,Africa,Africa,Non-NATO,armor_mlrs_total,3
Guatemala,Central America,North America,Non-NATO,armor_mlrs_total,0
Mali,Africa,Africa,Non-NATO,armor_mlrs_total,20
Kyrgyzstan,Asia,Asia,Non-NATO,armor_mlrs_total,21
Laos,Southeast Asia,Asia,Non-NATO,armor_mlrs_total,64
Estonia,Northern Europe,Europe,NATO,armor_mlrs_total,0
Tajikistan,Asia,Asia,Non-NATO,armor_mlrs_total,20
Zambia,Africa,Africa,Non-NATO,armor_mlrs_total,25
Ghana,Africa,Africa,Non-NATO,armor_mlrs_total,6
Zimbabwe,Africa,Africa,Non-NATO,armor_mlrs_total,0
North Macedonia,Balkans,Europe,Non-NATO,armor_mlrs_total,17
South Sudan,Africa,Africa,Non-NATO,armor_mlrs_total,15
Uganda,Africa,Africa,Non-NATO,armor_mlrs_total,12
Lebanon,Middle East,Asia,Non-NATO,armor_mlrs_total,11
Namibia,Africa,Africa,Non-NATO,armor_mlrs_total,25
Luxembourg,Western Europe,Europe,NATO,armor_mlrs_total,0
Afghanistan,Asia,Asia,Non-NATO,armor_mlrs_total,0
Niger,Africa,Africa,Non-NATO,armor_mlrs_total,0
Eritrea,Africa,Africa,Non-NATO,armor_mlrs_total,22
Republic of the Congo,Africa,Africa,Non-NATO,armor_mlrs_total,30
Botswana,Africa,Africa,Non-NATO,armor_mlrs_total,20
Mauritania,Africa,Africa,Non-NATO,armor_mlrs_total,0
Dominican Republic,Central America,North America,Non-NATO,armor_mlrs_total,0
Senegal,Africa,Africa,Non-NATO,armor_mlrs_total,6
Nepal,Asia-Pacific,Asia,Non-NATO,armor_mlrs_total,0
Montenegro,Balkans,Europe,NATO,armor_mlrs_total,12
El Salvador,Central America,North America,Non-NATO,armor_mlrs_total,0
Burkina Faso,Africa,Africa,Non-NATO,armor_mlrs_total,9
Madagascar,Africa,Africa,Non-NATO,armor_mlrs_total,0
Nicaragua,Central America,North America,Non-NATO,armor_mlrs_total,0
Bosnia and Herzegovina,Balkans,Europe,Non-NATO,armor_mlrs_total,79
Gabon,Africa,Africa,Non-NATO,armor_mlrs_total,14
Moldova,Eastern Europe,Europe,Non-NATO,armor_mlrs_total,11
Iceland,Scandinavia,Europe,NATO,armor_mlrs_total,0
Panama,Central America,North America,Non-NATO,armor_mlrs_total,0
Beliz,Central America,North America,Non-NATO,armor_mlrs_total,0
Liberia,Africa,Africa,Non-NATO,armor_mlrs_total,0
Suriname,Northern South America,South America,Non-NATO,armor_mlrs_total,0
Sierra Leone,Africa,Africa,Non-NATO,armor_mlrs_total,0
Kosovo,Southern Europe,Europe,Non-NATO,armor_mlrs_total,0
Somalia,Africa,Africa,Non-NATO,armor_mlrs_total,0
Central African Republic,Africa,Africa,Non-NATO,armor_mlrs_total,0
Benin,Africa,Africa,Non-NATO,armor_mlrs_total,0
Bhutan,Asia,Asia,Non-NATO,armor_mlrs_total,0
United States,Northern America,North America,NATO,naval_assets,440
Russia,Eastern Europe,Europe,Non-NATO,naval_assets,419
China,Asia-Pacific,Asia,Non-NATO,naval_assets,754
India,Asia-Pacific,Asia,Non-NATO,naval_assets,293
South Korea,Asia-Pacific,Asia,Non-NATO,naval_assets,227
United Kingdom,Northern Europe,Europe,NATO,naval_assets,109
France,Western Europe,Europe,NATO,naval_assets,129
Japan,Asia-Pacific,Asia,Non-NATO,naval_assets,159
Turkiye,Middle East,Asia,NATO,naval_assets,182
Italy,Southern Europe,Europe,NATO,naval_assets,196
Brazil,Latin America,South America,Non-NATO,naval_assets,64
Pakistan,Asia-Pacific,Asia,Non-NATO,naval_assets,121
Indonesia,Southeast Asia,Asia,Non-NATO,naval_assets,331
Germany,Central Europe,Europe,NATO,naval_assets,61
Israel,Middle East,Asia,Non-NATO,naval_assets,62
Iran,Middle East,Asia,Non-NATO,naval_assets,107
Spain,Southern Europe,Europe,NATO,naval_assets,152
Australia,Asia-Pacific,Oceania,Non-NATO,naval_assets,44
Egypt,Africa,Africa,Non-NATO,naval_assets,150
Ukraine,Eastern Europe,Europe,Non-NATO,naval_assets,89
Poland,Eastern Europe,Europe,NATO,naval_assets,62
Taiwan,Asia-Pacific,Asia,Non-NATO,naval_assets,97
Vietnam,Southeast Asia,Asia,Non-NATO,naval_assets,110
Saudi Arabia,Middle East,Asia,Non-NATO,naval_assets,32
Thailand,Southeast Asia,Asia,Non-NATO,naval_assets,293
Algeria,Africa,Africa,Non-NATO,naval_assets,110
Sweden,Scandinavia,Europe,NATO,naval_assets,308
Canada,Northern America,North America,NATO,naval_assets,73
Singapore,Southeast Asia,Asia,Non-NATO,naval_assets,50
Greece,Southern Europe,Europe,NATO,naval_assets,192
Nigeria,Africa,Africa,Non-NATO,naval_assets,133
Mexico,Mexico,North America,Non-NATO,naval_assets,167
Argentina,Latin America,South America,Non-NATO,naval_assets,44
North Korea,Asia-Pacific,Asia,Non-NATO,naval_assets,207
Bangladesh,Asia-Pacific,Asia,Non-NATO,naval_assets,118
Netherlands,Western Europe,Europe,NATO,naval_assets,64
Myanmar,Southeast Asia,Asia,Non-NATO,naval_assets,232
Norway,Scandinavia,Europe,NATO,naval_assets,43
Portugal,Southern Europe,Europe,NATO,naval_assets,194
South Africa,Africa,Africa,Non-NATO,naval_assets,49
Philippines,Southeast Asia,Asia,Non-NATO,naval_assets,113
Malaysia,Southeast Asia,Asia,Non-NATO,naval_assets,100
Iraq,Middle East,Asia,Non-NATO,naval_assets,68
Switzerland,Central Europe,Europe,Non-NATO,naval_assets,0
Denmark,Scandinavia,Europe,NATO,naval_assets,50
Colombia,Latin America,South America,Non-NATO,naval_assets,233
Chile,Latin America,South America,Non-NATO,naval_assets,130
Finland,Scandinavia,Europe,NATO,naval_assets,264
Peru,Latin America,South America,Non-NATO,naval_assets,71
Venezuela,Latin America,South America,Non-NATO,naval_assets,34
Romania,Eastern Europe,Europe,Non-NATO,naval_assets,20
Ethiopia,Africa,Africa,Non-NATO,naval_assets,0
Czechia,Eastern Europe,Europe,NATO,naval_assets,0
United Arab Emirates,Middle East,Asia,Non-NATO,naval_assets,181
Hungary,Eastern Europe,Europe,NATO,naval_assets,0
Angola,Africa,Africa,Non-NATO,naval_assets,31
Kazakhstan,Asia,Asia,Non-NATO,naval_assets,26
Uzbekistan,Asia,Asia,Non-NATO,naval_assets,0
Morocco,Africa,Africa,Non-NATO,naval_assets,111
Azerbaijan,Asia,Asia,Non-NATO,naval_assets,38
Belgium,Western Europe,Europe,NATO,naval_assets,9
Bulgaria,Eastern Europe,Europe,NATO,naval_assets,36
Serbia,Balkans,Europe,Non-NATO,naval_assets,20
Syria,Middle East,Asia,Non-NATO,naval_assets,27
Ecuador,Latin America,South America,Non-NATO,naval_assets,30
Democratic Republic of the Congo,Africa,Africa,Non-NATO,naval_assets,16
Cuba,Central America,North America,Non-NATO,naval_assets,19
Austria,Central Europe,Europe,Non-NATO,naval_assets,0
Sri Lanka,Asia-Pacific,Asia,Non-NATO,naval_assets,270
Belarus,Eastern Europe,Europe,Non-NATO,naval_assets,0
Slovakia,Eastern Europe,Europe,NATO,naval_assets,0
Qatar,Middle East,Asia,Non-NATO,naval_assets,115
Sudan,Africa,Africa,Non-NATO,naval_assets,6
Croatia,Balkans,Europe,NATO,naval_assets,30
Jordan,Middle East,Asia,Non-NATO,naval_assets,27
Libya,Africa,Africa,Non-NATO,naval_assets,5
Turkmenistan,Asia,Asia,Non-NATO,naval_assets,16
Albania,Balkans,Europe,NATO,naval_assets,19
Kuwait,Gulf Powers,Asia,Non-NATO,naval_assets,123
Bolivia,Latin America,South America,Non-NATO,naval_assets,67
Bahrain,Gulf Powers,Asia,Non-NATO,naval_assets,64
Oman,Gulf Powers,Asia,Non-NATO,naval_assets,22
Kenya,Africa,Africa,Non-NATO,naval_assets,23
Chad,Africa,Africa,Non-NATO,naval_assets,0
Yemen,Middle East,Asia,Non-NATO,naval_assets,33
New Zealand,Asia-Pacific,Oceania,Non-NATO,naval_assets,8
Paraguay,Latin America,South America,Non-NATO,naval_assets,72
Lithuania,Northern Europe,Europe,NATO,naval_assets,14
Mozambique,Africa,Africa,Non-NATO,naval_assets,33
Tunisia,Africa,Africa,Non-NATO,naval_assets,58
Armenia,Asia,Asia,Non-NATO,naval_assets,0
Tanzania,Africa,Africa,Non-NATO,naval_assets,12
Cameroon,Africa,Africa,Non-NATO,naval_assets,51
Georgia,Asia,Asia,Non-NATO,naval_assets,19
Cambodia,Southeast Asia,Asia,Non-NATO,naval_assets,20
Slovenia,Balkans,Europe,NATO,naval_assets,2
Ireland,Northern Europe,Europe,Non-NATO,naval_assets,8
Mongolia,Asia-Pacific,Asia,Non-NATO,naval_assets,0
Latvia,Northern Europe,Europe,NATO,naval_assets,18
Uruguay,Latin America,South America,Non-NATO,naval_assets,14
Honduras,Central America,North America,Non-NATO,naval_assets,98
Ivory Coast,Africa,Africa,Non-NATO,naval_assets,3
Guatemala,Central America,North America,Non-NATO,naval_assets,25
Mali,Africa,Africa,Non-NATO,naval_assets,0
Kyrgyzstan,Asia,Asia,Non-NATO,naval_assets,0
Laos,Southeast Asia,Asia,Non-NATO,naval_assets,36
Estonia,Northern Europe,Europe,NATO,naval_assets,8
Tajikistan,Asia,Asia,Non-NATO,naval_assets,0
Zambia,Africa,Africa,Non-NATO,naval_assets,0
Ghana,Africa,Africa,Non-NATO,naval_assets,28
Zimbabwe,Africa,Africa,Non-NATO,naval_assets,0
North Macedonia,Balkans,Europe,Non-NATO,naval_assets,0
South Sudan,Africa,Africa,Non-NATO,naval_assets,0
Uganda,Africa,Africa,Non-NATO,naval_assets,0
Lebanon,Middle East,Asia,Non-NATO,naval_assets,64
Namibia,Africa,Africa,Non-NATO,naval_assets,15
Luxembourg,Western Europe,Europe,NATO,naval_assets,0
Afghanistan,Asia,Asia,Non-NATO,naval_assets,0
Niger,Africa,Africa,Non-NATO,naval_assets,0
Eritrea,Africa,Africa,Non-NATO,naval_assets,23
Republic of the Congo,Africa,Africa,Non-NATO,naval_assets,4
Botswana,Africa,Africa,Non-NATO,naval_assets,0
Mauritania,Africa,Africa,Non-NATO,naval_assets,6
Dominican Republic,Central America,North America,Non-NATO,naval_assets,34
Senegal,Africa,Africa,Non-NATO,naval_assets,4
Nepal,Asia-Pacific,Asia,Non-NATO,naval_assets,0
Montenegro,Balkans,Europe,NATO,naval_assets,14
El Salvador,Central America,North America,Non-NATO,naval_assets,14
Burkina Faso,Africa,Africa,Non-NATO,naval_assets,0
Madagascar,Africa,Africa,Non-NATO,naval_assets,6
Nicaragua,Central America,North America,Non-NATO,naval_assets,23
Bosnia and Herzegovina,Balkans,Europe,Non-NATO,naval_assets,0
Gabon,Africa,Africa,Non-NATO,naval_assets,5
Moldova,Eastern Europe,Europe,Non-NATO,naval_assets,0
Iceland,Scandinavia,Europe,NATO,naval_assets,0
Panama,Central America,North America,Non-NATO,naval_assets,30
Beliz,Central America,North America,Non-NATO,naval_assets,8
Liberia,Africa,Africa,Non-NATO,naval_assets,4
Suriname,Northern South America,South America,Non-NATO,naval_assets,17
Sierra Leone,Africa,Africa,Non-NATO,naval_assets,7
Kosovo,Southern Europe,Europe,Non-NATO,naval_assets,0
Somalia,Africa,Africa,Non-NATO,naval_assets,10
Central African Republic,Africa,Africa,Non-NATO,naval_assets,0
Benin,Africa,Africa,Non-NATO,naval_assets,2
Bhutan,Asia,Asia,Non-NATO,naval_assets,0
United States,Northern America,North America,NATO,navy_force_by_tonnage,4168037
Russia,Eastern Europe,Europe,Non-NATO,navy_force_by_tonnage,1260447
China,Asia-Pacific,Asia,Non-NATO,navy_force_by_tonnage,2857143
India,Asia-Pacific,Asia,Non-NATO,navy_force_by_tonnage,593603
South Korea,Asia-Pacific,Asia,Non-NATO,navy_force_by_tonnage,344786
United Kingdom,Northern Europe,Europe,NATO,navy_force_by_tonnage,394043
France,Western Europe,Europe,NATO,navy_force_by_tonnage,428765
Japan,Asia-Pacific,Asia,Non-NATO,navy_force_by_tonnage,769882
Turkiye,Middle East,Asia,NATO,navy_force_by_tonnage,325729
Italy,Southern Europe,Europe,NATO,navy_force_by_tonnage,359417
Brazil,Latin America,South America,Non-NATO,navy_force_by_tonnage,135737
Pakistan,Asia-Pacific,Asia,Non-NATO,navy_force_by_tonnage,111715
Indonesia,Southeast Asia,Asia,Non-NATO,navy_force_by_tonnage,304168
Germany,Central Europe,Europe,NATO,navy_force_by_tonnage,228552
Israel,Middle East,Asia,Non-NATO,navy_force_by_tonnage,38238
Iran,Middle East,Asia,Non-NATO,navy_force_by_tonnage,223395
Spain,Southern Europe,Europe,NATO,navy_force_by_tonnage,215346
Australia,Asia-Pacific,Oceania,Non-NATO,navy_force_by_tonnage,185648
Egypt,Africa,Africa,Non-NATO,navy_force_by_tonnage,235989
Ukraine,Eastern Europe,Europe,Non-NATO,navy_force_by_tonnage,28138
Poland,Eastern Europe,Europe,NATO,navy_force_by_tonnage,334526
Taiwan,Asia-Pacific,Asia,Non-NATO,navy_force_by_tonnage,250414
Vietnam,Southeast Asia,Asia,Non-NATO,navy_force_by_tonnage,107813
Saudi Arabia,Middle East,Asia,Non-NATO,navy_force_by_tonnage,49727
Thailand,Southeast Asia,Asia,Non-NATO,navy_force_by_tonnage,130988
Algeria,Africa,Africa,Non-NATO,navy_force_by_tonnage,82880
Sweden,Scandinavia,Europe,NATO,navy_force_by_tonnage,31673
Canada,Northern America,North America,NATO,navy_force_by_tonnage,119637
Singapore,Southeast Asia,Asia,Non-NATO,navy_force_by_tonnage,81340
Greece,Southern Europe,Europe,NATO,navy_force_by_tonnage,216348
Nigeria,Africa,Africa,Non-NATO,navy_force_by_tonnage,334526
Mexico,Mexico,North America,Non-NATO,navy_force_by_tonnage,334526
Argentina,Latin America,South America,Non-NATO,navy_force_by_tonnage,122128
North Korea,Asia-Pacific,Asia,Non-NATO,navy_force_by_tonnage,143304
Bangladesh,Asia-Pacific,Asia,Non-NATO,navy_force_by_tonnage,75280
Netherlands,Western Europe,Europe,NATO,navy_force_by_tonnage,124962
Myanmar,Southeast Asia,Asia,Non-NATO,navy_force_by_tonnage,89240
Norway,Scandinavia,Europe,NATO,navy_force_by_tonnage,65692
Portugal,Southern Europe,Europe,NATO,navy_force_by_tonnage,38657
South Africa,Africa,Africa,Non-NATO,navy_force_by_tonnage,40186
Philippines,Southeast Asia,Asia,Non-NATO,navy_force_by_tonnage,76313
Malaysia,Southeast Asia,Asia,Non-NATO,navy_force_by_tonnage,67735
Iraq,Middle East,Asia,Non-NATO,navy_force_by_tonnage,334526
Switzerland,Central Europe,Europe,Non-NATO,navy_force_by_tonnage,334526
Denmark,Scandinavia,Europe,NATO,navy_force_by_tonnage,121180
Colombia,Latin America,South America,Non-NATO,navy_force_by_tonnage,31090
Chile,Latin America,South America,Non-NATO,navy_force_by_tonnage,176065
Finland,Scandinavia,Europe,NATO,navy_force_by_tonnage,19434
Peru,Latin America,South America,Non-NATO,navy_force_by_tonnage,170344
Venezuela,Latin America,South America,Non-NATO,navy_force_by_tonnage,334526
Romania,Eastern Europe,Europe,Non-NATO,navy_force_by_tonnage,334526
Ethiopia,Africa,Africa,Non-NATO,navy_force_by_tonnage,334526
Czechia,Eastern Europe,Europe,NATO,navy_force_by_tonnage,334526
United Arab Emirates,Middle East,Asia,Non-NATO,navy_force_by_tonnage,44188
Hungary,Eastern Europe,Europe,NATO,navy_force_by_tonnage,334526
Angola,Africa,Africa,Non-NATO,navy_force_by_tonnage,334526
Kazakhstan,Asia,Asia,Non-NATO,navy_force_by_tonnage,334526
Uzbekistan,Asia,Asia,Non-NATO,navy_force_by_tonnage,334526
Morocco,Africa,Africa,Non-NATO,navy_force_by_tonnage,334526
Azerbaijan,Asia,Asia,Non-NATO,navy_force_by_tonnage,334526
Belgium,Western Europe,Europe,NATO,navy_force_by_tonnage,10190
Bulgaria,Eastern Europe,Europe,NATO,navy_force_by_tonnage,334526
Serbia,Balkans,Europe,Non-NATO,navy_force_by_tonnage,334526
Syria,Middle East,Asia,Non-NATO,navy_force_by_tonnage,334526
Ecuador,Latin America,South America,Non-NATO,navy_force_by_tonnage,334526
Democratic Republic of the Congo,Africa,Africa,Non-NATO,navy_force_by_tonnage,334526
Cuba,Central America,North America,Non-NATO,navy_force_by_tonnage,334526
Austria,Central Europe,Europe,Non-NATO,navy_force_by_tonnage,334526
Sri Lanka,Asia-Pacific,Asia,Non-NATO,navy_force_by_tonnage,27136
Belarus,Eastern Europe,Europe,Non-NATO,navy_force_by_tonnage,334526
Slovakia,Eastern Europe,Europe,NATO,navy_force_by_tonnage,334526
Qatar,Middle East,Asia,Non-NATO,navy_force_by_tonnage,334526
Sudan,Africa,Africa,Non-NATO,navy_force_by_tonnage,334526
Croatia,Balkans,Europe,NATO,navy_force_by_tonnage,334526
Jordan,Middle East,Asia,Non-NATO,navy_force_by_tonnage,334526
Libya,Africa,Africa,Non-NATO,navy_force_by_tonnage,334526
Turkmenistan,Asia,Asia,Non-NATO,navy_force_by_tonnage,334526
Albania,Balkans,Europe,NATO,navy_force_by_tonnage,334526
Kuwait,Gulf Powers,Asia,Non-NATO,navy_force_by_tonnage,334526
Bolivia,Latin America,South America,Non-NATO,navy_force_by_tonnage,334526
Bahrain,Gulf Powers,Asia,Non-NATO,navy_force_by_tonnage,334526
Oman,Gulf Powers,Asia,Non-NATO,navy_force_by_tonnage,334526
Kenya,Africa,Africa,Non-NATO,navy_force_by_tonnage,334526
Chad,Africa,Africa,Non-NATO,navy_force_by_tonnage,334526
Yemen,Middle East,Asia,Non-NATO,navy_force_by_tonnage,334526
New Zealand,Asia-Pacific,Oceania,Non-NATO,navy_force_by_tonnage,334526
Paraguay,Latin America,South America,Non-NATO,navy_force_by_tonnage,334526
Lithuania,Northern Europe,Europe,NATO,navy_force_by_tonnage,334526
Mozambique,Africa,Africa,Non-NATO,navy_force_by_tonnage,334526
Tunisia,Africa,Africa,Non-NATO,navy_force_by_tonnage,334526
Armenia,Asia,Asia,Non-NATO,navy_force_by_tonnage,334526
Tanzania,Africa,Africa,Non-NATO,navy_force_by_tonnage,334526
Cameroon,Africa,Africa,Non-NATO,navy_force_by_tonnage,334526
Georgia,Asia,Asia,Non-NATO,navy_force_by_tonnage,334526
Cambodia,Southeast Asia,Asia,Non-NATO,navy_force_by_tonnage,334526
Slovenia,Balkans,Europe,NATO,navy_force_by_tonnage,334526
Ireland,Northern Europe,Europe,Non-NATO,navy_force_by_tonnage,334526
Mongolia,Asia-Pacific,Asia,Non-NATO,navy_force_by_tonnage,334526
Latvia,Northern Europe,Europe,NATO,navy_force_by_tonnage,334526
Uruguay,Latin America,South America,Non-NATO,navy_force_by_tonnage,334526
Honduras,Central America,North America,Non-NATO,navy_force_by_tonnage,334526
Ivory Coast,Africa,Africa,Non-NATO,navy_force_by_tonnage,334526
Guatemala,Central America,North America,Non-NATO,navy_force_by_tonnage,334526
Mali,Africa,Africa,Non-NATO,navy_force_by_tonnage,334526
Kyrgyzstan,Asia,Asia,Non-NATO,navy_force_by_tonnage,334526
Laos,Southeast Asia,Asia,Non-NATO,navy_force_by_tonnage,334526
Estonia,Northern Europe,Europe,NATO,navy_force_by_tonnage,334526
Tajikistan,Asia,Asia,Non-NATO,navy_force_by_tonnage,334526
Zambia,Africa,Africa,Non-NATO,navy_force_by_tonnage,334526
Ghana,Africa,Africa,Non-NATO,navy_force_by_tonnage,334526
Zimbabwe,Africa,Africa,Non-NATO,navy_force_by_tonnage,334526
North Macedonia,Balkans,Europe,Non-NATO,navy_force_by_tonnage,334526
South Sudan,Africa,Africa,Non-NATO,navy_force_by_tonnage,334526
Uganda,Africa,Africa,Non-NATO,navy_force_by_tonnage,334526
Lebanon,Middle East,Asia,Non-NATO,navy_force_by_tonnage,334526
Namibia,Africa,Africa,Non-NATO,navy_force_by_tonnage,334526
Luxembourg,Western Europe,Europe,NATO,navy_force_by_tonnage,334526
Afghanistan,Asia,Asia,Non-NATO,navy_force_by_tonnage,334526
Niger,Africa,Africa,Non-NATO,navy_force_by_tonnage,334526
Eritrea,Africa,Africa,Non-NATO,navy_force_by_tonnage,334526
Republic of the Congo,Africa,Africa,Non-NATO,navy_force_by_tonnage,334526
Botswana,Africa,Africa,Non-NATO,navy_force_by_tonnage,334526
Mauritania,Africa,Africa,Non-NATO,navy_force_by_tonnage,334526
Dominican Republic,Central America,North America,Non-NATO,navy_force_by_tonnage,334526
Senegal,Africa,Africa,Non-NATO,navy_force_by_tonnage,334526
Nepal,Asia-Pacific,Asia,Non-NATO,navy_force_by_tonnage,334526
Montenegro,Balkans,Europe,NATO,navy_force_by_tonnage,334526
El Salvador,Central America,North America,Non-NATO,navy_force_by_tonnage,334526
Burkina Faso,Africa,Africa,Non-NATO,navy_force_by_tonnage,334526
Madagascar,Africa,Africa,Non-NATO,navy_force_by_tonnage,334526
Nicaragua,Central America,North America,Non-NATO,navy_force_by_tonnage,334526
Bosnia and Herzegovina,Balkans,Europe,Non-NATO,navy_force_by_tonnage,334526
Gabon,Africa,Africa,Non-NATO,navy_force_by_tonnage,334526
Moldova,Eastern Europe,Europe,Non-NATO,navy_force_by_tonnage,334526
Iceland,Scandinavia,Europe,NATO,navy_force_by_tonnage,334526
Panama,Central America,North America,Non-NATO,navy_force_by_tonnage,334526
Beliz,Central America,North America,Non-NATO,navy_force_by_tonnage,334526
Liberia,Africa,Africa,Non-NATO,navy_force_by_tonnage,334526
Suriname,Northern South America,South America,Non-NATO,navy_force_by_tonnage,334526
Sierra Leone,Africa,Africa,Non-NATO,navy_force_by_tonnage,334526
Kosovo,Southern Europe,Europe,Non-NATO,navy_force_by_tonnage,334526
Somalia,Africa,Africa,Non-NATO,navy_force_by_tonnage,334526
Central African Republic,Africa,Africa,Non-NATO,navy_force_by_tonnage,334526
Benin,Africa,Africa,Non-NATO,navy_force_by_tonnage,334526
Bhutan,Asia,Asia,Non-NATO,navy_force_by_tonnage,334526
United States,Northern America,North America,NATO,aircraft_carriers,11
Russia,Eastern Europe,Europe,Non-NATO,aircraft_carriers,1
China,Asia-Pacific,Asia,Non-NATO,aircraft_carriers,3
India,Asia-Pacific,Asia,Non-NATO,aircraft_carriers,2
South Korea,Asia-Pacific,Asia,Non-NATO,aircraft_carriers,0
United Kingdom,Northern Europe,Europe,NATO,aircraft_carriers,2
France,Western Europe,Europe,NATO,aircraft_carriers,1
Japan,Asia-Pacific,Asia,Non-NATO,aircraft_carriers,0
Turkiye,Middle East,Asia,NATO,aircraft_carriers,0
Italy,Southern Europe,Europe,NATO,aircraft_carriers,2
Brazil,Latin America,South America,Non-NATO,aircraft_carriers,0
Pakistan,Asia-Pacific,Asia,Non-NATO,aircraft_carriers,0
Indonesia,Southeast Asia,Asia,Non-NATO,aircraft_carriers,0
Germany,Central Europe,Europe,NATO,aircraft_carriers,0
Israel,Middle East,Asia,Non-NATO,aircraft_carriers,0
Iran,Middle East,Asia,Non-NATO,aircraft_carriers,0
Spain,Southern Europe,Europe,NATO,aircraft_carriers,1
Australia,Asia-Pacific,Oceania,Non-NATO,aircraft_carriers,0
Egypt,Africa,Africa,Non-NATO,aircraft_carriers,0
Ukraine,Eastern Europe,Europe,Non-NATO,aircraft_carriers,0
Poland,Eastern Europe,Europe,NATO,aircraft_carriers,0
Taiwan,Asia-Pacific,Asia,Non-NATO,aircraft_carriers,0
Vietnam,Southeast Asia,Asia,Non-NATO,aircraft_carriers,0
Saudi Arabia,Middle East,Asia,Non-NATO,aircraft_carriers,0
Thailand,Southeast Asia,Asia,Non-NATO,aircraft_carriers,0
Algeria,Africa,Africa,Non-NATO,aircraft_carriers,0
Sweden,Scandinavia,Europe,NATO,aircraft_carriers,0
Canada,Northern America,North America,NATO,aircraft_carriers,0
Singapore,Southeast Asia,Asia,Non-NATO,aircraft_carriers,0
Greece,Southern Europe,Europe,NATO,aircraft_carriers,0
Nigeria,Africa,Africa,Non-NATO,aircraft_carriers,0
Mexico,Mexico,North America,Non-NATO,aircraft_carriers,0
Argentina,Latin America,South America,Non-NATO,aircraft_carriers,0
North Korea,Asia-Pacific,Asia,Non-NATO,aircraft_carriers,0
Bangladesh,Asia-Pacific,Asia,Non-NATO,aircraft_carriers,0
Netherlands,Western Europe,Europe,NATO,aircraft_carriers,0
Myanmar,Southeast Asia,Asia,Non-NATO,aircraft_carriers,0
Norway,Scandinavia,Europe,NATO,aircraft_carriers,0
Portugal,Southern Europe,Europe,NATO,aircraft_carriers,0
South Africa,Africa,Africa,Non-NATO,aircraft_carriers,0
Philippines,Southeast Asia,Asia,Non-NATO,aircraft_carriers,0
Malaysia,Southeast Asia,Asia,Non-NATO,aircraft_carriers,0
Iraq,Middle East,Asia,Non-NATO,aircraft_carriers,0
Switzerland,Central Europe,Europe,Non-NATO,aircraft_carriers,0
Denmark,Scandinavia,Europe,NATO,aircraft_carriers,0
Colombia,Latin America,South America,Non-NATO,aircraft_carriers,0
Chile,Latin America,South America,Non-NATO,aircraft_carriers,0
Finland,Scandinavia,Europe,NATO,aircraft_carriers,0
Peru,Latin America,South America,Non-NATO,aircraft_carriers,0
Venezuela,Latin America,South America,Non-NATO,aircraft_carriers,0
Romania,Eastern Europe,Europe,Non-NATO,aircraft_carriers,0
Ethiopia,Africa,Africa,Non-NATO,aircraft_carriers,0
Czechia,Eastern Europe,Europe,NATO,aircraft_carriers,0
United Arab Emirates,Middle East,Asia,Non-NATO,aircraft_carriers,0
Hungary,Eastern Europe,Europe,NATO,aircraft_carriers,0
Angola,Africa,Africa,Non-NATO,aircraft_carriers,0
Kazakhstan,Asia,Asia,Non-NATO,aircraft_carriers,0
Uzbekistan,Asia,Asia,Non-NATO,aircraft_carriers,0
Morocco,Africa,Africa,Non-NATO,aircraft_carriers,0
Azerbaijan,Asia,Asia,Non-NATO,aircraft_carriers,0
Belgium,Western Europe,Europe,NATO,aircraft_carriers,0
Bulgaria,Eastern Europe,Europe,NATO,aircraft_carriers,0
Serbia,Balkans,Europe,Non-NATO,aircraft_carriers,0
Syria,Middle East,Asia,Non-NATO,aircraft_carriers,0
Ecuador,Latin America,South America,Non-NATO,aircraft_carriers,0
Democratic Republic of the Congo,Africa,Africa,Non-NATO,aircraft_carriers,0
Cuba,Central America,North America,Non-NATO,aircraft_carriers,0
Austria,Central Europe,Europe,Non-NATO,aircraft_carriers,0
Sri Lanka,Asia-Pacific,Asia,Non-NATO,aircraft_carriers,0
Belarus,Eastern Europe,Europe,Non-NATO,aircraft_carriers,0
Slovakia,Eastern Europe,Europe,NATO,aircraft_carriers,0
Qatar,Middle East,Asia,Non-NATO,aircraft_carriers,0
Sudan,Africa,Africa,Non-NATO,aircraft_carriers,0
Croatia,Balkans,Europe,NATO,aircraft_carriers,0
Jordan,Middle East,Asia,Non-NATO,aircraft_carriers,0
Libya,Africa,Africa,Non-NATO,aircraft_carriers,0
Turkmenistan,Asia,Asia,Non-NATO,aircraft_carriers,0
Albania,Balkans,Europe,NATO,aircraft_carriers,0
Kuwait,Gulf Powers,Asia,Non-NATO,aircraft_carriers,0
Bolivia,Latin America,South America,Non-NATO,aircraft_carriers,0
Bahrain,Gulf Powers,Asia,Non-NATO,aircraft_carriers,0
Oman,Gulf Powers,Asia,Non-NATO,aircraft_carriers,0
Kenya,Africa,Africa,Non-NATO,aircraft_carriers,0
Chad,Africa,Africa,Non-NATO,aircraft_carriers,0
Yemen,Middle East,Asia,Non-NATO,aircraft_carriers,0
New Zealand,Asia-Pacific,Oceania,Non-NATO,aircraft_carriers,0
Paraguay,Latin America,South America,Non-NATO,aircraft_carriers,0
Lithuania,Northern Europe,Europe,NATO,aircraft_carriers,0
Mozambique,Africa,Africa,Non-NATO,aircraft_carriers,0
Tunisia,Africa,Africa,Non-NATO,aircraft_carriers,0
Armenia,Asia,Asia,Non-NATO,aircraft_carriers,0
Tanzania,Africa,Africa,Non-NATO,aircraft_carriers,0
Cameroon,Africa,Africa,Non-NATO,aircraft_carriers,0
Georgia,Asia,Asia,Non-NATO,aircraft_carriers,0
Cambodia,Southeast Asia,Asia,Non-NATO,aircraft_carriers,0
Slovenia,Balkans,Europe,NATO,aircraft_carriers,0
Ireland,Northern Europe,Europe,Non-NATO,aircraft_carriers,0
Mongolia,Asia-Pacific,Asia,Non-NATO,aircraft_carriers,0
Latvia,Northern Europe,Europe,NATO,aircraft_carriers,0
Uruguay,Latin America,South America,Non-NATO,aircraft_carriers,0
Honduras,Central America,North America,Non-NATO,aircraft_carriers,0
Ivory Coast,Africa,Africa,Non-NATO,aircraft_carriers,0
Guatemala,Central America,North America,Non-NATO,aircraft_carriers,0
Mali,Africa,Africa,Non-NATO,aircraft_carriers,0
Kyrgyzstan,Asia,Asia,Non-NATO,aircraft_carriers,0
Laos,Southeast Asia,Asia,Non-NATO,aircraft_carriers,0
Estonia,Northern Europe,Europe,NATO,aircraft_carriers,0
Tajikistan,Asia,Asia,Non-NATO,aircraft_carriers,0
Zambia,Africa,Africa,Non-NATO,aircraft_carriers,0
Ghana,Africa,Africa,Non-NATO,aircraft_carriers,0
Zimbabwe,Africa,Africa,Non-NATO,aircraft_carriers,0
North Macedonia,Balkans,Europe,Non-NATO,aircraft_carriers,0
South Sudan,Africa,Africa,Non-NATO,aircraft_carriers,0
Uganda,Africa,Africa,Non-NATO,aircraft_carriers,0
Lebanon,Middle East,Asia,Non-NATO,aircraft_carriers,0
Namibia,Africa,Africa,Non-NATO,aircraft_carriers,0
Luxembourg,Western Europe,Europe,NATO,aircraft_carriers,0
Afghanistan,Asia,Asia,Non-NATO,aircraft_carriers,0
Niger,Africa,Africa,Non-NATO,aircraft_carriers,0
Eritrea,Africa,Africa,Non-NATO,aircraft_carriers,0
Republic of the Congo,Africa,Africa,Non-NATO,aircraft_carriers,0
Botswana,Africa,Africa,Non-NATO,aircraft_carriers,0
Mauritania,Africa,Africa,Non-NATO,aircraft_carriers,0
Dominican Republic,Central America,North America,Non-NATO,aircraft_carriers,0
Senegal,Africa,Africa,Non-NATO,aircraft_carriers,0
Nepal,Asia-Pacific,Asia,Non-NATO,aircraft_carriers,0
Montenegro,Balkans,Europe,NATO,aircraft_carriers,0
El Salvador,Central America,North America,Non-NATO,aircraft_carriers,0
Burkina Faso,Africa,Africa,Non-NATO,aircraft_carriers,0
Madagascar,Africa,Africa,Non-NATO,aircraft_carriers,0
Nicaragua,Central America,North America,Non-NATO,aircraft_carriers,0
Bosnia and Herzegovina,Balkans,Europe,Non-NATO,aircraft_carriers,0
Gabon,Africa,Africa,Non-NATO,aircraft_carriers,0
Moldova,Eastern Europe,Europe,Non-NATO,aircraft_carriers,0
Iceland,Scandinavia,Europe,NATO,aircraft_carriers,0
Panama,Central America,North America,Non-NATO,aircraft_carriers,0
Beliz,Central America,North America,Non-NATO,aircraft_carriers,0
Liberia,Africa,Africa,Non-NATO,aircraft_carriers,0
Suriname,Northern South America,South America,Non-NATO,aircraft_carriers,0
Sierra Leone,Africa,Africa,Non-NATO,aircraft_carriers,0
Kosovo,Southern Europe,Europe,Non-NATO,aircraft_carriers,0
Somalia,Africa,Africa,Non-NATO,aircraft_carriers,0
Central African Republic,Africa,Africa,Non-NATO,aircraft_carriers,0
Benin,Africa,Africa,Non-NATO,aircraft_carriers,0
Bhutan,Asia,Asia,Non-NATO,aircraft_carriers,0
United States,Northern America,North America,NATO,navy_helo_carriers,9
Russia,Eastern Europe,Europe,Non-NATO,navy_helo_carriers,0
China,Asia-Pacific,Asia,Non-NATO,navy_helo_carriers,4
India,Asia-Pacific,Asia,Non-NATO,navy_helo_carriers,0
South Korea,Asia-Pacific,Asia,Non-NATO,navy_helo_carriers,2
United Kingdom,Northern Europe,Europe,NATO,navy_helo_carriers,0
France,Western Europe,Europe,NATO,navy_helo_carriers,3
Japan,Asia-Pacific,Asia,Non-NATO,navy_helo_carriers,4
Turkiye,Middle East,Asia,NATO,navy_helo_carriers,1
Italy,Southern Europe,Europe,NATO,navy_helo_carriers,0
Brazil,Latin America,South America,Non-NATO,navy_helo_carriers,1
Pakistan,Asia-Pacific,Asia,Non-NATO,navy_helo_carriers,0
Indonesia,Southeast Asia,Asia,Non-NATO,navy_helo_carriers,0
Germany,Central Europe,Europe,NATO,navy_helo_carriers,0
Israel,Middle East,Asia,Non-NATO,navy_helo_carriers,0
Iran,Middle East,Asia,Non-NATO,navy_helo_carriers,0
Spain,Southern Europe,Europe,NATO,navy_helo_carriers,0
Australia,Asia-Pacific,Oceania,Non-NATO,navy_helo_carriers,2
Egypt,Africa,Africa,Non-NATO,navy_helo_carriers,2
Ukraine,Eastern Europe,Europe,Non-NATO,navy_helo_carriers,0
Poland,Eastern Europe,Europe,NATO,navy_helo_carriers,0
Taiwan,Asia-Pacific,Asia,Non-NATO,navy_helo_carriers,0
Vietnam,Southeast Asia,Asia,Non-NATO,navy_helo_carriers,0
Saudi Arabia,Middle East,Asia,Non-NATO,navy_helo_carriers,0
Thailand,Southeast Asia,Asia,Non-NATO,navy_helo_carriers,1
Algeria,Africa,Africa,Non-NATO,navy_helo_carriers,0
Sweden,Scandinavia,Europe,NATO,navy_helo_carriers,0
Canada,Northern America,North America,NATO,navy_helo_carriers,0
Singapore,Southeast Asia,Asia,Non-NATO,navy_helo_carriers,0
Greece,Southern Europe,Europe,NATO,navy_helo_carriers,0
Nigeria,Africa,Africa,Non-NATO,navy_helo_carriers,0
Mexico,Mexico,North America,Non-NATO,navy_helo_carriers,0
Argentina,Latin America,South America,Non-NATO,navy_helo_carriers,0
North Korea,Asia-Pacific,Asia,Non-NATO,navy_helo_carriers,0
Bangladesh,Asia-Pacific,Asia,Non-NATO,navy_helo_carriers,0
Netherlands,Western Europe,Europe,NATO,navy_helo_carriers,0
Myanmar,Southeast Asia,Asia,Non-NATO,navy_helo_carriers,0
Norway,Scandinavia,Europe,NATO,navy_helo_carriers,0
Portugal,Southern Europe,Europe,NATO,navy_helo_carriers,0
South Africa,Africa,Africa,Non-NATO,navy_helo_carriers,0
Philippines,Southeast Asia,Asia,Non-NATO,navy_helo_carriers,0
Malaysia,Southeast Asia,Asia,Non-NATO,navy_helo_carriers,0
Iraq,Middle East,Asia,Non-NATO,navy_helo_carriers,0
Switzerland,Central Europe,Europe,Non-NATO,navy_helo_carriers,0
Denmark,Scandinavia,Europe,NATO,navy_helo_carriers,0
Colombia,Latin America,South America,Non-NATO,navy_helo_carriers,0
Chile,Latin America,South America,Non-NATO,navy_helo_carriers,0
Finland,Scandinavia,Europe,NATO,navy_helo_carriers,0
Peru,Latin America,South America,Non-NATO,navy_helo_carriers,0
Venezuela,Latin America,South America,Non-NATO,navy_helo_carriers,0
Romania,Eastern Europe,Europe,Non-NATO,navy_helo_carriers,0
Ethiopia,Africa,Africa,Non-NATO,navy_helo_carriers,0
Czechia,Eastern Europe,Europe,NATO,navy_helo_carriers,0
United Arab Emirates,Middle East,Asia,Non-NATO,navy_helo_carriers,0
Hungary,Eastern Europe,Europe,NATO,navy_helo_carriers,0
Angola,Africa,Africa,Non-NATO,navy_helo_carriers,0
Kazakhstan,Asia,Asia,Non-NATO,navy_helo_carriers,0
Uzbekistan,Asia,Asia,Non-NATO,navy_helo_carriers,0
Morocco,Africa,Africa,Non-NATO,navy_helo_carriers,0
Azerbaijan,Asia,Asia,Non-NATO,navy_helo_carriers,0
Belgium,Western Europe,Europe,NATO,navy_helo_carriers,0
Bulgaria,Eastern Europe,Europe,NATO,navy_helo_carriers,0
Serbia,Balkans,Europe,Non-NATO,navy_helo_carriers,0
Syria,Middle East,Asia,Non-NATO,navy_helo_carriers,0
Ecuador,Latin America,South America,Non-NATO,navy_helo_carriers,0
Democratic Republic of the Congo,Africa,Africa,Non-NATO,navy_helo_carriers,0
Cuba,Central America,North America,Non-NATO,navy_helo_carriers,0
Austria,Central Europe,Europe,Non-NATO,navy_helo_carriers,0
Sri Lanka,Asia-Pacific,Asia,Non-NATO,navy_helo_carriers,0
Belarus,Eastern Europe,Europe,Non-NATO,navy_helo_carriers,0
Slovakia,Eastern Europe,Europe,NATO,navy_helo_carriers,0
Qatar,Middle East,Asia,Non-NATO,navy_helo_carriers,0
Sudan,Africa,Africa,Non-NATO,navy_helo_carriers,0
Croatia,Balkans,Europe,NATO,navy_helo_carriers,0
Jordan,Middle East,Asia,Non-NATO,navy_helo_carriers,0
Libya,Africa,Africa,Non-NATO,navy_helo_carriers,0
Turkmenistan,Asia,Asia,Non-NATO,navy_helo_carriers,0
Albania,Balkans,Europe,NATO,navy_helo_carriers,0
Kuwait,Gulf Powers,Asia,Non-NATO,navy_helo_carriers,0
Bolivia,Latin America,South America,Non-NATO,navy_helo_carriers,0
Bahrain,Gulf Powers,Asia,Non-NATO,navy_helo_carriers,0
Oman,Gulf Powers,Asia,Non-NATO,navy_helo_carriers,0
Kenya,Africa,Africa,Non-NATO,navy_helo_carriers,0
Chad,Africa,Africa,Non-NATO,navy_helo_carriers,0
Yemen,Middle East,Asia,Non-NATO,navy_helo_carriers,0
New Zealand,Asia-Pacific,Oceania,Non-NATO,navy_helo_carriers,0
Paraguay,Latin America,South America,Non-NATO,navy_helo_carriers,0
Lithuania,Northern Europe,Europe,NATO,navy_helo_carriers,0
Mozambique,Africa,Africa,Non-NATO,navy_helo_carriers,0
Tunisia,Africa,Africa,Non-NATO,navy_helo_carriers,0
Armenia,Asia,Asia,Non-NATO,navy_helo_carriers,0
Tanzania,Africa,Africa,Non-NATO,navy_helo_carriers,0
Cameroon,Africa,Africa,Non-NATO,navy_helo_carriers,0
Georgia,Asia,Asia,Non-NATO,navy_helo_carriers,0
Cambodia,Southeast Asia,Asia,Non-NATO,navy_helo_carriers,0
Slovenia,Balkans,Europe,NATO,navy_helo_carriers,0
Ireland,Northern Europe,Europe,Non-NATO,navy_helo_carriers,0
Mongolia,Asia-Pacific,Asia,Non-NATO,navy_helo_carriers,0
Latvia,Northern Europe,Europe,NATO,navy_helo_carriers,0
Uruguay,Latin America,South America,Non-NATO,navy_helo_carriers,0
Honduras,Central America,North America,Non-NATO,navy_helo_carriers,0
Ivory Coast,Africa,Africa,Non-NATO,navy_helo_carriers,0
Guatemala,Central America,North America,Non-NATO,navy_helo_carriers,0
Mali,Africa,Africa,Non-NATO,navy_helo_carriers,0
Kyrgyzstan,Asia,Asia,Non-NATO,navy_helo_carriers,0
Laos,Southeast Asia,Asia,Non-NATO,navy_helo_carriers,0
Estonia,Northern Europe,Europe,NATO,navy_helo_carriers,0
Tajikistan,Asia,Asia,Non-NATO,navy_helo_carriers,0
Zambia,Africa,Africa,Non-NATO,navy_helo_carriers,0
Ghana,Africa,Africa,Non-NATO,navy_helo_carriers,0
Zimbabwe,Africa,Africa,Non-NATO,navy_helo_carriers,0
North Macedonia,Balkans,Europe,Non-NATO,navy_helo_carriers,0
South Sudan,Africa,Africa,Non-NATO,navy_helo_carriers,0
Uganda,Africa,Africa,Non-NATO,navy_helo_carriers,0
Lebanon,Middle East,Asia,Non-NATO,navy_helo_carriers,0
Namibia,Africa,Africa,Non-NATO,navy_helo_carriers,0
Luxembourg,Western Europe,Europe,NATO,navy_helo_carriers,0
Afghanistan,Asia,Asia,Non-NATO,navy_helo_carriers,0
Niger,Africa,Africa,Non-NATO,navy_helo_carriers,0
Eritrea,Africa,Africa,Non-NATO,navy_helo_carriers,0
Republic of the Congo,Africa,Africa,Non-NATO,navy_helo_carriers,0
Botswana,Africa,Africa,Non-NATO,navy_helo_carriers,0
Mauritania,Africa,Africa,Non-NATO,navy_helo_carriers,0
Dominican Republic,Central America,North America,Non-NATO,navy_helo_carriers,0
Senegal,Africa,Africa,Non-NATO,navy_helo_carriers,0
Nepal,Asia-Pacific,Asia,Non-NATO,navy_helo_carriers,0
Montenegro,Balkans,Europe,NATO,navy_helo_carriers,0
El Salvador,Central America,North America,Non-NATO,navy_helo_carriers,0
Burkina Faso,Africa,Africa,Non-NATO,navy_helo_carriers,0
Madagascar,Africa,Africa,Non-NATO,navy_helo_carriers,0
Nicaragua,Central America,North America,Non-NATO,navy_helo_carriers,0
Bosnia and Herzegovina,Balkans,Europe,Non-NATO,navy_helo_carriers,0
Gabon,Africa,Africa,Non-NATO,navy_helo_carriers,0
Moldova,Eastern Europe,Europe,Non-NATO,navy_helo_carriers,0
Iceland,Scandinavia,Europe,NATO,navy_helo_carriers,0
Panama,Central America,North America,Non-NATO,navy_helo_carriers,0
Beliz,Central America,North America,Non-NATO,navy_helo_carriers,0
Liberia,Africa,Africa,Non-NATO,navy_helo_carriers,0
Suriname,Northern South America,South America,Non-NATO,navy_helo_carriers,0
Sierra Leone,Africa,Africa,Non-NATO,navy_helo_carriers,0
Kosovo,Southern Europe,Europe,Non-NATO,navy_helo_carriers,0
Somalia,Africa,Africa,Non-NATO,navy_helo_carriers,0
Central African Republic,Africa,Africa,Non-NATO,navy_helo_carriers,0
Benin,Africa,Africa,Non-NATO,navy_helo_carriers,0
Bhutan,Asia,Asia,Non-NATO,navy_helo_carriers,0
United States,Northern America,North America,NATO,navy_submarines,70
Russia,Eastern Europe,Europe,Non-NATO,navy_submarines,63
China,Asia-Pacific,Asia,Non-NATO,navy_submarines,61
India,Asia-Pacific,Asia,Non-NATO,navy_submarines,18
South Korea,Asia-Pacific,Asia,Non-NATO,navy_submarines,22
United Kingdom,Northern Europe,Europe,NATO,navy_submarines,9
France,Western Europe,Europe,NATO,navy_submarines,9
Japan,Asia-Pacific,Asia,Non-NATO,navy_submarines,24
Turkiye,Middle East,Asia,NATO,navy_submarines,13
Italy,Southern Europe,Europe,NATO,navy_submarines,8
Brazil,Latin America,South America,Non-NATO,navy_submarines,4
Pakistan,Asia-Pacific,Asia,Non-NATO,navy_submarines,8
Indonesia,Southeast Asia,Asia,Non-NATO,navy_submarines,4
Germany,Central Europe,Europe,NATO,navy_submarines,6
Israel,Middle East,Asia,Non-NATO,navy_submarines,5
Iran,Middle East,Asia,Non-NATO,navy_submarines,25
Spain,Southern Europe,Europe,NATO,navy_submarines,2
Australia,Asia-Pacific,Oceania,Non-NATO,navy_submarines,6
Egypt,Africa,Africa,Non-NATO,navy_submarines,8
Ukraine,Eastern Europe,Europe,Non-NATO,navy_submarines,0
Poland,Eastern Europe,Europe,NATO,navy_submarines,1
Taiwan,Asia-Pacific,Asia,Non-NATO,navy_submarines,4
Vietnam,Southeast Asia,Asia,Non-NATO,navy_submarines,9
Saudi Arabia,Middle East,Asia,Non-NATO,navy_submarines,0
Thailand,Southeast Asia,Asia,Non-NATO,navy_submarines,0
Algeria,Africa,Africa,Non-NATO,navy_submarines,6
Sweden,Scandinavia,Europe,NATO,navy_submarines,4
Canada,Northern America,North America,NATO,navy_submarines,4
Singapore,Southeast Asia,Asia,Non-NATO,navy_submarines,6
Greece,Southern Europe,Europe,NATO,navy_submarines,10
Nigeria,Africa,Africa,Non-NATO,navy_submarines,0
Mexico,Mexico,North America,Non-NATO,navy_submarines,0
Argentina,Latin America,South America,Non-NATO,navy_submarines,2
North Korea,Asia-Pacific,Asia,Non-NATO,navy_submarines,13
Bangladesh,Asia-Pacific,Asia,Non-NATO,navy_submarines,2
Netherlands,Western Europe,Europe,NATO,navy_submarines,3
Myanmar,Southeast Asia,Asia,Non-NATO,navy_submarines,3
Norway,Scandinavia,Europe,NATO,navy_submarines,6
Portugal,Southern Europe,Europe,NATO,navy_submarines,2
South Africa,Africa,Africa,Non-NATO,navy_submarines,3
Philippines,Southeast Asia,Asia,Non-NATO,navy_submarines,0
Malaysia,Southeast Asia,Asia,Non-NATO,navy_submarines,2
Iraq,Middle East,Asia,Non-NATO,navy_submarines,0
Switzerland,Central Europe,Europe,Non-NATO,navy_submarines,0
Denmark,Scandinavia,Europe,NATO,navy_submarines,0
Colombia,Latin America,South America,Non-NATO,navy_submarines,4
Chile,Latin America,South America,Non-NATO,navy_submarines,4
Finland,Scandinavia,Europe,NATO,navy_submarines,0
Peru,Latin America,South America,Non-NATO,navy_submarines,4
Venezuela,Latin America,South America,Non-NATO,navy_submarines,1
Romania,Eastern Europe,Europe,Non-NATO,navy_submarines,0
Ethiopia,Africa,Africa,Non-NATO,navy_submarines,0
Czechia,Eastern Europe,Europe,NATO,navy_submarines,0
United Arab Emirates,Middle East,Asia,Non-NATO,navy_submarines,0
Hungary,Eastern Europe,Europe,NATO,navy_submarines,0
Angola,Africa,Africa,Non-NATO,navy_submarines,0
Kazakhstan,Asia,Asia,Non-NATO,navy_submarines,0
Uzbekistan,Asia,Asia,Non-NATO,navy_submarines,0
Morocco,Africa,Africa,Non-NATO,navy_submarines,0
Azerbaijan,Asia,Asia,Non-NATO,navy_submarines,4
Belgium,Western Europe,Europe,NATO,navy_submarines,0
Bulgaria,Eastern Europe,Europe,NATO,navy_submarines,0
Serbia,Balkans,Europe,Non-NATO,navy_submarines,0
Syria,Middle East,Asia,Non-NATO,navy_submarines,0
Ecuador,Latin America,South America,Non-NATO,navy_submarines,2
Democratic Republic of the Congo,Africa,Africa,Non-NATO,navy_submarines,0
Cuba,Central America,North America,Non-NATO,navy_submarines,0
Austria,Central Europe,Europe,Non-NATO,navy_submarines,0
Sri Lanka,Asia-Pacific,Asia,Non-NATO,navy_submarines,0
Belarus,Eastern Europe,Europe,Non-NATO,navy_submarines,0
Slovakia,Eastern Europe,Europe,NATO,navy_submarines,0
Qatar,Middle East,Asia,Non-NATO,navy_submarines,0
Sudan,Africa,Africa,Non-NATO,navy_submarines,0
Croatia,Balkans,Europe,NATO,navy_submarines,0
Jordan,Middle East,Asia,Non-NATO,navy_submarines,0
Libya,Africa,Africa,Non-NATO,navy_submarines,0
Turkmenistan,Asia,Asia,Non-NATO,navy_submarines,0
Albania,Balkans,Europe,NATO,navy_submarines,0
Kuwait,Gulf Powers,Asia,Non-NATO,navy_submarines,0
Bolivia,Latin America,South America,Non-NATO,navy_submarines,0
Bahrain,Gulf Powers,Asia,Non-NATO,navy_submarines,0
Oman,Gulf Powers,Asia,Non-NATO,navy_submarines,0
Kenya,Africa,Africa,Non-NATO,navy_submarines,0
Chad,Africa,Africa,Non-NATO,navy_submarines,0
Yemen,Middle East,Asia,Non-NATO,navy_submarines,0
New Zealand,Asia-Pacific,Oceania,Non-NATO,navy_submarines,0
Paraguay,Latin America,South America,Non-NATO,navy_submarines,0
Lithuania,Northern Europe,Europe,NATO,navy_submarines,0
Mozambique,Africa,Africa,Non-NATO,navy_submarines,0
Tunisia,Africa,Africa,Non-NATO,navy_submarines,0
Armenia,Asia,Asia,Non-NATO,navy_submarines,0
Tanzania,Africa,Africa,Non-NATO,navy_submarines,0
Cameroon,Africa,Africa,Non-NATO,navy_submarines,0
Georgia,Asia,Asia,Non-NATO,navy_submarines,0
Cambodia,Southeast Asia,Asia,Non-NATO,navy_submarines,0
Slovenia,Balkans,Europe,NATO,navy_submarines,0
Ireland,Northern Europe,Europe,Non-NATO,navy_submarines,0
Mongolia,Asia-Pacific,Asia,Non-NATO,navy_submarines,0
Latvia,Northern Europe,Europe,NATO,navy_submarines,0
Uruguay,Latin America,South America,Non-NATO,navy_submarines,0
Honduras,Central America,North America,Non-NATO,navy_submarines,0
Ivory Coast,Africa,Africa,Non-NATO,navy_submarines,0
Guatemala,Central America,North America,Non-NATO,navy_submarines,0
Mali,Africa,Africa,Non-NATO,navy_submarines,0
Kyrgyzstan,Asia,Asia,Non-NATO,navy_submarines,0
Laos,Southeast Asia,Asia,Non-NATO,navy_submarines,0
Estonia,Northern Europe,Europe,NATO,navy_submarines,0
Tajikistan,Asia,Asia,Non-NATO,navy_submarines,0
Zambia,Africa,Africa,Non-NATO,navy_submarines,0
Ghana,Africa,Africa,Non-NATO,navy_submarines,0
Zimbabwe,Africa,Africa,Non-NATO,navy_submarines,0
North Macedonia,Balkans,Europe,Non-NATO,navy_submarines,0
South Sudan,Africa,Africa,Non-NATO,navy_submarines,0
Uganda,Africa,Africa,Non-NATO,navy_submarines,0
Lebanon,Middle East,Asia,Non-NATO,navy_submarines,0
Namibia,Africa,Africa,Non-NATO,navy_submarines,0
Luxembourg,Western Europe,Europe,NATO,navy_submarines,0
Afghanistan,Asia,Asia,Non-NATO,navy_submarines,0
Niger,Africa,Africa,Non-NATO,navy_submarines,0
Eritrea,Africa,Africa,Non-NATO,navy_submarines,0
Republic of the Congo,Africa,Africa,Non-NATO,navy_submarines,0
Botswana,Africa,Africa,Non-NATO,navy_submarines,0
Mauritania,Africa,Africa,Non-NATO,navy_submarines,0
Dominican Republic,Central America,North America,Non-NATO,navy_submarines,0
Senegal,Africa,Africa,Non-NATO,navy_submarines,0
Nepal,Asia-Pacific,Asia,Non-NATO,navy_submarines,0
Montenegro,Balkans,Europe,NATO,navy_submarines,0
El Salvador,Central America,North America,Non-NATO,navy_submarines,0
Burkina Faso,Africa,Africa,Non-NATO,navy_submarines,0
Madagascar,Africa,Africa,Non-NATO,navy_submarines,0
Nicaragua,Central America,North America,Non-NATO,navy_submarines,0
Bosnia and Herzegovina,Balkans,Europe,Non-NATO,navy_submarines,0
Gabon,Africa,Africa,Non-NATO,navy_submarines,0
Moldova,Eastern Europe,Europe,Non-NATO,navy_submarines,0
Iceland,Scandinavia,Europe,NATO,navy_submarines,0
Panama,Central America,North America,Non-NATO,navy_submarines,0
Beliz,Central America,North America,Non-NATO,navy_submarines,0
Liberia,Africa,Africa,Non-NATO,navy_submarines,0
Suriname,Northern South America,South America,Non-NATO,navy_submarines,0
Sierra Leone,Africa,Africa,Non-NATO,navy_submarines,0
Kosovo,Southern Europe,Europe,Non-NATO,navy_submarines,0
Somalia,Africa,Africa,Non-NATO,navy_submarines,0
Central African Republic,Africa,Africa,Non-NATO,navy_submarines,0
Benin,Africa,Africa,Non-NATO,navy_submarines,0
Bhutan,Asia,Asia,Non-NATO,navy_submarines,0
United States,Northern America,North America,NATO,navy_destroyers,81
Russia,Eastern Europe,Europe,Non-NATO,navy_destroyers,10
China,Asia-Pacific,Asia,Non-NATO,navy_destroyers,50
India,Asia-Pacific,Asia,Non-NATO,navy_destroyers,13
South Korea,Asia-Pacific,Asia,Non-NATO,navy_destroyers,13
United Kingdom,Northern Europe,Europe,NATO,navy_destroyers,6
France,Western Europe,Europe,NATO,navy_destroyers,11
Japan,Asia-Pacific,Asia,Non-NATO,navy_destroyers,42
Turkiye,Middle East,Asia,NATO,navy_destroyers,0
Italy,Southern Europe,Europe,NATO,navy_destroyers,3
Brazil,Latin America,South America,Non-NATO,navy_destroyers,0
Pakistan,Asia-Pacific,Asia,Non-NATO,navy_destroyers,0
Indonesia,Southeast Asia,Asia,Non-NATO,navy_destroyers,0
Germany,Central Europe,Europe,NATO,navy_destroyers,0
Israel,Middle East,Asia,Non-NATO,navy_destroyers,0
Iran,Middle East,Asia,Non-NATO,navy_destroyers,0
Spain,Southern Europe,Europe,NATO,navy_destroyers,0
Australia,Asia-Pacific,Oceania,Non-NATO,navy_destroyers,3
Egypt,Africa,Africa,Non-NATO,navy_destroyers,0
Ukraine,Eastern Europe,Europe,Non-NATO,navy_destroyers,0
Poland,Eastern Europe,Europe,NATO,navy_destroyers,0
Taiwan,Asia-Pacific,Asia,Non-NATO,navy_destroyers,4
Vietnam,Southeast Asia,Asia,Non-NATO,navy_destroyers,0
Saudi Arabia,Middle East,Asia,Non-NATO,navy_destroyers,0
Thailand,Southeast Asia,Asia,Non-NATO,navy_destroyers,0
Algeria,Africa,Africa,Non-NATO,navy_destroyers,0
Sweden,Scandinavia,Europe,NATO,navy_destroyers,0
Canada,Northern America,North America,NATO,navy_destroyers,0
Singapore,Southeast Asia,Asia,Non-NATO,navy_destroyers,0
Greece,Southern Europe,Europe,NATO,navy_destroyers,0
Nigeria,Africa,Africa,Non-NATO,navy_destroyers,0
Mexico,Mexico,North America,Non-NATO,navy_destroyers,5
Argentina,Latin America,South America,Non-NATO,navy_destroyers,3
North Korea,Asia-Pacific,Asia,Non-NATO,navy_destroyers,0
Bangladesh,Asia-Pacific,Asia,Non-NATO,navy_destroyers,0
Netherlands,Western Europe,Europe,NATO,navy_destroyers,0
Myanmar,Southeast Asia,Asia,Non-NATO,navy_destroyers,0
Norway,Scandinavia,Europe,NATO,navy_destroyers,0
Portugal,Southern Europe,Europe,NATO,navy_destroyers,0
South Africa,Africa,Africa,Non-NATO,navy_destroyers,0
Philippines,Southeast Asia,Asia,Non-NATO,navy_destroyers,0
Malaysia,Southeast Asia,Asia,Non-NATO,navy_destroyers,0
Iraq,Middle East,Asia,Non-NATO,navy_destroyers,0
Switzerland,Central Europe,Europe,Non-NATO,navy_destroyers,0
Denmark,Scandinavia,Europe,NATO,navy_destroyers,0
Colombia,Latin America,South America,Non-NATO,navy_destroyers,0
Chile,Latin America,South America,Non-NATO,navy_destroyers,0
Finland,Scandinavia,Europe,NATO,navy_destroyers,0
Peru,Latin America,South America,Non-NATO,navy_destroyers,0
Venezuela,Latin America,South America,Non-NATO,navy_destroyers,0
Romania,Eastern Europe,Europe,Non-NATO,navy_destroyers,0
Ethiopia,Africa,Africa,Non-NATO,navy_destroyers,0
Czechia,Eastern Europe,Europe,NATO,navy_destroyers,0
United Arab Emirates,Middle East,Asia,Non-NATO,navy_destroyers,0
Hungary,Eastern Europe,Europe,NATO,navy_destroyers,0
Angola,Africa,Africa,Non-NATO,navy_destroyers,0
Kazakhstan,Asia,Asia,Non-NATO,navy_destroyers,0
Uzbekistan,Asia,Asia,Non-NATO,navy_destroyers,0
Morocco,Africa,Africa,Non-NATO,navy_destroyers,0
Azerbaijan,Asia,Asia,Non-NATO,navy_destroyers,0
Belgium,Western Europe,Europe,NATO,navy_destroyers,0
Bulgaria,Eastern Europe,Europe,NATO,navy_destroyers,0
Serbia,Balkans,Europe,Non-NATO,navy_destroyers,0
Syria,Middle East,Asia,Non-NATO,navy_destroyers,0
Ecuador,Latin America,South America,Non-NATO,navy_destroyers,0
Democratic Republic of the Congo,Africa,Africa,Non-NATO,navy_destroyers,0
Cuba,Central America,North America,Non-NATO,navy_destroyers,0
Austria,Central Europe,Europe,Non-NATO,navy_destroyers,0
Sri Lanka,Asia-Pacific,Asia,Non-NATO,navy_destroyers,0
Belarus,Eastern Europe,Europe,Non-NATO,navy_destroyers,0
Slovakia,Eastern Europe,Europe,NATO,navy_destroyers,0
Qatar,Middle East,Asia,Non-NATO,navy_destroyers,0
Sudan,Africa,Africa,Non-NATO,navy_destroyers,0
Croatia,Balkans,Europe,NATO,navy_destroyers,0
Jordan,Middle East,Asia,Non-NATO,navy_destroyers,0
Libya,Africa,Africa,Non-NATO,navy_destroyers,0
Turkmenistan,Asia,Asia,Non-NATO,navy_destroyers,0
Albania,Balkans,Europe,NATO,navy_destroyers,0
Kuwait,Gulf Powers,Asia,Non-NATO,navy_destroyers,0
Bolivia,Latin America,South America,Non-NATO,navy_destroyers,0
Bahrain,Gulf Powers,Asia,Non-NATO,navy_destroyers,0
Oman,Gulf Powers,Asia,Non-NATO,navy_destroyers,0
Kenya,Africa,Africa,Non-NATO,navy_destroyers,0
Chad,Africa,Africa,Non-NATO,navy_destroyers,0
Yemen,Middle East,Asia,Non-NATO,navy_destroyers,0
New Zealand,Asia-Pacific,Oceania,Non-NATO,navy_destroyers,0
Paraguay,Latin America,South America,Non-NATO,navy_destroyers,0
Lithuania,Northern Europe,Europe,NATO,navy_destroyers,0
Mozambique,Africa,Africa,Non-NATO,navy_destroyers,0
Tunisia,Africa,Africa,Non-NATO,navy_destroyers,0
Armenia,Asia,Asia,Non-NATO,navy_destroyers,0
Tanzania,Africa,Africa,Non-NATO,navy_destroyers,0
Cameroon,Africa,Africa,Non-NATO,navy_destroyers,0
Georgia,Asia,Asia,Non-NATO,navy_destroyers,0
Cambodia,Southeast Asia,Asia,Non-NATO,navy_destroyers,0
Slovenia,Balkans,Europe,NATO,navy_destroyers,0
Ireland,Northern Europe,Europe,Non-NATO,navy_destroyers,0
Mongolia,Asia-Pacific,Asia,Non-NATO,navy_destroyers,0
Latvia,Northern Europe,Europe,NATO,navy_destroyers,0
Uruguay,Latin America,South America,Non-NATO,navy_destroyers,0
Honduras,Central America,North America,Non-NATO,navy_destroyers,0
Ivory Coast,Africa,Africa,Non-NATO,navy_destroyers,0
Guatemala,Central America,North America,Non-NATO,navy_destroyers,0
Mali,Africa,Africa,Non-NATO,navy_destroyers,0
Kyrgyzstan,Asia,Asia,Non-NATO,navy_destroyers,0
Laos,Southeast Asia,Asia,Non-NATO,navy_destroyers,0
Estonia,Northern Europe,Europe,NATO,navy_destroyers,0
Tajikistan,Asia,Asia,Non-NATO,navy_destroyers,0
Zambia,Africa,Africa,Non-NATO,navy_destroyers,0
Ghana,Africa,Africa,Non-NATO,navy_destroyers,0
Zimbabwe,Africa,Africa,Non-NATO,navy_destroyers,0
North Macedonia,Balkans,Europe,Non-NATO,navy_destroyers,0
South Sudan,Africa,Africa,Non-NATO,navy_destroyers,0
Uganda,Africa,Africa,Non-NATO,navy_destroyers,0
Lebanon,Middle East,Asia,Non-NATO,navy_destroyers,0
Namibia,Africa,Africa,Non-NATO,navy_destroyers,0
Luxembourg,Western Europe,Europe,NATO,navy_destroyers,0
Afghanistan,Asia,Asia,Non-NATO,navy_destroyers,0
Niger,Africa,Africa,Non-NATO,navy_destroyers,0
Eritrea,Africa,Africa,Non-NATO,navy_destroyers,0
Republic of the Congo,Africa,Africa,Non-NATO,navy_destroyers,0
Botswana,Africa,Africa,Non-NATO,navy_destroyers,0
Mauritania,Africa,Africa,Non-NATO,navy_destroyers,0
Dominican Republic,Central America,North America,Non-NATO,navy_destroyers,0
Senegal,Africa,Africa,Non-NATO,navy_destroyers,0
Nepal,Asia-Pacific,Asia,Non-NATO,navy_destroyers,0
Montenegro,Balkans,Europe,NATO,navy_destroyers,0
El Salvador,Central America,North America,Non-NATO,navy_destroyers,0
Burkina Faso,Africa,Africa,Non-NATO,navy_destroyers,0
Madagascar,Africa,Africa,Non-NATO,navy_destroyers,0
Nicaragua,Central America,North America,Non-NATO,navy_destroyers,0
Bosnia and Herzegovina,Balkans,Europe,Non-NATO,navy_destroyers,0
Gabon,Africa,Africa,Non-NATO,navy_destroyers,0
Moldova,Eastern Europe,Europe,Non-NATO,navy_destroyers,0
Iceland,Scandinavia,Europe,NATO,navy_destroyers,0
Panama,Central America,North America,Non-NATO,navy_destroyers,0
Beliz,Central America,North America,Non-NATO,navy_destroyers,0
Liberia,Africa,Africa,Non-NATO,navy_destroyers,0
Suriname,Northern South America,South America,Non-NATO,navy_destroyers,0
Sierra Leone,Africa,Africa,Non-NATO,navy_destroyers,0
Kosovo,Southern Europe,Europe,Non-NATO,navy_destroyers,0
Somalia,Africa,Africa,Non-NATO,navy_destroyers,0
Central African Republic,Africa,Africa,Non-NATO,navy_destroyers,0
Benin,Africa,Africa,Non-NATO,navy_destroyers,0
Bhutan,Asia,Asia,Non-NATO,navy_destroyers,0
United States,Northern America,North America,NATO,navy_frigates,0
Russia,Eastern Europe,Europe,Non-NATO,navy_frigates,12
China,Asia-Pacific,Asia,Non-NATO,navy_frigates,47
India,Asia-Pacific,Asia,Non-NATO,navy_frigates,14
South Korea,Asia-Pacific,Asia,Non-NATO,navy_frigates,17
United Kingdom,Northern Europe,Europe,NATO,navy_frigates,8
France,Western Europe,Europe,NATO,navy_frigates,11
Japan,Asia-Pacific,Asia,Non-NATO,navy_frigates,6
Turkiye,Middle East,Asia,NATO,navy_frigates,17
Italy,Southern Europe,Europe,NATO,navy_frigates,10
Brazil,Latin America,South America,Non-NATO,navy_frigates,6
Pakistan,Asia-Pacific,Asia,Non-NATO,navy_frigates,9
Indonesia,Southeast Asia,Asia,Non-NATO,navy_frigates,7
Germany,Central Europe,Europe,NATO,navy_frigates,11
Israel,Middle East,Asia,Non-NATO,navy_frigates,0
Iran,Middle East,Asia,Non-NATO,navy_frigates,7
Spain,Southern Europe,Europe,NATO,navy_frigates,11
Australia,Asia-Pacific,Oceania,Non-NATO,navy_frigates,7
Egypt,Africa,Africa,Non-NATO,navy_frigates,13
Ukraine,Eastern Europe,Europe,Non-NATO,navy_frigates,0
Poland,Eastern Europe,Europe,NATO,navy_frigates,2
Taiwan,Asia-Pacific,Asia,Non-NATO,navy_frigates,22
Vietnam,Southeast Asia,Asia,Non-NATO,navy_frigates,9
Saudi Arabia,Middle East,Asia,Non-NATO,navy_frigates,7
Thailand,Southeast Asia,Asia,Non-NATO,navy_frigates,7
Algeria,Africa,Africa,Non-NATO,navy_frigates,8
Sweden,Scandinavia,Europe,NATO,navy_frigates,0
Canada,Northern America,North America,NATO,navy_frigates,12
Singapore,Southeast Asia,Asia,Non-NATO,navy_frigates,6
Greece,Southern Europe,Europe,NATO,navy_frigates,13
Nigeria,Africa,Africa,Non-NATO,navy_frigates,1
Mexico,Mexico,North America,Non-NATO,navy_frigates,1
Argentina,Latin America,South America,Non-NATO,navy_frigates,0
North Korea,Asia-Pacific,Asia,Non-NATO,navy_frigates,2
Bangladesh,Asia-Pacific,Asia,Non-NATO,navy_frigates,7
Netherlands,Western Europe,Europe,NATO,navy_frigates,6
Myanmar,Southeast Asia,Asia,Non-NATO,navy_frigates,6
Norway,Scandinavia,Europe,NATO,navy_frigates,4
Portugal,Southern Europe,Europe,NATO,navy_frigates,5
South Africa,Africa,Africa,Non-NATO,navy_frigates,4
Philippines,Southeast Asia,Asia,Non-NATO,navy_frigates,2
Malaysia,Southeast Asia,Asia,Non-NATO,navy_frigates,2
Iraq,Middle East,Asia,Non-NATO,navy_frigates,0
Switzerland,Central Europe,Europe,Non-NATO,navy_frigates,0
Denmark,Scandinavia,Europe,NATO,navy_frigates,9
Colombia,Latin America,South America,Non-NATO,navy_frigates,7
Chile,Latin America,South America,Non-NATO,navy_frigates,8
Finland,Scandinavia,Europe,NATO,navy_frigates,0
Peru,Latin America,South America,Non-NATO,navy_frigates,7
Venezuela,Latin America,South America,Non-NATO,navy_frigates,1
Romania,Eastern Europe,Europe,Non-NATO,navy_frigates,3
Ethiopia,Africa,Africa,Non-NATO,navy_frigates,0
Czechia,Eastern Europe,Europe,NATO,navy_frigates,0
United Arab Emirates,Middle East,Asia,Non-NATO,navy_frigates,0
Hungary,Eastern Europe,Europe,NATO,navy_frigates,0
Angola,Africa,Africa,Non-NATO,navy_frigates,0
Kazakhstan,Asia,Asia,Non-NATO,navy_frigates,0
Uzbekistan,Asia,Asia,Non-NATO,navy_frigates,0
Morocco,Africa,Africa,Non-NATO,navy_frigates,6
Azerbaijan,Asia,Asia,Non-NATO,navy_frigates,0
Belgium,Western Europe,Europe,NATO,navy_frigates,2
Bulgaria,Eastern Europe,Europe,NATO,navy_frigates,4
Serbia,Balkans,Europe,Non-NATO,navy_frigates,0
Syria,Middle East,Asia,Non-NATO,navy_frigates,0
Ecuador,Latin America,South America,Non-NATO,navy_frigates,2
Democratic Republic of the Congo,Africa,Africa,Non-NATO,navy_frigates,0
Cuba,Central America,North America,Non-NATO,navy_frigates,1
Austria,Central Europe,Europe,Non-NATO,navy_frigates,0
Sri Lanka,Asia-Pacific,Asia,Non-NATO,navy_frigates,5
Belarus,Eastern Europe,Europe,Non-NATO,navy_frigates,0
Slovakia,Eastern Europe,Europe,NATO,navy_frigates,0
Qatar,Middle East,Asia,Non-NATO,navy_frigates,0
Sudan,Africa,Africa,Non-NATO,navy_frigates,0
Croatia,Balkans,Europe,NATO,navy_frigates,0
Jordan,Middle East,Asia,Non-NATO,navy_frigates,0
Libya,Africa,Africa,Non-NATO,navy_frigates,0
Turkmenistan,Asia,Asia,Non-NATO,navy_frigates,0
Albania,Balkans,Europe,NATO,navy_frigates,0
Kuwait,Gulf Powers,Asia,Non-NATO,navy_frigates,0
Bolivia,Latin America,South America,Non-NATO,navy_frigates,0
Bahrain,Gulf Powers,Asia,Non-NATO,navy_frigates,2
Oman,Gulf Powers,Asia,Non-NATO,navy_frigates,0
Kenya,Africa,Africa,Non-NATO,navy_frigates,0
Chad,Africa,Africa,Non-NATO,navy_frigates,0
Yemen,Middle East,Asia,Non-NATO,navy_frigates,0
New Zealand,Asia-Pacific,Oceania,Non-NATO,navy_frigates,2
Paraguay,Latin America,South America,Non-NATO,navy_frigates,0
Lithuania,Northern Europe,Europe,NATO,navy_frigates,0
Mozambique,Africa,Africa,Non-NATO,navy_frigates,0
Tunisia,Africa,Africa,Non-NATO,navy_frigates,0
Armenia,Asia,Asia,Non-NATO,navy_frigates,0
Tanzania,Africa,Africa,Non-NATO,navy_frigates,0
Cameroon,Africa,Africa,Non-NATO,navy_frigates,0
Georgia,Asia,Asia,Non-NATO,navy_frigates,0
Cambodia,Southeast Asia,Asia,Non-NATO,navy_frigates,0
Slovenia,Balkans,Europe,NATO,navy_frigates,0
Ireland,Northern Europe,Europe,Non-NATO,navy_frigates,0
Mongolia,Asia-Pacific,Asia,Non-NATO,navy_frigates,0
Latvia,Northern Europe,Europe,NATO,navy_frigates,0
Uruguay,Latin America,South America,Non-NATO,navy_frigates,0
Honduras,Central America,North America,Non-NATO,navy_frigates,0
Ivory Coast,Africa,Africa,Non-NATO,navy_frigates,0
Guatemala,Central America,North America,Non-NATO,navy_frigates,0
Mali,Africa,Africa,Non-NATO,navy_frigates,0
Kyrgyzstan,Asia,Asia,Non-NATO,navy_frigates,0
Laos,Southeast Asia,Asia,Non-NATO,navy_frigates,0
Estonia,Northern Europe,Europe,NATO,navy_frigates,0
Tajikistan,Asia,Asia,Non-NATO,navy_frigates,0
Zambia,Africa,Africa,Non-NATO,navy_frigates,0
Ghana,Africa,Africa,Non-NATO,navy_frigates,0
Zimbabwe,Africa,Africa,Non-NATO,navy_frigates,0
North Macedonia,Balkans,Europe,Non-NATO,navy_frigates,0
South Sudan,Africa,Africa,Non-NATO,navy_frigates,0
Uganda,Africa,Africa,Non-NATO,navy_frigates,0
Lebanon,Middle East,Asia,Non-NATO,navy_frigates,0
Namibia,Africa,Africa,Non-NATO,navy_frigates,0
Luxembourg,Western Europe,Europe,NATO,navy_frigates,0
Afghanistan,Asia,Asia,Non-NATO,navy_frigates,0
Niger,Africa,Africa,Non-NATO,navy_frigates,0
Eritrea,Africa,Africa,Non-NATO,navy_frigates,0
Republic of the Congo,Africa,Africa,Non-NATO,navy_frigates,0
Botswana,Africa,Africa,Non-NATO,navy_frigates,0
Mauritania,Africa,Africa,Non-NATO,navy_frigates,0
Dominican Republic,Central America,North America,Non-NATO,navy_frigates,0
Senegal,Africa,Africa,Non-NATO,navy_frigates,0
Nepal,Asia-Pacific,Asia,Non-NATO,navy_frigates,0
Montenegro,Balkans,Europe,NATO,navy_frigates,0
El Salvador,Central America,North America,Non-NATO,navy_frigates,0
Burkina Faso,Africa,Africa,Non-NATO,navy_frigates,0
Madagascar,Africa,Africa,Non-NATO,navy_frigates,0
Nicaragua,Central America,North America,Non-NATO,navy_frigates,0
Bosnia and Herzegovina,Balkans,Europe,Non-NATO,navy_frigates,0
Gabon,Africa,Africa,Non-NATO,navy_frigates,0
Moldova,Eastern Europe,Europe,Non-NATO,navy_frigates,0
Iceland,Scandinavia,Europe,NATO,navy_frigates,0
Panama,Central America,North America,Non-NATO,navy_frigates,0
Beliz,Central America,North America,Non-NATO,navy_frigates,0
Liberia,Africa,Africa,Non-NATO,navy_frigates,0
Suriname,Northern South America,South America,Non-NATO,navy_frigates,0
Sierra Leone,Africa,Africa,Non-NATO,navy_frigates,0
Kosovo,Southern Europe,Europe,Non-NATO,navy_frigates,0
Somalia,Africa,Africa,Non-NATO,navy_frigates,0
Central African Republic,Africa,Africa,Non-NATO,navy_frigates,0
Benin,Africa,Africa,Non-NATO,navy_frigates,0
Bhutan,Asia,Asia,Non-NATO,navy_frigates,0
United States,Northern America,North America,NATO,navy_corvettes,26
Russia,Eastern Europe,Europe,Non-NATO,navy_corvettes,83
China,Asia-Pacific,Asia,Non-NATO,navy_corvettes,72
India,Asia-Pacific,Asia,Non-NATO,navy_corvettes,18
South Korea,Asia-Pacific,Asia,Non-NATO,navy_corvettes,5
United Kingdom,Northern Europe,Europe,NATO,navy_corvettes,0
France,Western Europe,Europe,NATO,navy_corvettes,0
Japan,Asia-Pacific,Asia,Non-NATO,navy_corvettes,0
Turkiye,Middle East,Asia,NATO,navy_corvettes,9
Italy,Southern Europe,Europe,NATO,navy_corvettes,0
Brazil,Latin America,South America,Non-NATO,navy_corvettes,2
Pakistan,Asia-Pacific,Asia,Non-NATO,navy_corvettes,9
Indonesia,Southeast Asia,Asia,Non-NATO,navy_corvettes,25
Germany,Central Europe,Europe,NATO,navy_corvettes,5
Israel,Middle East,Asia,Non-NATO,navy_corvettes,7
Iran,Middle East,Asia,Non-NATO,navy_corvettes,3
Spain,Southern Europe,Europe,NATO,navy_corvettes,0
Australia,Asia-Pacific,Oceania,Non-NATO,navy_corvettes,0
Egypt,Africa,Africa,Non-NATO,navy_corvettes,7
Ukraine,Eastern Europe,Europe,Non-NATO,navy_corvettes,0
Poland,Eastern Europe,Europe,NATO,navy_corvettes,2
Taiwan,Asia-Pacific,Asia,Non-NATO,navy_corvettes,7
Vietnam,Southeast Asia,Asia,Non-NATO,navy_corvettes,16
Saudi Arabia,Middle East,Asia,Non-NATO,navy_corvettes,9
Thailand,Southeast Asia,Asia,Non-NATO,navy_corvettes,6
Algeria,Africa,Africa,Non-NATO,navy_corvettes,8
Sweden,Scandinavia,Europe,NATO,navy_corvettes,7
Canada,Northern America,North America,NATO,navy_corvettes,0
Singapore,Southeast Asia,Asia,Non-NATO,navy_corvettes,6
Greece,Southern Europe,Europe,NATO,navy_corvettes,0
Nigeria,Africa,Africa,Non-NATO,navy_corvettes,0
Mexico,Mexico,North America,Non-NATO,navy_corvettes,3
Argentina,Latin America,South America,Non-NATO,navy_corvettes,6
North Korea,Asia-Pacific,Asia,Non-NATO,navy_corvettes,4
Bangladesh,Asia-Pacific,Asia,Non-NATO,navy_corvettes,6
Netherlands,Western Europe,Europe,NATO,navy_corvettes,0
Myanmar,Southeast Asia,Asia,Non-NATO,navy_corvettes,3
Norway,Scandinavia,Europe,NATO,navy_corvettes,6
Portugal,Southern Europe,Europe,NATO,navy_corvettes,2
South Africa,Africa,Africa,Non-NATO,navy_corvettes,0
Philippines,Southeast Asia,Asia,Non-NATO,navy_corvettes,1
Malaysia,Southeast Asia,Asia,Non-NATO,navy_corvettes,6
Iraq,Middle East,Asia,Non-NATO,navy_corvettes,2
Switzerland,Central Europe,Europe,Non-NATO,navy_corvettes,0
Denmark,Scandinavia,Europe,NATO,navy_corvettes,0
Colombia,Latin America,South America,Non-NATO,navy_corvettes,2
Chile,Latin America,South America,Non-NATO,navy_corvettes,0
Finland,Scandinavia,Europe,NATO,navy_corvettes,0
Peru,Latin America,South America,Non-NATO,navy_corvettes,8
Venezuela,Latin America,South America,Non-NATO,navy_corvettes,0
Romania,Eastern Europe,Europe,Non-NATO,navy_corvettes,7
Ethiopia,Africa,Africa,Non-NATO,navy_corvettes,0
Czechia,Eastern Europe,Europe,NATO,navy_corvettes,0
United Arab Emirates,Middle East,Asia,Non-NATO,navy_corvettes,11
Hungary,Eastern Europe,Europe,NATO,navy_corvettes,0
Angola,Africa,Africa,Non-NATO,navy_corvettes,0
Kazakhstan,Asia,Asia,Non-NATO,navy_corvettes,0
Uzbekistan,Asia,Asia,Non-NATO,navy_corvettes,0
Morocco,Africa,Africa,Non-NATO,navy_corvettes,1
Azerbaijan,Asia,Asia,Non-NATO,navy_corvettes,0
Belgium,Western Europe,Europe,NATO,navy_corvettes,0
Bulgaria,Eastern Europe,Europe,NATO,navy_corvettes,3
Serbia,Balkans,Europe,Non-NATO,navy_corvettes,0
Syria,Middle East,Asia,Non-NATO,navy_corvettes,0
Ecuador,Latin America,South America,Non-NATO,navy_corvettes,6
Democratic Republic of the Congo,Africa,Africa,Non-NATO,navy_corvettes,0
Cuba,Central America,North America,Non-NATO,navy_corvettes,1
Austria,Central Europe,Europe,Non-NATO,navy_corvettes,0
Sri Lanka,Asia-Pacific,Asia,Non-NATO,navy_corvettes,0
Belarus,Eastern Europe,Europe,Non-NATO,navy_corvettes,0
Slovakia,Eastern Europe,Europe,NATO,navy_corvettes,0
Qatar,Middle East,Asia,Non-NATO,navy_corvettes,4
Sudan,Africa,Africa,Non-NATO,navy_corvettes,0
Croatia,Balkans,Europe,NATO,navy_corvettes,0
Jordan,Middle East,Asia,Non-NATO,navy_corvettes,0
Libya,Africa,Africa,Non-NATO,navy_corvettes,1
Turkmenistan,Asia,Asia,Non-NATO,navy_corvettes,0
Albania,Balkans,Europe,NATO,navy_corvettes,0
Kuwait,Gulf Powers,Asia,Non-NATO,navy_corvettes,0
Bolivia,Latin America,South America,Non-NATO,navy_corvettes,0
Bahrain,Gulf Powers,Asia,Non-NATO,navy_corvettes,2
Oman,Gulf Powers,Asia,Non-NATO,navy_corvettes,5
Kenya,Africa,Africa,Non-NATO,navy_corvettes,0
Chad,Africa,Africa,Non-NATO,navy_corvettes,0
Yemen,Middle East,Asia,Non-NATO,navy_corvettes,1
New Zealand,Asia-Pacific,Oceania,Non-NATO,navy_corvettes,0
Paraguay,Latin America,South America,Non-NATO,navy_corvettes,0
Lithuania,Northern Europe,Europe,NATO,navy_corvettes,0
Mozambique,Africa,Africa,Non-NATO,navy_corvettes,0
Tunisia,Africa,Africa,Non-NATO,navy_corvettes,0
Armenia,Asia,Asia,Non-NATO,navy_corvettes,0
Tanzania,Africa,Africa,Non-NATO,navy_corvettes,0
Cameroon,Africa,Africa,Non-NATO,navy_corvettes,0
Georgia,Asia,Asia,Non-NATO,navy_corvettes,0
Cambodia,Southeast Asia,Asia,Non-NATO,navy_corvettes,0
Slovenia,Balkans,Europe,NATO,navy_corvettes,0
Ireland,Northern Europe,Europe,Non-NATO,navy_corvettes,0
Mongolia,Asia-Pacific,Asia,Non-NATO,navy_corvettes,0
Latvia,Northern Europe,Europe,NATO,navy_corvettes,0
Uruguay,Latin America,South America,Non-NATO,navy_corvettes,0
Honduras,Central America,North America,Non-NATO,navy_corvettes,0
Ivory Coast,Africa,Africa,Non-NATO,navy_corvettes,0
Guatemala,Central America,North America,Non-NATO,navy_corvettes,0
Mali,Africa,Africa,Non-NATO,navy_corvettes,0
Kyrgyzstan,Asia,Asia,Non-NATO,navy_corvettes,0
Laos,Southeast Asia,Asia,Non-NATO,navy_corvettes,0
Estonia,Northern Europe,Europe,NATO,navy_corvettes,0
Tajikistan,Asia,Asia,Non-NATO,navy_corvettes,0
Zambia,Africa,Africa,Non-NATO,navy_corvettes,0
Ghana,Africa,Africa,Non-NATO,navy_corvettes,0
Zimbabwe,Africa,Africa,Non-NATO,navy_corvettes,0
North Macedonia,Balkans,Europe,Non-NATO,navy_corvettes,0
South Sudan,Africa,Africa,Non-NATO,navy_corvettes,0
Uganda,Africa,Africa,Non-NATO,navy_corvettes,0
Lebanon,Middle East,Asia,Non-NATO,navy_corvettes,0
Namibia,Africa,Africa,Non-NATO,navy_corvettes,2
Luxembourg,Western Europe,Europe,NATO,navy_corvettes,0
Afghanistan,Asia,Asia,Non-NATO,navy_corvettes,0
Niger,Africa,Africa,Non-NATO,navy_corvettes,0
Eritrea,Africa,Africa,Non-NATO,navy_corvettes,0
Republic of the Congo,Africa,Africa,Non-NATO,navy_corvettes,0
Botswana,Africa,Africa,Non-NATO,navy_corvettes,0
Mauritania,Africa,Africa,Non-NATO,navy_corvettes,0
Dominican Republic,Central America,North America,Non-NATO,navy_corvettes,0
Senegal,Africa,Africa,Non-NATO,navy_corvettes,0
Nepal,Asia-Pacific,Asia,Non-NATO,navy_corvettes,0
Montenegro,Balkans,Europe,NATO,navy_corvettes,0
El Salvador,Central America,North America,Non-NATO,navy_corvettes,0
Burkina Faso,Africa,Africa,Non-NATO,navy_corvettes,0
Madagascar,Africa,Africa,Non-NATO,navy_corvettes,0
Nicaragua,Central America,North America,Non-NATO,navy_corvettes,0
Bosnia and Herzegovina,Balkans,Europe,Non-NATO,navy_corvettes,0
Gabon,Africa,Africa,Non-NATO,navy_corvettes,0
Moldova,Eastern Europe,Europe,Non-NATO,navy_corvettes,0
Iceland,Scandinavia,Europe,NATO,navy_corvettes,0
Panama,Central America,North America,Non-NATO,navy_corvettes,0
Beliz,Central America,North America,Non-NATO,navy_corvettes,0
Liberia,Africa,Africa,Non-NATO,navy_corvettes,0
Suriname,Northern South America,South America,Non-NATO,navy_corvettes,0
Sierra Leone,Africa,Africa,Non-NATO,navy_corvettes,0
Kosovo,Southern Europe,Europe,Non-NATO,navy_corvettes,0
Somalia,Africa,Africa,Non-NATO,navy_corvettes,0
Central African Republic,Africa,Africa,Non-NATO,navy_corvettes,0
Benin,Africa,Africa,Non-NATO,navy_corvettes,0
Bhutan,Asia,Asia,Non-NATO,navy_corvettes,0
United States,Northern America,North America,NATO,navy_patrol_coastal_craft,0
Russia,Eastern Europe,Europe,Non-NATO,navy_patrol_coastal_craft,123
China,Asia-Pacific,Asia,Non-NATO,navy_patrol_coastal_craft,150
India,Asia-Pacific,Asia,Non-NATO,navy_patrol_coastal_craft,135
South Korea,Asia-Pacific,Asia,Non-NATO,navy_patrol_coastal_craft,35
United Kingdom,Northern Europe,Europe,NATO,navy_patrol_coastal_craft,26
France,Western Europe,Europe,NATO,navy_patrol_coastal_craft,20
Japan,Asia-Pacific,Asia,Non-NATO,navy_patrol_coastal_craft,6
Turkiye,Middle East,Asia,NATO,navy_patrol_coastal_craft,41
Italy,Southern Europe,Europe,NATO,navy_patrol_coastal_craft,19
Brazil,Latin America,South America,Non-NATO,navy_patrol_coastal_craft,23
Pakistan,Asia-Pacific,Asia,Non-NATO,navy_patrol_coastal_craft,69
Indonesia,Southeast Asia,Asia,Non-NATO,navy_patrol_coastal_craft,211
Germany,Central Europe,Europe,NATO,navy_patrol_coastal_craft,0
Israel,Middle East,Asia,Non-NATO,navy_patrol_coastal_craft,46
Iran,Middle East,Asia,Non-NATO,navy_patrol_coastal_craft,21
Spain,Southern Europe,Europe,NATO,navy_patrol_coastal_craft,22
Australia,Asia-Pacific,Oceania,Non-NATO,navy_patrol_coastal_craft,10
Egypt,Africa,Africa,Non-NATO,navy_patrol_coastal_craft,62
Ukraine,Eastern Europe,Europe,Non-NATO,navy_patrol_coastal_craft,33
Poland,Eastern Europe,Europe,NATO,navy_patrol_coastal_craft,3
Taiwan,Asia-Pacific,Asia,Non-NATO,navy_patrol_coastal_craft,37
Vietnam,Southeast Asia,Asia,Non-NATO,navy_patrol_coastal_craft,35
Saudi Arabia,Middle East,Asia,Non-NATO,navy_patrol_coastal_craft,9
Thailand,Southeast Asia,Asia,Non-NATO,navy_patrol_coastal_craft,49
Algeria,Africa,Africa,Non-NATO,navy_patrol_coastal_craft,75
Sweden,Scandinavia,Europe,NATO,navy_patrol_coastal_craft,179
Canada,Northern America,North America,NATO,navy_patrol_coastal_craft,24
Singapore,Southeast Asia,Asia,Non-NATO,navy_patrol_coastal_craft,12
Greece,Southern Europe,Europe,NATO,navy_patrol_coastal_craft,39
Nigeria,Africa,Africa,Non-NATO,navy_patrol_coastal_craft,109
Mexico,Mexico,North America,Non-NATO,navy_patrol_coastal_craft,140
Argentina,Latin America,South America,Non-NATO,navy_patrol_coastal_craft,13
North Korea,Asia-Pacific,Asia,Non-NATO,navy_patrol_coastal_craft,155
Bangladesh,Asia-Pacific,Asia,Non-NATO,navy_patrol_coastal_craft,61
Netherlands,Western Europe,Europe,NATO,navy_patrol_coastal_craft,4
Myanmar,Southeast Asia,Asia,Non-NATO,navy_patrol_coastal_craft,146
Norway,Scandinavia,Europe,NATO,navy_patrol_coastal_craft,18
Portugal,Southern Europe,Europe,NATO,navy_patrol_coastal_craft,20
South Africa,Africa,Africa,Non-NATO,navy_patrol_coastal_craft,33
Philippines,Southeast Asia,Asia,Non-NATO,navy_patrol_coastal_craft,58
Malaysia,Southeast Asia,Asia,Non-NATO,navy_patrol_coastal_craft,71
Iraq,Middle East,Asia,Non-NATO,navy_patrol_coastal_craft,26
Switzerland,Central Europe,Europe,Non-NATO,navy_patrol_coastal_craft,0
Denmark,Scandinavia,Europe,NATO,navy_patrol_coastal_craft,9
Colombia,Latin America,South America,Non-NATO,navy_patrol_coastal_craft,217
Chile,Latin America,South America,Non-NATO,navy_patrol_coastal_craft,40
Finland,Scandinavia,Europe,NATO,navy_patrol_coastal_craft,8
Peru,Latin America,South America,Non-NATO,navy_patrol_coastal_craft,13
Venezuela,Latin America,South America,Non-NATO,navy_patrol_coastal_craft,25
Romania,Eastern Europe,Europe,Non-NATO,navy_patrol_coastal_craft,3
Ethiopia,Africa,Africa,Non-NATO,navy_patrol_coastal_craft,0
Czechia,Eastern Europe,Europe,NATO,navy_patrol_coastal_craft,0
United Arab Emirates,Middle East,Asia,Non-NATO,navy_patrol_coastal_craft,34
Hungary,Eastern Europe,Europe,NATO,navy_patrol_coastal_craft,0
Angola,Africa,Africa,Non-NATO,navy_patrol_coastal_craft,29
Kazakhstan,Asia,Asia,Non-NATO,navy_patrol_coastal_craft,23
Uzbekistan,Asia,Asia,Non-NATO,navy_patrol_coastal_craft,0
Morocco,Africa,Africa,Non-NATO,navy_patrol_coastal_craft,105
Azerbaijan,Asia,Asia,Non-NATO,navy_patrol_coastal_craft,17
Belgium,Western Europe,Europe,NATO,navy_patrol_coastal_craft,2
Bulgaria,Eastern Europe,Europe,NATO,navy_patrol_coastal_craft,0
Serbia,Balkans,Europe,Non-NATO,navy_patrol_coastal_craft,7
Syria,Middle East,Asia,Non-NATO,navy_patrol_coastal_craft,16
Ecuador,Latin America,South America,Non-NATO,navy_patrol_coastal_craft,5
Democratic Republic of the Congo,Africa,Africa,Non-NATO,navy_patrol_coastal_craft,16
Cuba,Central America,North America,Non-NATO,navy_patrol_coastal_craft,6
Austria,Central Europe,Europe,Non-NATO,navy_patrol_coastal_craft,0
Sri Lanka,Asia-Pacific,Asia,Non-NATO,navy_patrol_coastal_craft,59
Belarus,Eastern Europe,Europe,Non-NATO,navy_patrol_coastal_craft,0
Slovakia,Eastern Europe,Europe,NATO,navy_patrol_coastal_craft,0
Qatar,Middle East,Asia,Non-NATO,navy_patrol_coastal_craft,105
Sudan,Africa,Africa,Non-NATO,navy_patrol_coastal_craft,6
Croatia,Balkans,Europe,NATO,navy_patrol_coastal_craft,10
Jordan,Middle East,Asia,Non-NATO,navy_patrol_coastal_craft,27
Libya,Africa,Africa,Non-NATO,navy_patrol_coastal_craft,1
Turkmenistan,Asia,Asia,Non-NATO,navy_patrol_coastal_craft,16
Albania,Balkans,Europe,NATO,navy_patrol_coastal_craft,19
Kuwait,Gulf Powers,Asia,Non-NATO,navy_patrol_coastal_craft,106
Bolivia,Latin America,South America,Non-NATO,navy_patrol_coastal_craft,50
Bahrain,Gulf Powers,Asia,Non-NATO,navy_patrol_coastal_craft,50
Oman,Gulf Powers,Asia,Non-NATO,navy_patrol_coastal_craft,12
Kenya,Africa,Africa,Non-NATO,navy_patrol_coastal_craft,7
Chad,Africa,Africa,Non-NATO,navy_patrol_coastal_craft,0
Yemen,Middle East,Asia,Non-NATO,navy_patrol_coastal_craft,12
New Zealand,Asia-Pacific,Oceania,Non-NATO,navy_patrol_coastal_craft,4
Paraguay,Latin America,South America,Non-NATO,navy_patrol_coastal_craft,63
Lithuania,Northern Europe,Europe,NATO,navy_patrol_coastal_craft,7
Mozambique,Africa,Africa,Non-NATO,navy_patrol_coastal_craft,33
Tunisia,Africa,Africa,Non-NATO,navy_patrol_coastal_craft,51
Armenia,Asia,Asia,Non-NATO,navy_patrol_coastal_craft,0
Tanzania,Africa,Africa,Non-NATO,navy_patrol_coastal_craft,10
Cameroon,Africa,Africa,Non-NATO,navy_patrol_coastal_craft,51
Georgia,Asia,Asia,Non-NATO,navy_patrol_coastal_craft,31
Cambodia,Southeast Asia,Asia,Non-NATO,navy_patrol_coastal_craft,20
Slovenia,Balkans,Europe,NATO,navy_patrol_coastal_craft,2
Ireland,Northern Europe,Europe,Non-NATO,navy_patrol_coastal_craft,8
Mongolia,Asia-Pacific,Asia,Non-NATO,navy_patrol_coastal_craft,0
Latvia,Northern Europe,Europe,NATO,navy_patrol_coastal_craft,11
Uruguay,Latin America,South America,Non-NATO,navy_patrol_coastal_craft,2
Honduras,Central America,North America,Non-NATO,navy_patrol_coastal_craft,93
Ivory Coast,Africa,Africa,Non-NATO,navy_patrol_coastal_craft,3
Guatemala,Central America,North America,Non-NATO,navy_patrol_coastal_craft,20
Mali,Africa,Africa,Non-NATO,navy_patrol_coastal_craft,0
Kyrgyzstan,Asia,Asia,Non-NATO,navy_patrol_coastal_craft,0
Laos,Southeast Asia,Asia,Non-NATO,navy_patrol_coastal_craft,36
Estonia,Northern Europe,Europe,NATO,navy_patrol_coastal_craft,4
Tajikistan,Asia,Asia,Non-NATO,navy_patrol_coastal_craft,0
Zambia,Africa,Africa,Non-NATO,navy_patrol_coastal_craft,0
Ghana,Africa,Africa,Non-NATO,navy_patrol_coastal_craft,27
Zimbabwe,Africa,Africa,Non-NATO,navy_patrol_coastal_craft,0
North Macedonia,Balkans,Europe,Non-NATO,navy_patrol_coastal_craft,0
South Sudan,Africa,Africa,Non-NATO,navy_patrol_coastal_craft,0
Uganda,Africa,Africa,Non-NATO,navy_patrol_coastal_craft,0
Lebanon,Middle East,Asia,Non-NATO,navy_patrol_coastal_craft,61
Namibia,Africa,Africa,Non-NATO,navy_patrol_coastal_craft,12
Luxembourg,Western Europe,Europe,NATO,navy_patrol_coastal_craft,0
Afghanistan,Asia,Asia,Non-NATO,navy_patrol_coastal_craft,0
Niger,Africa,Africa,Non-NATO,navy_patrol_coastal_craft,0
Eritrea,Africa,Africa,Non-NATO,navy_patrol_coastal_craft,18
Republic of the Congo,Africa,Africa,Non-NATO,navy_patrol_coastal_craft,0
Botswana,Africa,Africa,Non-NATO,navy_patrol_coastal_craft,0
Mauritania,Africa,Africa,Non-NATO,navy_patrol_coastal_craft,6
Dominican Republic,Central America,North America,Non-NATO,navy_patrol_coastal_craft,14
Senegal,Africa,Africa,Non-NATO,navy_patrol_coastal_craft,4
Nepal,Asia-Pacific,Asia,Non-NATO,navy_patrol_coastal_craft,0
Montenegro,Balkans,Europe,NATO,navy_patrol_coastal_craft,2
El Salvador,Central America,North America,Non-NATO,navy_patrol_coastal_craft,10
Burkina Faso,Africa,Africa,Non-NATO,navy_patrol_coastal_craft,0
Madagascar,Africa,Africa,Non-NATO,navy_patrol_coastal_craft,4
Nicaragua,Central America,North America,Non-NATO,navy_patrol_coastal_craft,23
Bosnia and Herzegovina,Balkans,Europe,Non-NATO,navy_patrol_coastal_craft,0
Gabon,Africa,Africa,Non-NATO,navy_patrol_coastal_craft,4
Moldova,Eastern Europe,Europe,Non-NATO,navy_patrol_coastal_craft,0
Iceland,Scandinavia,Europe,NATO,navy_patrol_coastal_craft,0
Panama,Central America,North America,Non-NATO,navy_patrol_coastal_craft,27
Beliz,Central America,North America,Non-NATO,navy_patrol_coastal_craft,8
Liberia,Africa,Africa,Non-NATO,navy_patrol_coastal_craft,4
Suriname,Northern South America,South America,Non-NATO,navy_patrol_coastal_craft,17
Sierra Leone,Africa,Africa,Non-NATO,navy_patrol_coastal_craft,7
Kosovo,Southern Europe,Europe,Non-NATO,navy_patrol_coastal_craft,0
Somalia,Africa,Africa,Non-NATO,navy_patrol_coastal_craft,10
Central African Republic,Africa,Africa,Non-NATO,navy_patrol_coastal_craft,0
Benin,Africa,Africa,Non-NATO,navy_patrol_coastal_craft,2
Bhutan,Asia,Asia,Non-NATO,navy_patrol_coastal_craft,0
United States,Northern America,North America,NATO,navy_mine_warfare_craft,8
Russia,Eastern Europe,Europe,Non-NATO,navy_mine_warfare_craft,47
China,Asia-Pacific,Asia,Non-NATO,navy_mine_warfare_craft,36
India,Asia-Pacific,Asia,Non-NATO,navy_mine_warfare_craft,0
South Korea,Asia-Pacific,Asia,Non-NATO,navy_mine_warfare_craft,14
United Kingdom,Northern Europe,Europe,NATO,navy_mine_warfare_craft,7
France,Western Europe,Europe,NATO,navy_mine_warfare_craft,17
Japan,Asia-Pacific,Asia,Non-NATO,navy_mine_warfare_craft,22
Turkiye,Middle East,Asia,NATO,navy_mine_warfare_craft,11
Italy,Southern Europe,Europe,NATO,navy_mine_warfare_craft,10
Brazil,Latin America,South America,Non-NATO,navy_mine_warfare_craft,3
Pakistan,Asia-Pacific,Asia,Non-NATO,navy_mine_warfare_craft,3
Indonesia,Southeast Asia,Asia,Non-NATO,navy_mine_warfare_craft,12
Germany,Central Europe,Europe,NATO,navy_mine_warfare_craft,12
Israel,Middle East,Asia,Non-NATO,navy_mine_warfare_craft,0
Iran,Middle East,Asia,Non-NATO,navy_mine_warfare_craft,1
Spain,Southern Europe,Europe,NATO,navy_mine_warfare_craft,6
Australia,Asia-Pacific,Oceania,Non-NATO,navy_mine_warfare_craft,3
Egypt,Africa,Africa,Non-NATO,navy_mine_warfare_craft,17
Ukraine,Eastern Europe,Europe,Non-NATO,navy_mine_warfare_craft,3
Poland,Eastern Europe,Europe,NATO,navy_mine_warfare_craft,26
Taiwan,Asia-Pacific,Asia,Non-NATO,navy_mine_warfare_craft,14
Vietnam,Southeast Asia,Asia,Non-NATO,navy_mine_warfare_craft,8
Saudi Arabia,Middle East,Asia,Non-NATO,navy_mine_warfare_craft,3
Thailand,Southeast Asia,Asia,Non-NATO,navy_mine_warfare_craft,5
Algeria,Africa,Africa,Non-NATO,navy_mine_warfare_craft,2
Sweden,Scandinavia,Europe,NATO,navy_mine_warfare_craft,8
Canada,Northern America,North America,NATO,navy_mine_warfare_craft,0
Singapore,Southeast Asia,Asia,Non-NATO,navy_mine_warfare_craft,4
Greece,Southern Europe,Europe,NATO,navy_mine_warfare_craft,7
Nigeria,Africa,Africa,Non-NATO,navy_mine_warfare_craft,2
Mexico,Mexico,North America,Non-NATO,navy_mine_warfare_craft,0
Argentina,Latin America,South America,Non-NATO,navy_mine_warfare_craft,0
North Korea,Asia-Pacific,Asia,Non-NATO,navy_mine_warfare_craft,1
Bangladesh,Asia-Pacific,Asia,Non-NATO,navy_mine_warfare_craft,5
Netherlands,Western Europe,Europe,NATO,navy_mine_warfare_craft,4
Myanmar,Southeast Asia,Asia,Non-NATO,navy_mine_warfare_craft,2
Norway,Scandinavia,Europe,NATO,navy_mine_warfare_craft,5
Portugal,Southern Europe,Europe,NATO,navy_mine_warfare_craft,0
South Africa,Africa,Africa,Non-NATO,navy_mine_warfare_craft,2
Philippines,Southeast Asia,Asia,Non-NATO,navy_mine_warfare_craft,0
Malaysia,Southeast Asia,Asia,Non-NATO,navy_mine_warfare_craft,4
Iraq,Middle East,Asia,Non-NATO,navy_mine_warfare_craft,0
Switzerland,Central Europe,Europe,Non-NATO,navy_mine_warfare_craft,0
Denmark,Scandinavia,Europe,NATO,navy_mine_warfare_craft,6
Colombia,Latin America,South America,Non-NATO,navy_mine_warfare_craft,0
Chile,Latin America,South America,Non-NATO,navy_mine_warfare_craft,0
Finland,Scandinavia,Europe,NATO,navy_mine_warfare_craft,18
Peru,Latin America,South America,Non-NATO,navy_mine_warfare_craft,0
Venezuela,Latin America,South America,Non-NATO,navy_mine_warfare_craft,0
Romania,Eastern Europe,Europe,Non-NATO,navy_mine_warfare_craft,5
Ethiopia,Africa,Africa,Non-NATO,navy_mine_warfare_craft,0
Czechia,Eastern Europe,Europe,NATO,navy_mine_warfare_craft,0
United Arab Emirates,Middle East,Asia,Non-NATO,navy_mine_warfare_craft,2
Hungary,Eastern Europe,Europe,NATO,navy_mine_warfare_craft,0
Angola,Africa,Africa,Non-NATO,navy_mine_warfare_craft,0
Kazakhstan,Asia,Asia,Non-NATO,navy_mine_warfare_craft,2
Uzbekistan,Asia,Asia,Non-NATO,navy_mine_warfare_craft,0
Morocco,Africa,Africa,Non-NATO,navy_mine_warfare_craft,0
Azerbaijan,Asia,Asia,Non-NATO,navy_mine_warfare_craft,4
Belgium,Western Europe,Europe,NATO,navy_mine_warfare_craft,5
Bulgaria,Eastern Europe,Europe,NATO,navy_mine_warfare_craft,10
Serbia,Balkans,Europe,Non-NATO,navy_mine_warfare_craft,5
Syria,Middle East,Asia,Non-NATO,navy_mine_warfare_craft,4
Ecuador,Latin America,South America,Non-NATO,navy_mine_warfare_craft,0
Democratic Republic of the Congo,Africa,Africa,Non-NATO,navy_mine_warfare_craft,0
Cuba,Central America,North America,Non-NATO,navy_mine_warfare_craft,4
Austria,Central Europe,Europe,Non-NATO,navy_mine_warfare_craft,0
Sri Lanka,Asia-Pacific,Asia,Non-NATO,navy_mine_warfare_craft,0
Belarus,Eastern Europe,Europe,Non-NATO,navy_mine_warfare_craft,0
Slovakia,Eastern Europe,Europe,NATO,navy_mine_warfare_craft,0
Qatar,Middle East,Asia,Non-NATO,navy_mine_warfare_craft,0
Sudan,Africa,Africa,Non-NATO,navy_mine_warfare_craft,0
Croatia,Balkans,Europe,NATO,navy_mine_warfare_craft,1
Jordan,Middle East,Asia,Non-NATO,navy_mine_warfare_craft,0
Libya,Africa,Africa,Non-NATO,navy_mine_warfare_craft,1
Turkmenistan,Asia,Asia,Non-NATO,navy_mine_warfare_craft,0
Albania,Balkans,Europe,NATO,navy_mine_warfare_craft,0
Kuwait,Gulf Powers,Asia,Non-NATO,navy_mine_warfare_craft,0
Bolivia,Latin America,South America,Non-NATO,navy_mine_warfare_craft,0
Bahrain,Gulf Powers,Asia,Non-NATO,navy_mine_warfare_craft,0
Oman,Gulf Powers,Asia,Non-NATO,navy_mine_warfare_craft,0
Kenya,Africa,Africa,Non-NATO,navy_mine_warfare_craft,0
Chad,Africa,Africa,Non-NATO,navy_mine_warfare_craft,0
Yemen,Middle East,Asia,Non-NATO,navy_mine_warfare_craft,1
New Zealand,Asia-Pacific,Oceania,Non-NATO,navy_mine_warfare_craft,0
Paraguay,Latin America,South America,Non-NATO,navy_mine_warfare_craft,0
Lithuania,Northern Europe,Europe,NATO,navy_mine_warfare_craft,4
Mozambique,Africa,Africa,Non-NATO,navy_mine_warfare_craft,0
Tunisia,Africa,Africa,Non-NATO,navy_mine_warfare_craft,0
Armenia,Asia,Asia,Non-NATO,navy_mine_warfare_craft,0
Tanzania,Africa,Africa,Non-NATO,navy_mine_warfare_craft,0
Cameroon,Africa,Africa,Non-NATO,navy_mine_warfare_craft,0
Georgia,Asia,Asia,Non-NATO,navy_mine_warfare_craft,4
Cambodia,Southeast Asia,Asia,Non-NATO,navy_mine_warfare_craft,0
Slovenia,Balkans,Europe,NATO,navy_mine_warfare_craft,0
Ireland,Northern Europe,Europe,Non-NATO,navy_mine_warfare_craft,0
Mongolia,Asia-Pacific,Asia,Non-NATO,navy_mine_warfare_craft,0
Latvia,Northern Europe,Europe,NATO,navy_mine_warfare_craft,6
Uruguay,Latin America,South America,Non-NATO,navy_mine_warfare_craft,2
Honduras,Central America,North America,Non-NATO,navy_mine_warfare_craft,0
Ivory Coast,Africa,Africa,Non-NATO,navy_mine_warfare_craft,0
Guatemala,Central America,North America,Non-NATO,navy_mine_warfare_craft,0
Mali,Africa,Africa,Non-NATO,navy_mine_warfare_craft,0
Kyrgyzstan,Asia,Asia,Non-NATO,navy_mine_warfare_craft,0
Laos,Southeast Asia,Asia,Non-NATO,navy_mine_warfare_craft,0
Estonia,Northern Europe,Europe,NATO,navy_mine_warfare_craft,4
Tajikistan,Asia,Asia,Non-NATO,navy_mine_warfare_craft,0
Zambia,Africa,Africa,Non-NATO,navy_mine_warfare_craft,0
Ghana,Africa,Africa,Non-NATO,navy_mine_warfare_craft,0
Zimbabwe,Africa,Africa,Non-NATO,navy_mine_warfare_craft,0
North Macedonia,Balkans,Europe,Non-NATO,navy_mine_warfare_craft,0
South Sudan,Africa,Africa,Non-NATO,navy_mine_warfare_craft,0
Uganda,Africa,Africa,Non-NATO,navy_mine_warfare_craft,0
Lebanon,Middle East,Asia,Non-NATO,navy_mine_warfare_craft,0
Namibia,Africa,Africa,Non-NATO,navy_mine_warfare_craft,0
Luxembourg,Western Europe,Europe,NATO,navy_mine_warfare_craft,0
Afghanistan,Asia,Asia,Non-NATO,navy_mine_warfare_craft,0
Niger,Africa,Africa,Non-NATO,navy_mine_warfare_craft,0
Eritrea,Africa,Africa,Non-NATO,navy_mine_warfare_craft,0
Republic of the Congo,Africa,Africa,Non-NATO,navy_mine_warfare_craft,0
Botswana,Africa,Africa,Non-NATO,navy_mine_warfare_craft,0
Mauritania,Africa,Africa,Non-NATO,navy_mine_warfare_craft,0
Dominican Republic,Central America,North America,Non-NATO,navy_mine_warfare_craft,0
Senegal,Africa,Africa,Non-NATO,navy_mine_warfare_craft,0
Nepal,Asia-Pacific,Asia,Non-NATO,navy_mine_warfare_craft,0
Montenegro,Balkans,Europe,NATO,navy_mine_warfare_craft,0
El Salvador,Central America,North America,Non-NATO,navy_mine_warfare_craft,0
Burkina Faso,Africa,Africa,Non-NATO,navy_mine_warfare_craft,0
Madagascar,Africa,Africa,Non-NATO,navy_mine_warfare_craft,0
Nicaragua,Central America,North America,Non-NATO,navy_mine_warfare_craft,0
Bosnia and Herzegovina,Balkans,Europe,Non-NATO,navy_mine_warfare_craft,0
Gabon,Africa,Africa,Non-NATO,navy_mine_warfare_craft,0
Moldova,Eastern Europe,Europe,Non-NATO,navy_mine_warfare_craft,0
Iceland,Scandinavia,Europe,NATO,navy_mine_warfare_craft,0
Panama,Central America,North America,Non-NATO,navy_mine_warfare_craft,0
Beliz,Central America,North America,Non-NATO,navy_mine_warfare_craft,0
Liberia,Africa,Africa,Non-NATO,navy_mine_warfare_craft,0
Suriname,Northern South America,South America,Non-NATO,navy_mine_warfare_craft,0
Sierra Leone,Africa,Africa,Non-NATO,navy_mine_warfare_craft,0
Kosovo,Southern Europe,Europe,Non-NATO,navy_mine_warfare_craft,0
Somalia,Africa,Africa,Non-NATO,navy_mine_warfare_craft,0
Central African Republic,Africa,Africa,Non-NATO,navy_mine_warfare_craft,0
Benin,Africa,Africa,Non-NATO,navy_mine_warfare_craft,0
Bhutan,Asia,Asia,Non-NATO,navy_mine_warfare_craft,0
United States,Northern America,North America,NATO,defense_budget_usd,895000000000.0
Russia,Eastern Europe,Europe,Non-NATO,defense_budget_usd,126000000000.0
China,Asia-Pacific,Asia,Non-NATO,defense_budget_usd,267000000000.0
India,Asia-Pacific,Asia,Non-NATO,defense_budget_usd,75000000000.0
South Korea,Asia-Pacific,Asia,Non-NATO,defense_budget_usd,46300000000.0
United Kingdom,Northern Europe,Europe,NATO,defense_budget_usd,71500540000.0
France,Western Europe,Europe,NATO,defense_budget_usd,55000000000.0
Japan,Asia-Pacific,Asia,Non-NATO,defense_budget_usd,57000000000.0
Turkiye,Middle East,Asia,NATO,defense_budget_usd,47000000000.0
Italy,Southern Europe,Europe,NATO,defense_budget_usd,30890000000.0
Brazil,Latin America,South America,Non-NATO,defense_budget_usd,26157300000.0
Pakistan,Asia-Pacific,Asia,Non-NATO,defense_budget_usd,7640000000.0
Indonesia,Southeast Asia,Asia,Non-NATO,defense_budget_usd,10600000000.0
Germany,Central Europe,Europe,NATO,defense_budget_usd,50000000000.0
Israel,Middle East,Asia,Non-NATO,defense_budget_usd,30500000000.0
Iran,Middle East,Asia,Non-NATO,defense_budget_usd,15450000000.0
Spain,Southern Europe,Europe,NATO,defense_budget_usd,23397000000.0
Australia,Asia-Pacific,Oceania,Non-NATO,defense_budget_usd,55700000000.0
Egypt,Africa,Africa,Non-NATO,defense_budget_usd,5879500000.0
Ukraine,Eastern Europe,Europe,Non-NATO,defense_budget_usd,53700000000.0
Poland,Eastern Europe,Europe,NATO,defense_budget_usd,48700000000.0
Taiwan,Asia-Pacific,Asia,Non-NATO,defense_budget_usd,19740000000.0
Vietnam,Southeast Asia,Asia,Non-NATO,defense_budget_usd,8594000000.0
Saudi Arabia,Middle East,Asia,Non-NATO,defense_budget_usd,74760000000.0
Thailand,Southeast Asia,Asia,Non-NATO,defense_budget_usd,5887883500.0
Algeria,Africa,Africa,Non-NATO,defense_budget_usd,25000000000.0
Sweden,Scandinavia,Europe,NATO,defense_budget_usd,13000000000.0
Canada,Northern America,North America,NATO,defense_budget_usd,41000000000.0
Singapore,Southeast Asia,Asia,Non-NATO,defense_budget_usd,15000000000.0
Greece,Southern Europe,Europe,NATO,defense_budget_usd,6500000000.0
Nigeria,Africa,Africa,Non-NATO,defense_budget_usd,3160000000.0
Mexico,Mexico,North America,Non-NATO,defense_budget_usd,7600000000.0
Argentina,Latin America,South America,Non-NATO,defense_budget_usd,928897000.0
North Korea,Asia-Pacific,Asia,Non-NATO,defense_budget_usd,4736000000.0
Bangladesh,Asia-Pacific,Asia,Non-NATO,defense_budget_usd,4374000000.0
Netherlands,Western Europe,Europe,NATO,defense_budget_usd,27000000000.0
Myanmar,Southeast Asia,Asia,Non-NATO,defense_budget_usd,2948000000.0
Norway,Scandinavia,Europe,NATO,defense_budget_usd,9710000000.0
Portugal,Southern Europe,Europe,NATO,defense_budget_usd,4627000000.0
South Africa,Africa,Africa,Non-NATO,defense_budget_usd,2266800000.0
Philippines,Southeast Asia,Asia,Non-NATO,defense_budget_usd,4380000000.0
Malaysia,Southeast Asia,Asia,Non-NATO,defense_budget_usd,4800000000.0
Iraq,Middle East,Asia,Non-NATO,defense_budget_usd,7923000000.0
Switzerland,Central Europe,Europe,Non-NATO,defense_budget_usd,25039000000.0
Denmark,Scandinavia,Europe,NATO,defense_budget_usd,7225466250.0
Colombia,Latin America,South America,Non-NATO,defense_budget_usd,10541500000.0
Chile,Latin America,South America,Non-NATO,defense_budget_usd,5032500000.0
Finland,Scandinavia,Europe,NATO,defense_budget_usd,6779661000.0
Peru,Latin America,South America,Non-NATO,defense_budget_usd,3420000000.0
Venezuela,Latin America,South America,Non-NATO,defense_budget_usd,4093120000.0
Romania,Eastern Europe,Europe,Non-NATO,defense_budget_usd,9700000000.0
Ethiopia,Africa,Africa,Non-NATO,defense_budget_usd,2097575000.0
Czechia,Eastern Europe,Europe,NATO,defense_budget_usd,6750000000.0
United Arab Emirates,Middle East,Asia,Non-NATO,defense_budget_usd,2212360382.0
Hungary,Eastern Europe,Europe,NATO,defense_budget_usd,4576000000.0
Angola,Africa,Africa,Non-NATO,defense_budget_usd,1101360000.0
Kazakhstan,Asia,Asia,Non-NATO,defense_budget_usd,2048700000.0
Uzbekistan,Asia,Asia,Non-NATO,defense_budget_usd,2803500000.0
Morocco,Africa,Africa,Non-NATO,defense_budget_usd,13400000000.0
Azerbaijan,Asia,Asia,Non-NATO,defense_budget_usd,5000000000.0
Belgium,Western Europe,Europe,NATO,defense_budget_usd,10200000000.0
Bulgaria,Eastern Europe,Europe,NATO,defense_budget_usd,1373232000.0
Serbia,Balkans,Europe,Non-NATO,defense_budget_usd,2287461000.0
Syria,Middle East,Asia,Non-NATO,defense_budget_usd,291850000.0
Ecuador,Latin America,South America,Non-NATO,defense_budget_usd,2376000000.0
Democratic Republic of the Congo,Africa,Africa,Non-NATO,defense_budget_usd,796560000.0
Cuba,Central America,North America,Non-NATO,defense_budget_usd,4508784000.0
Austria,Central Europe,Europe,Non-NATO,defense_budget_usd,5475750000.0
Sri Lanka,Asia-Pacific,Asia,Non-NATO,defense_budget_usd,1265400000.0
Belarus,Eastern Europe,Europe,Non-NATO,defense_budget_usd,1077900000.0
Slovakia,Eastern Europe,Europe,NATO,defense_budget_usd,2656000000.0
Qatar,Middle East,Asia,Non-NATO,defense_budget_usd,9432000000.0
Sudan,Africa,Africa,Non-NATO,defense_budget_usd,342000000.0
Croatia,Balkans,Europe,NATO,defense_budget_usd,1176000000.0
Jordan,Middle East,Asia,Non-NATO,defense_budget_usd,2500000000.0
Libya,Africa,Africa,Non-NATO,defense_budget_usd,3060000000.0
Turkmenistan,Asia,Asia,Non-NATO,defense_budget_usd,1078020000.0
Albania,Balkans,Europe,NATO,defense_budget_usd,558862420.0
Kuwait,Gulf Powers,Asia,Non-NATO,defense_budget_usd,6950000000.0
Bolivia,Latin America,South America,Non-NATO,defense_budget_usd,550200000.0
Bahrain,Gulf Powers,Asia,Non-NATO,defense_budget_usd,1597200000.0
Oman,Gulf Powers,Asia,Non-NATO,defense_budget_usd,8200000000.0
Kenya,Africa,Africa,Non-NATO,defense_budget_usd,1307383850.0
Chad,Africa,Africa,Non-NATO,defense_budget_usd,381350000.0
Yemen,Middle East,Asia,Non-NATO,defense_budget_usd,810375000.0
New Zealand,Asia-Pacific,Oceania,Non-NATO,defense_budget_usd,3030000000.0
Paraguay,Latin America,South America,Non-NATO,defense_budget_usd,17595000000.0
Lithuania,Northern Europe,Europe,NATO,defense_budget_usd,2388900000.0
Mozambique,Africa,Africa,Non-NATO,defense_budget_usd,412400000.0
Tunisia,Africa,Africa,Non-NATO,defense_budget_usd,1400000000.0
Armenia,Asia,Asia,Non-NATO,defense_budget_usd,1700000000.0
Tanzania,Africa,Africa,Non-NATO,defense_budget_usd,1406745334.0
Cameroon,Africa,Africa,Non-NATO,defense_budget_usd,554952283.0
Georgia,Asia,Asia,Non-NATO,defense_budget_usd,495629055.0
Cambodia,Southeast Asia,Asia,Non-NATO,defense_budget_usd,860000000.0
Slovenia,Balkans,Europe,NATO,defense_budget_usd,886860000.0
Ireland,Northern Europe,Europe,Non-NATO,defense_budget_usd,1500000000.0
Mongolia,Asia-Pacific,Asia,Non-NATO,defense_budget_usd,165110000.0
Latvia,Northern Europe,Europe,NATO,defense_budget_usd,1138000000.0
Uruguay,Latin America,South America,Non-NATO,defense_budget_usd,772400000.0
Honduras,Central America,North America,Non-NATO,defense_budget_usd,413635000.0
Ivory Coast,Africa,Africa,Non-NATO,defense_budget_usd,669600935.0
Guatemala,Central America,North America,Non-NATO,defense_budget_usd,408635000.0
Mali,Africa,Africa,Non-NATO,defense_budget_usd,650386000.0
Kyrgyzstan,Asia,Asia,Non-NATO,defense_budget_usd,221800000.0
Laos,Southeast Asia,Asia,Non-NATO,defense_budget_usd,135000000.0
Estonia,Northern Europe,Europe,NATO,defense_budget_usd,1463360000.0
Tajikistan,Asia,Asia,Non-NATO,defense_budget_usd,446000000.0
Zambia,Africa,Africa,Non-NATO,defense_budget_usd,394240000.0
Ghana,Africa,Africa,Non-NATO,defense_budget_usd,308500000.0
Zimbabwe,Africa,Africa,Non-NATO,defense_budget_usd,530800000.0
North Macedonia,Balkans,Europe,Non-NATO,defense_budget_usd,388421700.0
South Sudan,Africa,Africa,Non-NATO,defense_budget_usd,175300000.0
Uganda,Africa,Africa,Non-NATO,defense_budget_usd,985400000.0
Lebanon,Middle East,Asia,Non-NATO,defense_budget_usd,768250325.0
Namibia,Africa,Africa,Non-NATO,defense_budget_usd,370500000.0
Luxembourg,Western Europe,Europe,NATO,defense_budget_usd,726092925.0
Afghanistan,Asia,Asia,Non-NATO,defense_budget_usd,290000000.0
Niger,Africa,Africa,Non-NATO,defense_budget_usd,336400000.0
Eritrea,Africa,Africa,Non-NATO,defense_budget_usd,198000000.0
Republic of the Congo,Africa,Africa,Non-NATO,defense_budget_usd,306400000.0
Botswana,Africa,Africa,Non-NATO,defense_budget_usd,465600000.0
Mauritania,Africa,Africa,Non-NATO,defense_budget_usd,261250000.0
Dominican Republic,Central America,North America,Non-NATO,defense_budget_usd,810800000.0
Senegal,Africa,Africa,Non-NATO,defense_budget_usd,465150000.0
Nepal,Asia-Pacific,Asia,Non-NATO,defense_budget_usd,409100000.0
Montenegro,Balkans,Europe,NATO,defense_budget_usd,148100000.0
El Salvador,Central America,North America,Non-NATO,defense_budget_usd,334620000.0
Burkina Faso,Africa,Africa,Non-NATO,defense_budget_usd,81280000.0
Madagascar,Africa,Africa,Non-NATO,defense_budget_usd,112210000.0
Nicaragua,Central America,North America,Non-NATO,defense_budget_usd,92000000.0
Bosnia and Herzegovina,Balkans,Europe,Non-NATO,defense_budget_usd,216400000.0
Gabon,Africa,Africa,Non-NATO,defense_budget_usd,274820000.0
Moldova,Eastern Europe,Europe,Non-NATO,defense_budget_usd,1710000000.0
Iceland,Scandinavia,Europe,NATO,defense_budget_usd,312400000.0
Panama,Central America,North America,Non-NATO,defense_budget_usd,917202000.0
Beliz,Central America,North America,Non-NATO,defense_budget_usd,29538000.0
Liberia,Africa,Africa,Non-NATO,defense_budget_usd,364800000.0
Suriname,Northern South America,South America,Non-NATO,defense_budget_usd,144000000.0
Sierra Leone,Africa,Africa,Non-NATO,defense_budget_usd,228600000.0
Kosovo,Southern Europe,Europe,Non-NATO,defense_budget_usd,260715150.0
Somalia,Africa,Africa,Non-NATO,defense_budget_usd,171002350.0
Central African Republic,Africa,Africa,Non-NATO,defense_budget_usd,45990000.0
Benin,Africa,Africa,Non-NATO,defense_budget_usd,98350000.0
Bhutan,Asia,Asia,Non-NATO,defense_budget_usd,14000000.0
United States,Northern America,North America,NATO,external_debt_by_country,22300000000000.0
Russia,Eastern Europe,Europe,Non-NATO,external_debt_by_country,318000000000.0
China,Asia-Pacific,Asia,Non-NATO,external_debt_by_country,1220000000000.0
India,Asia-Pacific,Asia,Non-NATO,external_debt_by_country,371000000000.0
South Korea,Asia-Pacific,Asia,Non-NATO,external_debt_by_country,504000000000.0
United Kingdom,Northern Europe,Europe,NATO,external_debt_by_country,9590000000000.0
France,Western Europe,Europe,NATO,external_debt_by_country,6990000000000.0
Japan,Asia-Pacific,Asia,Non-NATO,external_debt_by_country,4680000000000.0
Turkiye,Middle East,Asia,NATO,external_debt_by_country,294000000000.0
Italy,Southern Europe,Europe,NATO,external_debt_by_country,2750000000000.0
Brazil,Latin America,South America,Non-NATO,external_debt_by_country,432000000000.0
Pakistan,Asia-Pacific,Asia,Non-NATO,external_debt_by_country,92426000000.0
Indonesia,Southeast Asia,Asia,Non-NATO,external_debt_by_country,440000000000.0
Germany,Central Europe,Europe,NATO,external_debt_by_country,6240000000000.0
Israel,Middle East,Asia,Non-NATO,external_debt_by_country,149000000000.0
Iran,Middle East,Asia,Non-NATO,external_debt_by_country,4134926000.0
Spain,Southern Europe,Europe,NATO,external_debt_by_country,2570000000000.0
Australia,Asia-Pacific,Oceania,Non-NATO,external_debt_by_country,3430000000000.0
Egypt,Africa,Africa,Non-NATO,external_debt_by_country,104000000000.0
Ukraine,Eastern Europe,Europe,Non-NATO,external_debt_by_country,132000000000.0
Poland,Eastern Europe,Europe,NATO,external_debt_by_country,387000000000.0
Taiwan,Asia-Pacific,Asia,Non-NATO,external_debt_by_country,209000000000.0
Vietnam,Southeast Asia,Asia,Non-NATO,external_debt_by_country,110000000000.0
Saudi Arabia,Middle East,Asia,Non-NATO,external_debt_by_country,226000000000.0
Thailand,Southeast Asia,Asia,Non-NATO,external_debt_by_country,103000000000.0
Algeria,Africa,Africa,Non-NATO,external_debt_by_country,3335624000.0
Sweden,Scandinavia,Europe,NATO,external_debt_by_country,1000000000000.0
Canada,Northern America,North America,NATO,external_debt_by_country,2340000000000.0
Singapore,Southeast Asia,Asia,Non-NATO,external_debt_by_country,1710000000000.0
Greece,Southern Europe,Europe,NATO,external_debt_by_country,550000000000.0
Nigeria,Africa,Africa,Non-NATO,external_debt_by_country,32455500000.0
Mexico,Mexico,North America,Non-NATO,external_debt_by_country,371000000000.0
Argentina,Latin America,South America,Non-NATO,external_debt_by_country,179000000000.0
North Korea,Asia-Pacific,Asia,Non-NATO,external_debt_by_country,5500000000.0
Bangladesh,Asia-Pacific,Asia,Non-NATO,external_debt_by_country,51965000000.0
Netherlands,Western Europe,Europe,NATO,external_debt_by_country,4780000000000.0
Myanmar,Southeast Asia,Asia,Non-NATO,external_debt_by_country,7253400000.0
Norway,Scandinavia,Europe,NATO,external_debt_by_country,716000000000.0
Portugal,Southern Europe,Europe,NATO,external_debt_by_country,399000000000.0
South Africa,Africa,Africa,Non-NATO,external_debt_by_country,58773000000.0
Philippines,Southeast Asia,Asia,Non-NATO,external_debt_by_country,90200000000.0
Malaysia,Southeast Asia,Asia,Non-NATO,external_debt_by_country,248000000000.0
Iraq,Middle East,Asia,Non-NATO,external_debt_by_country,45032500000.0
Switzerland,Central Europe,Europe,Non-NATO,external_debt_by_country,2200000000000.0
Denmark,Scandinavia,Europe,NATO,external_debt_by_country,556000000000.0
Colombia,Latin America,South America,Non-NATO,external_debt_by_country,117000000000.0
Chile,Latin America,South America,Non-NATO,external_debt_by_country,215000000000.0
Finland,Scandinavia,Europe,NATO,external_debt_by_country,660000000000.0
Peru,Latin America,South America,Non-NATO,external_debt_by_country,59400000000.0
Venezuela,Latin America,South America,Non-NATO,external_debt_by_country,110000000000.0
Romania,Eastern Europe,Europe,Non-NATO,external_debt_by_country,132000000000.0
Ethiopia,Africa,Africa,Non-NATO,external_debt_by_country,25761000000.0
Czechia,Eastern Europe,Europe,NATO,external_debt_by_country,211000000000.0
United Arab Emirates,Middle East,Asia,Non-NATO,external_debt_by_country,264000000000.0
Hungary,Eastern Europe,Europe,NATO,external_debt_by_country,138000000000.0
Angola,Africa,Africa,Non-NATO,external_debt_by_country,45774500000.0
Kazakhstan,Asia,Asia,Non-NATO,external_debt_by_country,91321500000.0
Uzbekistan,Asia,Asia,Non-NATO,external_debt_by_country,19652500000.0
Morocco,Africa,Africa,Non-NATO,external_debt_by_country,45645000000.0
Azerbaijan,Asia,Asia,Non-NATO,external_debt_by_country,16159500000.0
Belgium,Western Europe,Europe,NATO,external_debt_by_country,1450000000000.0
Bulgaria,Eastern Europe,Europe,NATO,external_debt_by_country,27138500000.0
Serbia,Balkans,Europe,Non-NATO,external_debt_by_country,35200000000.0
Syria,Middle East,Asia,Non-NATO,external_debt_by_country,4309500000.0
Ecuador,Latin America,South America,Non-NATO,external_debt_by_country,44898000000.0
Democratic Republic of the Congo,Africa,Africa,Non-NATO,external_debt_by_country,4994000000.0
Cuba,Central America,North America,Non-NATO,external_debt_by_country,33066000000.0
Austria,Central Europe,Europe,Non-NATO,external_debt_by_country,630000000000.0
Sri Lanka,Asia-Pacific,Asia,Non-NATO,external_debt_by_country,46409500000.0
Belarus,Eastern Europe,Europe,Non-NATO,external_debt_by_country,44000000000.0
Slovakia,Eastern Europe,Europe,NATO,external_debt_by_country,128000000000.0
Qatar,Middle East,Asia,Non-NATO,external_debt_by_country,187000000000.0
Sudan,Africa,Africa,Non-NATO,external_debt_by_country,37846000000.0
Croatia,Balkans,Europe,NATO,external_debt_by_country,55000000000.0
Jordan,Middle East,Asia,Non-NATO,external_debt_by_country,25646500000.0
Libya,Africa,Africa,Non-NATO,external_debt_by_country,3322000000.0
Turkmenistan,Asia,Asia,Non-NATO,external_debt_by_country,2134500000.0
Albania,Balkans,Europe,NATO,external_debt_by_country,7312000000.0
Kuwait,Gulf Powers,Asia,Non-NATO,external_debt_by_country,55000000000.0
Bolivia,Latin America,South America,Non-NATO,external_debt_by_country,11431000000.0
Bahrain,Gulf Powers,Asia,Non-NATO,external_debt_by_country,49500000000.0
Oman,Gulf Powers,Asia,Non-NATO,external_debt_by_country,50897000000.0
Kenya,Africa,Africa,Non-NATO,external_debt_by_country,30514500000.0
Chad,Africa,Africa,Non-NATO,external_debt_by_country,2038000000.0
Yemen,Middle East,Asia,Non-NATO,external_debt_by_country,6343500000.0
New Zealand,Asia-Pacific,Oceania,Non-NATO,external_debt_by_country,210000000000.0
Paraguay,Latin America,South America,Non-NATO,external_debt_by_country,14370000000.0
Lithuania,Northern Europe,Europe,NATO,external_debt_by_country,44000000000.0
Mozambique,Africa,Africa,Non-NATO,external_debt_by_country,12100000000.0
Tunisia,Africa,Africa,Non-NATO,external_debt_by_country,27084500000.0
Armenia,Asia,Asia,Non-NATO,external_debt_by_country,9014000000.0
Tanzania,Africa,Africa,Non-NATO,external_debt_by_country,18983500000.0
Cameroon,Africa,Africa,Non-NATO,external_debt_by_country,9506000000.0
Georgia,Asia,Asia,Non-NATO,external_debt_by_country,13488000000.0
Cambodia,Southeast Asia,Asia,Non-NATO,external_debt_by_country,13200000000.0
Slovenia,Balkans,Europe,NATO,external_debt_by_country,55000000000.0
Ireland,Northern Europe,Europe,Non-NATO,external_debt_by_country,3300000000000.0
Mongolia,Asia-Pacific,Asia,Non-NATO,external_debt_by_country,19542500000.0
Latvia,Northern Europe,Europe,NATO,external_debt_by_country,44180400000.0
Uruguay,Latin America,South America,Non-NATO,external_debt_by_country,49500000000.0
Honduras,Central America,North America,Non-NATO,external_debt_by_country,8805500000.0
Ivory Coast,Africa,Africa,Non-NATO,external_debt_by_country,19311500000.0
Guatemala,Central America,North America,Non-NATO,external_debt_by_country,27500000000.0
Mali,Africa,Africa,Non-NATO,external_debt_by_country,4057500000.0
Kyrgyzstan,Asia,Asia,Non-NATO,external_debt_by_country,6728500000.0
Laos,Southeast Asia,Asia,Non-NATO,external_debt_by_country,16500000000.0
Estonia,Northern Europe,Europe,NATO,external_debt_by_country,26400000000.0
Tajikistan,Asia,Asia,Non-NATO,external_debt_by_country,7150000000.0
Zambia,Africa,Africa,Non-NATO,external_debt_by_country,13200000000.0
Ghana,Africa,Africa,Non-NATO,external_debt_by_country,22550000000.0
Zimbabwe,Africa,Africa,Non-NATO,external_debt_by_country,11000000000.0
North Macedonia,Balkans,Europe,Non-NATO,external_debt_by_country,11000000000.0
South Sudan,Africa,Africa,Non-NATO,external_debt_by_country,2475000000.0
Uganda,Africa,Africa,Non-NATO,external_debt_by_country,11818000000.0
Lebanon,Middle East,Asia,Non-NATO,external_debt_by_country,36928000000.0
Namibia,Africa,Africa,Non-NATO,external_debt_by_country,8800000000.0
Luxembourg,Western Europe,Europe,NATO,external_debt_by_country,4730000000000.0
Afghanistan,Asia,Asia,Non-NATO,external_debt_by_country,1142500000.0
Niger,Africa,Africa,Non-NATO,external_debt_by_country,3844000000.0
Eritrea,Africa,Africa,Non-NATO,external_debt_by_country,635504500.0
Republic of the Congo,Africa,Africa,Non-NATO,external_debt_by_country,5741000000.0
Botswana,Africa,Africa,Non-NATO,external_debt_by_country,1853500000.0
Mauritania,Africa,Africa,Non-NATO,external_debt_by_country,3661000000.0
Dominican Republic,Central America,North America,Non-NATO,external_debt_by_country,27500000000.0
Senegal,Africa,Africa,Non-NATO,external_debt_by_country,11326000000.0
Nepal,Asia-Pacific,Asia,Non-NATO,external_debt_by_country,5838500000.0
Montenegro,Balkans,Europe,NATO,external_debt_by_country,2958500000.0
El Salvador,Central America,North America,Non-NATO,external_debt_by_country,14258000000.0
Burkina Faso,Africa,Africa,Non-NATO,external_debt_by_country,3145000000.0
Madagascar,Africa,Africa,Non-NATO,external_debt_by_country,3028500000.0
Nicaragua,Central America,North America,Non-NATO,external_debt_by_country,9053000000.0
Bosnia and Herzegovina,Balkans,Europe,Non-NATO,external_debt_by_country,7760500000.0
Gabon,Africa,Africa,Non-NATO,external_debt_by_country,6280000000.0
Moldova,Eastern Europe,Europe,Non-NATO,external_debt_by_country,4565500000.0
Iceland,Scandinavia,Europe,NATO,external_debt_by_country,22000000000.0
Panama,Central America,North America,Non-NATO,external_debt_by_country,1120000000000.0
Beliz,Central America,North America,Non-NATO,external_debt_by_country,1248000000.0
Liberia,Africa,Africa,Non-NATO,external_debt_by_country,830923000.0
Suriname,Northern South America,South America,Non-NATO,external_debt_by_country,2200000000.0
Sierra Leone,Africa,Africa,Non-NATO,external_debt_by_country,2687000000.0
Kosovo,Southern Europe,Europe,Non-NATO,external_debt_by_country,2750000000.0
Somalia,Africa,Africa,Non-NATO,external_debt_by_country,5830000000.0
Central African Republic,Africa,Africa,Non-NATO,external_debt_by_country,666293000.0
Benin,Africa,Africa,Non-NATO,external_debt_by_country,4066500000.0
Bhutan,Asia,Asia,Non-NATO,external_debt_by_country,2757000000.0
United States,Northern America,North America,NATO,gdp_usd,24700000000000.0
Russia,Eastern Europe,Europe,Non-NATO,gdp_usd,5820000000000.0
China,Asia-Pacific,Asia,Non-NATO,gdp_usd,31200000000000.0
India,Asia-Pacific,Asia,Non-NATO,gdp_usd,13100000000000.0
South Korea,Asia-Pacific,Asia,Non-NATO,gdp_usd,2620000000000.0
United Kingdom,Northern Europe,Europe,NATO,gdp_usd,3700000000000.0
France,Western Europe,Europe,NATO,gdp_usd,3760000000000.0
Japan,Asia-Pacific,Asia,Non-NATO,gdp_usd,5760000000000.0
Turkiye,Middle East,Asia,NATO,gdp_usd,2940000000000.0
Italy,Southern Europe,Europe,NATO,gdp_usd,3100000000000.0
Brazil,Latin America,South America,Non-NATO,gdp_usd,4020000000000.0
Pakistan,Asia-Pacific,Asia,Non-NATO,gdp_usd,1350000000000.0
Indonesia,Southeast Asia,Asia,Non-NATO,gdp_usd,3910000000000.0
Germany,Central Europe,Europe,NATO,gdp_usd,5230000000000.0
Israel,Middle East,Asia,Non-NATO,gdp_usd,471000000000.0
Iran,Middle East,Asia,Non-NATO,gdp_usd,1440000000000.0
Spain,Southern Europe,Europe,NATO,gdp_usd,2240000000000.0
Australia,Asia-Pacific,Oceania,Non-NATO,gdp_usd,1580000000000.0
Egypt,Africa,Africa,Non-NATO,gdp_usd,1910000000000.0
Ukraine,Eastern Europe,Europe,Non-NATO,gdp_usd,560000000000.0
Poland,Eastern Europe,Europe,NATO,gdp_usd,1620000000000.0
Taiwan,Asia-Pacific,Asia,Non-NATO,gdp_usd,1260000000000.0
Vietnam,Southeast Asia,Asia,Non-NATO,gdp_usd,1350000000000.0
Saudi Arabia,Middle East,Asia,Non-NATO,gdp_usd,1830000000000.0
Thailand,Southeast Asia,Asia,Non-NATO,gdp_usd,1520000000000.0
Algeria,Africa,Africa,Non-NATO,gdp_usd,700000000000.0
Sweden,Scandinavia,Europe,NATO,gdp_usd,676000000000.0
Canada,Northern America,North America,NATO,gdp_usd,2240000000000.0
Singapore,Southeast Asia,Asia,Non-NATO,gdp_usd,755000000000.0
Greece,Southern Europe,Europe,NATO,gdp_usd,376000000000.0
Nigeria,Africa,Africa,Non-NATO,gdp_usd,1280000000000.0
Mexico,Mexico,North America,Non-NATO,gdp_usd,2870000000000.0
Argentina,Latin America,South America,Non-NATO,gdp_usd,1240000000000.0
North Korea,Asia-Pacific,Asia,Non-NATO,gdp_usd,72000000000.0
Bangladesh,Asia-Pacific,Asia,Non-NATO,gdp_usd,1410000000000.0
Netherlands,Western Europe,Europe,NATO,gdp_usd,1240000000000.0
Myanmar,Southeast Asia,Asia,Non-NATO,gdp_usd,291000000000.0
Norway,Scandinavia,Europe,NATO,gdp_usd,500000000000.0
Portugal,Southern Europe,Europe,NATO,gdp_usd,530000000000.0
South Africa,Africa,Africa,Non-NATO,gdp_usd,863000000000.0
Philippines,Southeast Asia,Asia,Non-NATO,gdp_usd,1140000000000.0
Malaysia,Southeast Asia,Asia,Non-NATO,gdp_usd,1150000000000.0
Iraq,Middle East,Asia,Non-NATO,gdp_usd,573000000000.0
Switzerland,Central Europe,Europe,Non-NATO,gdp_usd,734000000000.0
Denmark,Scandinavia,Europe,NATO,gdp_usd,428000000000.0
Colombia,Latin America,South America,Non-NATO,gdp_usd,978000000000.0
Chile,Latin America,South America,Non-NATO,gdp_usd,579000000000.0
Finland,Scandinavia,Europe,NATO,gdp_usd,321000000000.0
Peru,Latin America,South America,Non-NATO,gdp_usd,518000000000.0
Venezuela,Latin America,South America,Non-NATO,gdp_usd,296000000000.0
Romania,Eastern Europe,Europe,Non-NATO,gdp_usd,772000000000.0
Ethiopia,Africa,Africa,Non-NATO,gdp_usd,355000000000.0
Czechia,Eastern Europe,Europe,NATO,gdp_usd,519000000000.0
United Arab Emirates,Middle East,Asia,Non-NATO,gdp_usd,720000000000.0
Hungary,Eastern Europe,Europe,NATO,gdp_usd,389000000000.0
Angola,Africa,Africa,Non-NATO,gdp_usd,266000000000.0
Kazakhstan,Asia,Asia,Non-NATO,gdp_usd,706000000000.0
Uzbekistan,Asia,Asia,Non-NATO,gdp_usd,319000000000.0
Morocco,Africa,Africa,Non-NATO,gdp_usd,337000000000.0
Azerbaijan,Asia,Asia,Non-NATO,gdp_usd,216000000000.0
Belgium,Western Europe,Europe,NATO,gdp_usd,752000000000.0
Bulgaria,Eastern Europe,Europe,NATO,gdp_usd,214000000000.0
Serbia,Balkans,Europe,Non-NATO,gdp_usd,162000000000.0
Syria,Middle East,Asia,Non-NATO,gdp_usd,55935900000.0
Ecuador,Latin America,South America,Non-NATO,gdp_usd,260000000000.0
Democratic Republic of the Congo,Africa,Africa,Non-NATO,gdp_usd,154000000000.0
Cuba,Central America,North America,Non-NATO,gdp_usd,141000000000.0
Austria,Central Europe,Europe,Non-NATO,gdp_usd,590000000000.0
Sri Lanka,Asia-Pacific,Asia,Non-NATO,gdp_usd,287000000000.0
Belarus,Eastern Europe,Europe,Non-NATO,gdp_usd,254000000000.0
Slovakia,Eastern Europe,Europe,NATO,gdp_usd,213000000000.0
Qatar,Middle East,Asia,Non-NATO,gdp_usd,305000000000.0
Sudan,Africa,Africa,Non-NATO,gdp_usd,136000000000.0
Croatia,Balkans,Europe,NATO,gdp_usd,159000000000.0
Jordan,Middle East,Asia,Non-NATO,gdp_usd,107000000000.0
Libya,Africa,Africa,Non-NATO,gdp_usd,122000000000.0
Turkmenistan,Asia,Asia,Non-NATO,gdp_usd,94790000000.0
Albania,Balkans,Europe,NATO,gdp_usd,49592000000.0
Kuwait,Gulf Powers,Asia,Non-NATO,gdp_usd,219000000000.0
Bolivia,Latin America,South America,Non-NATO,gdp_usd,120000000000.0
Bahrain,Gulf Powers,Asia,Non-NATO,gdp_usd,85491000000.0
Oman,Gulf Powers,Asia,Non-NATO,gdp_usd,186000000000.0
Kenya,Africa,Africa,Non-NATO,gdp_usd,314000000000.0
Chad,Africa,Africa,Non-NATO,gdp_usd,32446000000.0
Yemen,Middle East,Asia,Non-NATO,gdp_usd,67003300000.0
New Zealand,Asia-Pacific,Oceania,Non-NATO,gdp_usd,255000000000.0
Paraguay,Latin America,South America,Non-NATO,gdp_usd,108000000000.0
Lithuania,Northern Europe,Europe,NATO,gdp_usd,133000000000.0
Mozambique,Africa,Africa,Non-NATO,gdp_usd,50631000000.0
Tunisia,Africa,Africa,Non-NATO,gdp_usd,154000000000.0
Armenia,Asia,Asia,Non-NATO,gdp_usd,57728000000.0
Tanzania,Africa,Africa,Non-NATO,gdp_usd,234000000000.0
Cameroon,Africa,Africa,Non-NATO,gdp_usd,139000000000.0
Georgia,Asia,Asia,Non-NATO,gdp_usd,83656000000.0
Cambodia,Southeast Asia,Asia,Non-NATO,gdp_usd,85900000000.0
Slovenia,Balkans,Europe,NATO,gdp_usd,102000000000.0
Ireland,Northern Europe,Europe,Non-NATO,gdp_usd,608000000000.0
Mongolia,Asia-Pacific,Asia,Non-NATO,gdp_usd,56264000000.0
Latvia,Northern Europe,Europe,NATO,gdp_usd,71154000000.0
Uruguay,Latin America,South America,Non-NATO,gdp_usd,105000000000.0
Honduras,Central America,North America,Non-NATO,gdp_usd,68854000000.0
Ivory Coast,Africa,Africa,Non-NATO,gdp_usd,203000000000.0
Guatemala,Central America,North America,Non-NATO,gdp_usd,223000000000.0
Mali,Africa,Africa,Non-NATO,gdp_usd,57235000000.0
Kyrgyzstan,Asia,Asia,Non-NATO,gdp_usd,45461000000.0
Laos,Southeast Asia,Asia,Non-NATO,gdp_usd,64173000000.0
Estonia,Northern Europe,Europe,NATO,gdp_usd,57377000000.0
Tajikistan,Asia,Asia,Non-NATO,gdp_usd,46467000000.0
Zambia,Africa,Africa,Non-NATO,gdp_usd,76493000000.0
Ghana,Africa,Africa,Non-NATO,gdp_usd,230000000000.0
Zimbabwe,Africa,Africa,Non-NATO,gdp_usd,58583000000.0
North Macedonia,Balkans,Europe,Non-NATO,gdp_usd,42444000000.0
South Sudan,Africa,Africa,Non-NATO,gdp_usd,20010000000.0
Uganda,Africa,Africa,Non-NATO,gdp_usd,136000000000.0
Lebanon,Middle East,Asia,Non-NATO,gdp_usd,65818000000.0
Namibia,Africa,Africa,Non-NATO,gdp_usd,29944000000.0
Luxembourg,Western Europe,Europe,NATO,gdp_usd,88533000000.0
Afghanistan,Asia,Asia,Non-NATO,gdp_usd,54772700000.0
Niger,Africa,Africa,Non-NATO,gdp_usd,44561000000.0
Eritrea,Africa,Africa,Non-NATO,gdp_usd,9702000000.0
Republic of the Congo,Africa,Africa,Non-NATO,gdp_usd,38163000000.0
Botswana,Africa,Africa,Non-NATO,gdp_usd,46742000000.0
Mauritania,Africa,Africa,Non-NATO,gdp_usd,30395000000.0
Dominican Republic,Central America,North America,Non-NATO,gdp_usd,262000000000.0
Senegal,Africa,Africa,Non-NATO,gdp_usd,77382000000.0
Nepal,Asia-Pacific,Asia,Non-NATO,gdp_usd,144000000000.0
Montenegro,Balkans,Europe,NATO,gdp_usd,17115000000.0
El Salvador,Central America,North America,Non-NATO,gdp_usd,71957000000.0
Burkina Faso,Africa,Africa,Non-NATO,gdp_usd,57152000000.0
Madagascar,Africa,Africa,Non-NATO,gdp_usd,51255000000.0
Nicaragua,Central America,North America,Non-NATO,gdp_usd,51088000000.0
Bosnia and Herzegovina,Balkans,Europe,Non-NATO,gdp_usd,63769000000.0
Gabon,Africa,Africa,Non-NATO,gdp_usd,48201000000.0
Moldova,Eastern Europe,Europe,Non-NATO,gdp_usd,38969000000.0
Iceland,Scandinavia,Europe,NATO,gdp_usd,26155000000.0
Panama,Central America,North America,Non-NATO,gdp_usd,160000000000.0
Beliz,Central America,North America,Non-NATO,gdp_usd,5257000000.0
Liberia,Africa,Africa,Non-NATO,gdp_usd,8884000000.0
Suriname,Northern South America,South America,Non-NATO,gdp_usd,11824000000.0
Sierra Leone,Africa,Africa,Non-NATO,gdp_usd,14633000000.0
Kosovo,Southern Europe,Europe,Non-NATO,gdp_usd,23794000000.0
Somalia,Africa,Africa,Non-NATO,gdp_usd,26351000000.0
Central African Republic,Africa,Africa,Non-NATO,gdp_usd,5849000000.0
Benin,Africa,Africa,Non-NATO,gdp_usd,52510000000.0
Bhutan,Asia,Asia,Non-NATO,gdp_usd,10981000000.0
United States,Northern America,North America,NATO,reserves_of_foreign_exchange_and_gold,773000000000.0
Russia,Eastern Europe,Europe,Non-NATO,reserves_of_foreign_exchange_and_gold,597000000000.0
China,Asia-Pacific,Asia,Non-NATO,reserves_of_foreign_exchange_and_gold,3450000000000.0
India,Asia-Pacific,Asia,Non-NATO,reserves_of_foreign_exchange_and_gold,628000000000.0
South Korea,Asia-Pacific,Asia,Non-NATO,reserves_of_foreign_exchange_and_gold,421000000000.0
United Kingdom,Northern Europe,Europe,NATO,reserves_of_foreign_exchange_and_gold,178000000000.0
France,Western Europe,Europe,NATO,reserves_of_foreign_exchange_and_gold,241000000000.0
Japan,Asia-Pacific,Asia,Non-NATO,reserves_of_foreign_exchange_and_gold,1300000000000.0
Turkiye,Middle East,Asia,NATO,reserves_of_foreign_exchange_and_gold,141000000000.0
Italy,Southern Europe,Europe,NATO,reserves_of_foreign_exchange_and_gold,247000000000.0
Brazil,Latin America,South America,Non-NATO,reserves_of_foreign_exchange_and_gold,355000000000.0
Pakistan,Asia-Pacific,Asia,Non-NATO,reserves_of_foreign_exchange_and_gold,13730000000.0
Indonesia,Southeast Asia,Asia,Non-NATO,reserves_of_foreign_exchange_and_gold,146000000000.0
Germany,Central Europe,Europe,NATO,reserves_of_foreign_exchange_and_gold,323000000000.0
Israel,Middle East,Asia,Non-NATO,reserves_of_foreign_exchange_and_gold,205000000000.0
Iran,Middle East,Asia,Non-NATO,reserves_of_foreign_exchange_and_gold,121000000000.0
Spain,Southern Europe,Europe,NATO,reserves_of_foreign_exchange_and_gold,103000000000.0
Australia,Asia-Pacific,Oceania,Non-NATO,reserves_of_foreign_exchange_and_gold,61703000000.0
Egypt,Africa,Africa,Non-NATO,reserves_of_foreign_exchange_and_gold,33070000000.0
Ukraine,Eastern Europe,Europe,Non-NATO,reserves_of_foreign_exchange_and_gold,40510000000.0
Poland,Eastern Europe,Europe,NATO,reserves_of_foreign_exchange_and_gold,194000000000.0
Taiwan,Asia-Pacific,Asia,Non-NATO,reserves_of_foreign_exchange_and_gold,493000000000.0
Vietnam,Southeast Asia,Asia,Non-NATO,reserves_of_foreign_exchange_and_gold,97955500000.0
Saudi Arabia,Middle East,Asia,Non-NATO,reserves_of_foreign_exchange_and_gold,458000000000.0
Thailand,Southeast Asia,Asia,Non-NATO,reserves_of_foreign_exchange_and_gold,224000000000.0
Algeria,Africa,Africa,Non-NATO,reserves_of_foreign_exchange_and_gold,81217000000.0
Sweden,Scandinavia,Europe,NATO,reserves_of_foreign_exchange_and_gold,60863000000.0
Canada,Northern America,North America,NATO,reserves_of_foreign_exchange_and_gold,118000000000.0
Singapore,Southeast Asia,Asia,Non-NATO,reserves_of_foreign_exchange_and_gold,360000000000.0
Greece,Southern Europe,Europe,NATO,reserves_of_foreign_exchange_and_gold,13608000000.0
Nigeria,Africa,Africa,Non-NATO,reserves_of_foreign_exchange_and_gold,41349000000.0
Mexico,Mexico,North America,Non-NATO,reserves_of_foreign_exchange_and_gold,214000000000.0
Argentina,Latin America,South America,Non-NATO,reserves_of_foreign_exchange_and_gold,23081000000.0
North Korea,Asia-Pacific,Asia,Non-NATO,reserves_of_foreign_exchange_and_gold,5500000000.0
Bangladesh,Asia-Pacific,Asia,Non-NATO,reserves_of_foreign_exchange_and_gold,21860000000.0
Netherlands,Western Europe,Europe,NATO,reserves_of_foreign_exchange_and_gold,69830000000.0
Myanmar,Southeast Asia,Asia,Non-NATO,reserves_of_foreign_exchange_and_gold,8590400000.0
Norway,Scandinavia,Europe,NATO,reserves_of_foreign_exchange_and_gold,80459000000.0
Portugal,Southern Europe,Europe,NATO,reserves_of_foreign_exchange_and_gold,53710000000.0
South Africa,Africa,Africa,Non-NATO,reserves_of_foreign_exchange_and_gold,62492000000.0
Philippines,Southeast Asia,Asia,Non-NATO,reserves_of_foreign_exchange_and_gold,104000000000.0
Malaysia,Southeast Asia,Asia,Non-NATO,reserves_of_foreign_exchange_and_gold,113000000000.0
Iraq,Middle East,Asia,Non-NATO,reserves_of_foreign_exchange_and_gold,112000000000.0
Switzerland,Central Europe,Europe,Non-NATO,reserves_of_foreign_exchange_and_gold,864000000000.0
Denmark,Scandinavia,Europe,NATO,reserves_of_foreign_exchange_and_gold,109000000000.0
Colombia,Latin America,South America,Non-NATO,reserves_of_foreign_exchange_and_gold,59041000000.0
Chile,Latin America,South America,Non-NATO,reserves_of_foreign_exchange_and_gold,46377000000.0
Finland,Scandinavia,Europe,NATO,reserves_of_foreign_exchange_and_gold,16929000000.0
Peru,Latin America,South America,Non-NATO,reserves_of_foreign_exchange_and_gold,71394000000.0
Venezuela,Latin America,South America,Non-NATO,reserves_of_foreign_exchange_and_gold,10095500000.0
Romania,Eastern Europe,Europe,Non-NATO,reserves_of_foreign_exchange_and_gold,73000000000.0
Ethiopia,Africa,Africa,Non-NATO,reserves_of_foreign_exchange_and_gold,3131288000.0
Czechia,Eastern Europe,Europe,NATO,reserves_of_foreign_exchange_and_gold,148000000000.0
United Arab Emirates,Middle East,Asia,Non-NATO,reserves_of_foreign_exchange_and_gold,189000000000.0
Hungary,Eastern Europe,Europe,NATO,reserves_of_foreign_exchange_and_gold,45719000000.0
Angola,Africa,Africa,Non-NATO,reserves_of_foreign_exchange_and_gold,13942000000.0
Kazakhstan,Asia,Asia,Non-NATO,reserves_of_foreign_exchange_and_gold,35965000000.0
Uzbekistan,Asia,Asia,Non-NATO,reserves_of_foreign_exchange_and_gold,34558000000.0
Morocco,Africa,Africa,Non-NATO,reserves_of_foreign_exchange_and_gold,36328000000.0
Azerbaijan,Asia,Asia,Non-NATO,reserves_of_foreign_exchange_and_gold,13749000000.0
Belgium,Western Europe,Europe,NATO,reserves_of_foreign_exchange_and_gold,40813000000.0
Bulgaria,Eastern Europe,Europe,NATO,reserves_of_foreign_exchange_and_gold,46334000000.0
Serbia,Balkans,Europe,Non-NATO,reserves_of_foreign_exchange_and_gold,27569000000.0
Syria,Middle East,Asia,Non-NATO,reserves_of_foreign_exchange_and_gold,341962500.0
Ecuador,Latin America,South America,Non-NATO,reserves_of_foreign_exchange_and_gold,4442000000.0
Democratic Republic of the Congo,Africa,Africa,Non-NATO,reserves_of_foreign_exchange_and_gold,3898125000.0
Cuba,Central America,North America,Non-NATO,reserves_of_foreign_exchange_and_gold,10442000000.0
Austria,Central Europe,Europe,Non-NATO,reserves_of_foreign_exchange_and_gold,31212000000.0
Sri Lanka,Asia-Pacific,Asia,Non-NATO,reserves_of_foreign_exchange_and_gold,3450700000.0
Belarus,Eastern Europe,Europe,Non-NATO,reserves_of_foreign_exchange_and_gold,8118000000.0
Slovakia,Eastern Europe,Europe,NATO,reserves_of_foreign_exchange_and_gold,11288000000.0
Qatar,Middle East,Asia,Non-NATO,reserves_of_foreign_exchange_and_gold,51539000000.0
Sudan,Africa,Africa,Non-NATO,reserves_of_foreign_exchange_and_gold,206763700.0
Croatia,Balkans,Europe,NATO,reserves_of_foreign_exchange_and_gold,3176000000.0
Jordan,Middle East,Asia,Non-NATO,reserves_of_foreign_exchange_and_gold,15715600000.0
Libya,Africa,Africa,Non-NATO,reserves_of_foreign_exchange_and_gold,92427000000.0
Turkmenistan,Asia,Asia,Non-NATO,reserves_of_foreign_exchange_and_gold,23415400000.0
Albania,Balkans,Europe,NATO,reserves_of_foreign_exchange_and_gold,6455000000.0
Kuwait,Gulf Powers,Asia,Non-NATO,reserves_of_foreign_exchange_and_gold,52619000000.0
Bolivia,Latin America,South America,Non-NATO,reserves_of_foreign_exchange_and_gold,1800000000.0
Bahrain,Gulf Powers,Asia,Non-NATO,reserves_of_foreign_exchange_and_gold,5118000000.0
Oman,Gulf Powers,Asia,Non-NATO,reserves_of_foreign_exchange_and_gold,17455000000.0
Kenya,Africa,Africa,Non-NATO,reserves_of_foreign_exchange_and_gold,7342000000.0
Chad,Africa,Africa,Non-NATO,reserves_of_foreign_exchange_and_gold,211591000.0
Yemen,Middle East,Asia,Non-NATO,reserves_of_foreign_exchange_and_gold,923361750.0
New Zealand,Asia-Pacific,Oceania,Non-NATO,reserves_of_foreign_exchange_and_gold,15487000000.0
Paraguay,Latin America,South America,Non-NATO,reserves_of_foreign_exchange_and_gold,9886000000.0
Lithuania,Northern Europe,Europe,NATO,reserves_of_foreign_exchange_and_gold,6168000000.0
Mozambique,Africa,Africa,Non-NATO,reserves_of_foreign_exchange_and_gold,3515000000.0
Tunisia,Africa,Africa,Non-NATO,reserves_of_foreign_exchange_and_gold,9240000000.0
Armenia,Asia,Asia,Non-NATO,reserves_of_foreign_exchange_and_gold,3607000000.0
Tanzania,Africa,Africa,Non-NATO,reserves_of_foreign_exchange_and_gold,5693050000.0
Cameroon,Africa,Africa,Non-NATO,reserves_of_foreign_exchange_and_gold,5754093000.0
Georgia,Asia,Asia,Non-NATO,reserves_of_foreign_exchange_and_gold,5002000000.0
Cambodia,Southeast Asia,Asia,Non-NATO,reserves_of_foreign_exchange_and_gold,17801000000.0
Slovenia,Balkans,Europe,NATO,reserves_of_foreign_exchange_and_gold,2370000000.0
Ireland,Northern Europe,Europe,Non-NATO,reserves_of_foreign_exchange_and_gold,12905000000.0
Mongolia,Asia-Pacific,Asia,Non-NATO,reserves_of_foreign_exchange_and_gold,4782000000.0
Latvia,Northern Europe,Europe,NATO,reserves_of_foreign_exchange_and_gold,4957000000.0
Uruguay,Latin America,South America,Non-NATO,reserves_of_foreign_exchange_and_gold,16257000000.0
Honduras,Central America,North America,Non-NATO,reserves_of_foreign_exchange_and_gold,7543000000.0
Ivory Coast,Africa,Africa,Non-NATO,reserves_of_foreign_exchange_and_gold,7583484000.0
Guatemala,Central America,North America,Non-NATO,reserves_of_foreign_exchange_and_gold,21311000000.0
Mali,Africa,Africa,Non-NATO,reserves_of_foreign_exchange_and_gold,647800000.0
Kyrgyzstan,Asia,Asia,Non-NATO,reserves_of_foreign_exchange_and_gold,3237000000.0
Laos,Southeast Asia,Asia,Non-NATO,reserves_of_foreign_exchange_and_gold,1770000000.0
Estonia,Northern Europe,Europe,NATO,reserves_of_foreign_exchange_and_gold,2593000000.0
Tajikistan,Asia,Asia,Non-NATO,reserves_of_foreign_exchange_and_gold,2748900000.0
Zambia,Africa,Africa,Non-NATO,reserves_of_foreign_exchange_and_gold,2861000000.0
Ghana,Africa,Africa,Non-NATO,reserves_of_foreign_exchange_and_gold,3624000000.0
Zimbabwe,Africa,Africa,Non-NATO,reserves_of_foreign_exchange_and_gold,115530000.0
North Macedonia,Balkans,Europe,Non-NATO,reserves_of_foreign_exchange_and_gold,5015000000.0
South Sudan,Africa,Africa,Non-NATO,reserves_of_foreign_exchange_and_gold,183615000.0
Uganda,Africa,Africa,Non-NATO,reserves_of_foreign_exchange_and_gold,3506500000.0
Lebanon,Middle East,Asia,Non-NATO,reserves_of_foreign_exchange_and_gold,26498095000.0
Namibia,Africa,Africa,Non-NATO,reserves_of_foreign_exchange_and_gold,2956000000.0
Luxembourg,Western Europe,Europe,NATO,reserves_of_foreign_exchange_and_gold,2977000000.0
Afghanistan,Asia,Asia,Non-NATO,reserves_of_foreign_exchange_and_gold,8852092000.0
Niger,Africa,Africa,Non-NATO,reserves_of_foreign_exchange_and_gold,1442772000.0
Eritrea,Africa,Africa,Non-NATO,reserves_of_foreign_exchange_and_gold,225014976.0
Republic of the Congo,Africa,Africa,Non-NATO,reserves_of_foreign_exchange_and_gold,715391000.0
Botswana,Africa,Africa,Non-NATO,reserves_of_foreign_exchange_and_gold,4756000000.0
Mauritania,Africa,Africa,Non-NATO,reserves_of_foreign_exchange_and_gold,2629290500.0
Dominican Republic,Central America,North America,Non-NATO,reserves_of_foreign_exchange_and_gold,15547000000.0
Senegal,Africa,Africa,Non-NATO,reserves_of_foreign_exchange_and_gold,889295000.0
Nepal,Asia-Pacific,Asia,Non-NATO,reserves_of_foreign_exchange_and_gold,12456000000.0
Montenegro,Balkans,Europe,NATO,reserves_of_foreign_exchange_and_gold,1574000000.0
El Salvador,Central America,North America,Non-NATO,reserves_of_foreign_exchange_and_gold,3799434000.0
Burkina Faso,Africa,Africa,Non-NATO,reserves_of_foreign_exchange_and_gold,47138000.0
Madagascar,Africa,Africa,Non-NATO,reserves_of_foreign_exchange_and_gold,2632000000.0
Nicaragua,Central America,North America,Non-NATO,reserves_of_foreign_exchange_and_gold,5447000000.0
Bosnia and Herzegovina,Balkans,Europe,Non-NATO,reserves_of_foreign_exchange_and_gold,9205000000.0
Gabon,Africa,Africa,Non-NATO,reserves_of_foreign_exchange_and_gold,1568196000.0
Moldova,Eastern Europe,Europe,Non-NATO,reserves_of_foreign_exchange_and_gold,5453000000.0
Iceland,Scandinavia,Europe,NATO,reserves_of_foreign_exchange_and_gold,5809000000.0
Panama,Central America,North America,Non-NATO,reserves_of_foreign_exchange_and_gold,6757000000.0
Beliz,Central America,North America,Non-NATO,reserves_of_foreign_exchange_and_gold,473729000.0
Liberia,Africa,Africa,Non-NATO,reserves_of_foreign_exchange_and_gold,599660000.0
Suriname,Northern South America,South America,Non-NATO,reserves_of_foreign_exchange_and_gold,1346000000.0
Sierra Leone,Africa,Africa,Non-NATO,reserves_of_foreign_exchange_and_gold,495699000.0
Kosovo,Southern Europe,Europe,Non-NATO,reserves_of_foreign_exchange_and_gold,1245000000.0
Somalia,Africa,Africa,Non-NATO,reserves_of_foreign_exchange_and_gold,16747500.0
Central African Republic,Africa,Africa,Non-NATO,reserves_of_foreign_exchange_and_gold,374405000.0
Benin,Africa,Africa,Non-NATO,reserves_of_foreign_exchange_and_gold,698900000.0
Bhutan,Asia,Asia,Non-NATO,reserves_of_foreign_exchange_and_gold,976260000.0
United States,Northern America,North America,NATO,major_serviceable_airports_by_country,15873
Russia,Eastern Europe,Europe,Non-NATO,major_serviceable_airports_by_country,904
China,Asia-Pacific,Asia,Non-NATO,major_serviceable_airports_by_country,531
India,Asia-Pacific,Asia,Non-NATO,major_serviceable_airports_by_country,311
South Korea,Asia-Pacific,Asia,Non-NATO,major_serviceable_airports_by_country,89
United Kingdom,Northern Europe,Europe,NATO,major_serviceable_airports_by_country,1043
France,Western Europe,Europe,NATO,major_serviceable_airports_by_country,689
Japan,Asia-Pacific,Asia,Non-NATO,major_serviceable_airports_by_country,279
Turkiye,Middle East,Asia,NATO,major_serviceable_airports_by_country,115
Italy,Southern Europe,Europe,NATO,major_serviceable_airports_by_country,636
Brazil,Latin America,South America,Non-NATO,major_serviceable_airports_by_country,4919
Pakistan,Asia-Pacific,Asia,Non-NATO,major_serviceable_airports_by_country,116
Indonesia,Southeast Asia,Asia,Non-NATO,major_serviceable_airports_by_country,513
Germany,Central Europe,Europe,NATO,major_serviceable_airports_by_country,838
Israel,Middle East,Asia,Non-NATO,major_serviceable_airports_by_country,37
Iran,Middle East,Asia,Non-NATO,major_serviceable_airports_by_country,173
Spain,Southern Europe,Europe,NATO,major_serviceable_airports_by_country,363
Australia,Asia-Pacific,Oceania,Non-NATO,major_serviceable_airports_by_country,2180
Egypt,Africa,Africa,Non-NATO,major_serviceable_airports_by_country,73
Ukraine,Eastern Europe,Europe,Non-NATO,major_serviceable_airports_by_country,148
Poland,Eastern Europe,Europe,NATO,major_serviceable_airports_by_country,288
Taiwan,Asia-Pacific,Asia,Non-NATO,major_serviceable_airports_by_country,53
Vietnam,Southeast Asia,Asia,Non-NATO,major_serviceable_airports_by_country,42
Saudi Arabia,Middle East,Asia,Non-NATO,major_serviceable_airports_by_country,86
Thailand,Southeast Asia,Asia,Non-NATO,major_serviceable_airports_by_country,108
Algeria,Africa,Africa,Non-NATO,major_serviceable_airports_by_country,85
Sweden,Scandinavia,Europe,NATO,major_serviceable_airports_by_country,203
Canada,Northern America,North America,NATO,major_serviceable_airports_by_country,1425
Singapore,Southeast Asia,Asia,Non-NATO,major_serviceable_airports_by_country,9
Greece,Southern Europe,Europe,NATO,major_serviceable_airports_by_country,81
Nigeria,Africa,Africa,Non-NATO,major_serviceable_airports_by_country,47
Mexico,Mexico,North America,Non-NATO,major_serviceable_airports_by_country,1485
Argentina,Latin America,South America,Non-NATO,major_serviceable_airports_by_country,756
North Korea,Asia-Pacific,Asia,Non-NATO,major_serviceable_airports_by_country,83
Bangladesh,Asia-Pacific,Asia,Non-NATO,major_serviceable_airports_by_country,17
Netherlands,Western Europe,Europe,NATO,major_serviceable_airports_by_country,45
Myanmar,Southeast Asia,Asia,Non-NATO,major_serviceable_airports_by_country,73
Norway,Scandinavia,Europe,NATO,major_serviceable_airports_by_country,145
Portugal,Southern Europe,Europe,NATO,major_serviceable_airports_by_country,136
South Africa,Africa,Africa,Non-NATO,major_serviceable_airports_by_country,575
Philippines,Southeast Asia,Asia,Non-NATO,major_serviceable_airports_by_country,246
Malaysia,Southeast Asia,Asia,Non-NATO,major_serviceable_airports_by_country,102
Iraq,Middle East,Asia,Non-NATO,major_serviceable_airports_by_country,71
Switzerland,Central Europe,Europe,Non-NATO,major_serviceable_airports_by_country,62
Denmark,Scandinavia,Europe,NATO,major_serviceable_airports_by_country,99
Colombia,Latin America,South America,Non-NATO,major_serviceable_airports_by_country,662
Chile,Latin America,South America,Non-NATO,major_serviceable_airports_by_country,374
Finland,Scandinavia,Europe,NATO,major_serviceable_airports_by_country,98
Peru,Latin America,South America,Non-NATO,major_serviceable_airports_by_country,166
Venezuela,Latin America,South America,Non-NATO,major_serviceable_airports_by_country,502
Romania,Eastern Europe,Europe,Non-NATO,major_serviceable_airports_by_country,82
Ethiopia,Africa,Africa,Non-NATO,major_serviceable_airports_by_country,57
Czechia,Eastern Europe,Europe,NATO,major_serviceable_airports_by_country,243
United Arab Emirates,Middle East,Asia,Non-NATO,major_serviceable_airports_by_country,42
Hungary,Eastern Europe,Europe,NATO,major_serviceable_airports_by_country,109
Angola,Africa,Africa,Non-NATO,major_serviceable_airports_by_country,106
Kazakhstan,Asia,Asia,Non-NATO,major_serviceable_airports_by_country,132
Uzbekistan,Asia,Asia,Non-NATO,major_serviceable_airports_by_country,74
Morocco,Africa,Africa,Non-NATO,major_serviceable_airports_by_country,49
Azerbaijan,Asia,Asia,Non-NATO,major_serviceable_airports_by_country,32
Belgium,Western Europe,Europe,NATO,major_serviceable_airports_by_country,49
Bulgaria,Eastern Europe,Europe,NATO,major_serviceable_airports_by_country,111
Serbia,Balkans,Europe,Non-NATO,major_serviceable_airports_by_country,43
Syria,Middle East,Asia,Non-NATO,major_serviceable_airports_by_country,39
Ecuador,Latin America,South America,Non-NATO,major_serviceable_airports_by_country,310
Democratic Republic of the Congo,Africa,Africa,Non-NATO,major_serviceable_airports_by_country,272
Cuba,Central America,North America,Non-NATO,major_serviceable_airports_by_country,123
Austria,Central Europe,Europe,Non-NATO,major_serviceable_airports_by_country,61
Sri Lanka,Asia-Pacific,Asia,Non-NATO,major_serviceable_airports_by_country,18
Belarus,Eastern Europe,Europe,Non-NATO,major_serviceable_airports_by_country,46
Slovakia,Eastern Europe,Europe,NATO,major_serviceable_airports_by_country,114
Qatar,Middle East,Asia,Non-NATO,major_serviceable_airports_by_country,8
Sudan,Africa,Africa,Non-NATO,major_serviceable_airports_by_country,41
Croatia,Balkans,Europe,NATO,major_serviceable_airports_by_country,40
Jordan,Middle East,Asia,Non-NATO,major_serviceable_airports_by_country,17
Libya,Africa,Africa,Non-NATO,major_serviceable_airports_by_country,66
Turkmenistan,Asia,Asia,Non-NATO,major_serviceable_airports_by_country,23
Albania,Balkans,Europe,NATO,major_serviceable_airports_by_country,3
Kuwait,Gulf Powers,Asia,Non-NATO,major_serviceable_airports_by_country,6
Bolivia,Latin America,South America,Non-NATO,major_serviceable_airports_by_country,200
Bahrain,Gulf Powers,Asia,Non-NATO,major_serviceable_airports_by_country,3
Oman,Gulf Powers,Asia,Non-NATO,major_serviceable_airports_by_country,36
Kenya,Africa,Africa,Non-NATO,major_serviceable_airports_by_country,370
Chad,Africa,Africa,Non-NATO,major_serviceable_airports_by_country,42
Yemen,Middle East,Asia,Non-NATO,major_serviceable_airports_by_country,36
New Zealand,Asia-Pacific,Oceania,Non-NATO,major_serviceable_airports_by_country,202
Paraguay,Latin America,South America,Non-NATO,major_serviceable_airports_by_country,83
Lithuania,Northern Europe,Europe,NATO,major_serviceable_airports_by_country,65
Mozambique,Africa,Africa,Non-NATO,major_serviceable_airports_by_country,92
Tunisia,Africa,Africa,Non-NATO,major_serviceable_airports_by_country,14
Armenia,Asia,Asia,Non-NATO,major_serviceable_airports_by_country,11
Tanzania,Africa,Africa,Non-NATO,major_serviceable_airports_by_country,206
Cameroon,Africa,Africa,Non-NATO,major_serviceable_airports_by_country,37
Georgia,Asia,Asia,Non-NATO,major_serviceable_airports_by_country,19
Cambodia,Southeast Asia,Asia,Non-NATO,major_serviceable_airports_by_country,13
Slovenia,Balkans,Europe,NATO,major_serviceable_airports_by_country,42
Ireland,Northern Europe,Europe,Non-NATO,major_serviceable_airports_by_country,100
Mongolia,Asia-Pacific,Asia,Non-NATO,major_serviceable_airports_by_country,35
Latvia,Northern Europe,Europe,NATO,major_serviceable_airports_by_country,56
Uruguay,Latin America,South America,Non-NATO,major_serviceable_airports_by_country,64
Honduras,Central America,North America,Non-NATO,major_serviceable_airports_by_country,129
Ivory Coast,Africa,Africa,Non-NATO,major_serviceable_airports_by_country,29
Guatemala,Central America,North America,Non-NATO,major_serviceable_airports_by_country,58
Mali,Africa,Africa,Non-NATO,major_serviceable_airports_by_country,30
Kyrgyzstan,Asia,Asia,Non-NATO,major_serviceable_airports_by_country,28
Laos,Southeast Asia,Asia,Non-NATO,major_serviceable_airports_by_country,18
Estonia,Northern Europe,Europe,NATO,major_serviceable_airports_by_country,26
Tajikistan,Asia,Asia,Non-NATO,major_serviceable_airports_by_country,19
Zambia,Africa,Africa,Non-NATO,major_serviceable_airports_by_country,119
Ghana,Africa,Africa,Non-NATO,major_serviceable_airports_by_country,11
Zimbabwe,Africa,Africa,Non-NATO,major_serviceable_airports_by_country,144
North Macedonia,Balkans,Europe,Non-NATO,major_serviceable_airports_by_country,13
South Sudan,Africa,Africa,Non-NATO,major_serviceable_airports_by_country,82
Uganda,Africa,Africa,Non-NATO,major_serviceable_airports_by_country,39
Lebanon,Middle East,Asia,Non-NATO,major_serviceable_airports_by_country,8
Namibia,Africa,Africa,Non-NATO,major_serviceable_airports_by_country,255
Luxembourg,Western Europe,Europe,NATO,major_serviceable_airports_by_country,3
Afghanistan,Asia,Asia,Non-NATO,major_serviceable_airports_by_country,67
Niger,Africa,Africa,Non-NATO,major_serviceable_airports_by_country,26
Eritrea,Africa,Africa,Non-NATO,major_serviceable_airports_by_country,10
Republic of the Congo,Africa,Africa,Non-NATO,major_serviceable_airports_by_country,56
Botswana,Africa,Africa,Non-NATO,major_serviceable_airports_by_country,122
Mauritania,Africa,Africa,Non-NATO,major_serviceable_airports_by_country,25
Dominican Republic,Central America,North America,Non-NATO,major_serviceable_airports_by_country,32
Senegal,Africa,Africa,Non-NATO,major_serviceable_airports_by_country,19
Nepal,Asia-Pacific,Asia,Non-NATO,major_serviceable_airports_by_country,51
Montenegro,Balkans,Europe,NATO,major_serviceable_airports_by_country,5
El Salvador,Central America,North America,Non-NATO,major_serviceable_airports_by_country,27
Burkina Faso,Africa,Africa,Non-NATO,major_serviceable_airports_by_country,49
Madagascar,Africa,Africa,Non-NATO,major_serviceable_airports_by_country,91
Nicaragua,Central America,North America,Non-NATO,major_serviceable_airports_by_country,39
Bosnia and Herzegovina,Balkans,Europe,Non-NATO,major_serviceable_airports_by_country,13
Gabon,Africa,Africa,Non-NATO,major_serviceable_airports_by_country,40
Moldova,Eastern Europe,Europe,Non-NATO,major_serviceable_airports_by_country,11
Iceland,Scandinavia,Europe,NATO,major_serviceable_airports_by_country,83
Panama,Central America,North America,Non-NATO,major_serviceable_airports_by_country,76
Beliz,Central America,North America,Non-NATO,major_serviceable_airports_by_country,27
Liberia,Africa,Africa,Non-NATO,major_serviceable_airports_by_country,99
Suriname,Northern South America,South America,Non-NATO,major_serviceable_airports_by_country,55
Sierra Leone,Africa,Africa,Non-NATO,major_serviceable_airports_by_country,8
Kosovo,Southern Europe,Europe,Non-NATO,major_serviceable_airports_by_country,4
Somalia,Africa,Africa,Non-NATO,major_serviceable_airports_by_country,38
Central African Republic,Africa,Africa,Non-NATO,major_serviceable_airports_by_country,43
Benin,Africa,Africa,Non-NATO,major_serviceable_airports_by_country,10
Bhutan,Asia,Asia,Non-NATO,major_serviceable_airports_by_country,4
United States,Northern America,North America,NATO,labor_force_by_country,170549000
Russia,Eastern Europe,Europe,Non-NATO,labor_force_by_country,72408000
China,Asia-Pacific,Asia,Non-NATO,labor_force_by_country,779246000
India,Asia-Pacific,Asia,Non-NATO,labor_force_by_country,593729000
South Korea,Asia-Pacific,Asia,Non-NATO,labor_force_by_country,29611000
United Kingdom,Northern Europe,Europe,NATO,labor_force_by_country,35275000
France,Western Europe,Europe,NATO,labor_force_by_country,31825000
Japan,Asia-Pacific,Asia,Non-NATO,labor_force_by_country,69349000
Turkiye,Middle East,Asia,NATO,labor_force_by_country,35071000
Italy,Southern Europe,Europe,NATO,labor_force_by_country,25669000
Brazil,Latin America,South America,Non-NATO,labor_force_by_country,108695000
Pakistan,Asia-Pacific,Asia,Non-NATO,labor_force_by_country,80990000
Indonesia,Southeast Asia,Asia,Non-NATO,labor_force_by_country,140931000
Germany,Central Europe,Europe,NATO,labor_force_by_country,44784000
Israel,Middle East,Asia,Non-NATO,labor_force_by_country,4554000
Iran,Middle East,Asia,Non-NATO,labor_force_by_country,29159000
Spain,Southern Europe,Europe,NATO,labor_force_by_country,24108000
Australia,Asia-Pacific,Oceania,Non-NATO,labor_force_by_country,14501000
Egypt,Africa,Africa,Non-NATO,labor_force_by_country,33431000
Ukraine,Eastern Europe,Europe,Non-NATO,labor_force_by_country,20312000
Poland,Eastern Europe,Europe,NATO,labor_force_by_country,18387000
Taiwan,Asia-Pacific,Asia,Non-NATO,labor_force_by_country,11498000
Vietnam,Southeast Asia,Asia,Non-NATO,labor_force_by_country,56149000
Saudi Arabia,Middle East,Asia,Non-NATO,labor_force_by_country,16934000
Thailand,Southeast Asia,Asia,Non-NATO,labor_force_by_country,40814000
Algeria,Africa,Africa,Non-NATO,labor_force_by_country,13425000
Sweden,Scandinavia,Europe,NATO,labor_force_by_country,5825000
Canada,Northern America,North America,NATO,labor_force_by_country,22110000
Singapore,Southeast Asia,Asia,Non-NATO,labor_force_by_country,3619000
Greece,Southern Europe,Europe,NATO,labor_force_by_country,4645000
Nigeria,Africa,Africa,Non-NATO,labor_force_by_country,75721000
Mexico,Mexico,North America,Non-NATO,labor_force_by_country,60042000
Argentina,Latin America,South America,Non-NATO,labor_force_by_country,21906000
North Korea,Asia-Pacific,Asia,Non-NATO,labor_force_by_country,15837000
Bangladesh,Asia-Pacific,Asia,Non-NATO,labor_force_by_country,74914000
Netherlands,Western Europe,Europe,NATO,labor_force_by_country,9999000
Myanmar,Southeast Asia,Asia,Non-NATO,labor_force_by_country,22884000
Norway,Scandinavia,Europe,NATO,labor_force_by_country,3009000
Portugal,Southern Europe,Europe,NATO,labor_force_by_country,5140900
South Africa,Africa,Africa,Non-NATO,labor_force_by_country,25158000
Philippines,Southeast Asia,Asia,Non-NATO,labor_force_by_country,49477000
Malaysia,Southeast Asia,Asia,Non-NATO,labor_force_by_country,17308000
Iraq,Middle East,Asia,Non-NATO,labor_force_by_country,11812000
Switzerland,Central Europe,Europe,Non-NATO,labor_force_by_country,4991000
Denmark,Scandinavia,Europe,NATO,labor_force_by_country,3180000
Colombia,Latin America,South America,Non-NATO,labor_force_by_country,26003000
Chile,Latin America,South America,Non-NATO,labor_force_by_country,9848000
Finland,Scandinavia,Europe,NATO,labor_force_by_country,2880000
Peru,Latin America,South America,Non-NATO,labor_force_by_country,18529000
Venezuela,Latin America,South America,Non-NATO,labor_force_by_country,11548000
Romania,Eastern Europe,Europe,Non-NATO,labor_force_by_country,8282000
Ethiopia,Africa,Africa,Non-NATO,labor_force_by_country,61664000
Czechia,Eastern Europe,Europe,NATO,labor_force_by_country,5502000
United Arab Emirates,Middle East,Asia,Non-NATO,labor_force_by_country,6668000
Hungary,Eastern Europe,Europe,NATO,labor_force_by_country,5006000
Angola,Africa,Africa,Non-NATO,labor_force_by_country,15223000
Kazakhstan,Asia,Asia,Non-NATO,labor_force_by_country,9587000
Uzbekistan,Asia,Asia,Non-NATO,labor_force_by_country,14270000
Morocco,Africa,Africa,Non-NATO,labor_force_by_country,12284000
Azerbaijan,Asia,Asia,Non-NATO,labor_force_by_country,5473000
Belgium,Western Europe,Europe,NATO,labor_force_by_country,5432000
Bulgaria,Eastern Europe,Europe,NATO,labor_force_by_country,3103000
Serbia,Balkans,Europe,Non-NATO,labor_force_by_country,3333000
Syria,Middle East,Asia,Non-NATO,labor_force_by_country,6315000
Ecuador,Latin America,South America,Non-NATO,labor_force_by_country,8893000
Democratic Republic of the Congo,Africa,Africa,Non-NATO,labor_force_by_country,35983000
Cuba,Central America,North America,Non-NATO,labor_force_by_country,5317000
Austria,Central Europe,Europe,Non-NATO,labor_force_by_country,4825000
Sri Lanka,Asia-Pacific,Asia,Non-NATO,labor_force_by_country,8707000
Belarus,Eastern Europe,Europe,Non-NATO,labor_force_by_country,4956000
Slovakia,Eastern Europe,Europe,NATO,labor_force_by_country,2823000
Qatar,Middle East,Asia,Non-NATO,labor_force_by_country,2035000
Sudan,Africa,Africa,Non-NATO,labor_force_by_country,13590000
Croatia,Balkans,Europe,NATO,labor_force_by_country,1744000
Jordan,Middle East,Asia,Non-NATO,labor_force_by_country,3063000
Libya,Africa,Africa,Non-NATO,labor_force_by_country,2398000
Turkmenistan,Asia,Asia,Non-NATO,labor_force_by_country,2163000
Albania,Balkans,Europe,NATO,labor_force_by_country,1388000
Kuwait,Gulf Powers,Asia,Non-NATO,labor_force_by_country,2463000
Bolivia,Latin America,South America,Non-NATO,labor_force_by_country,6114000
Bahrain,Gulf Powers,Asia,Non-NATO,labor_force_by_country,855000
Oman,Gulf Powers,Asia,Non-NATO,labor_force_by_country,2316000
Kenya,Africa,Africa,Non-NATO,labor_force_by_country,25502000
Chad,Africa,Africa,Non-NATO,labor_force_by_country,5806000
Yemen,Middle East,Asia,Non-NATO,labor_force_by_country,6883000
New Zealand,Asia-Pacific,Oceania,Non-NATO,labor_force_by_country,3068000
Paraguay,Latin America,South America,Non-NATO,labor_force_by_country,3469000
Lithuania,Northern Europe,Europe,NATO,labor_force_by_country,1510000
Mozambique,Africa,Africa,Non-NATO,labor_force_by_country,15191000
Tunisia,Africa,Africa,Non-NATO,labor_force_by_country,4445000
Armenia,Asia,Asia,Non-NATO,labor_force_by_country,1356000
Tanzania,Africa,Africa,Non-NATO,labor_force_by_country,31219000
Cameroon,Africa,Africa,Non-NATO,labor_force_by_country,11965000
Georgia,Asia,Asia,Non-NATO,labor_force_by_country,1853000
Cambodia,Southeast Asia,Asia,Non-NATO,labor_force_by_country,9175000
Slovenia,Balkans,Europe,NATO,labor_force_by_country,1055000
Ireland,Northern Europe,Europe,Non-NATO,labor_force_by_country,2766000
Mongolia,Asia-Pacific,Asia,Non-NATO,labor_force_by_country,1403000
Latvia,Northern Europe,Europe,NATO,labor_force_by_country,978000
Uruguay,Latin America,South America,Non-NATO,labor_force_by_country,1775000
Honduras,Central America,North America,Non-NATO,labor_force_by_country,4676000
Ivory Coast,Africa,Africa,Non-NATO,labor_force_by_country,10954000
Guatemala,Central America,North America,Non-NATO,labor_force_by_country,7258000
Mali,Africa,Africa,Non-NATO,labor_force_by_country,8277000
Kyrgyzstan,Asia,Asia,Non-NATO,labor_force_by_country,3069000
Laos,Southeast Asia,Asia,Non-NATO,labor_force_by_country,3174000
Estonia,Northern Europe,Europe,NATO,labor_force_by_country,752000
Tajikistan,Asia,Asia,Non-NATO,labor_force_by_country,2677000
Zambia,Africa,Africa,Non-NATO,labor_force_by_country,7051000
Ghana,Africa,Africa,Non-NATO,labor_force_by_country,14887000
Zimbabwe,Africa,Africa,Non-NATO,labor_force_by_country,6561000
North Macedonia,Balkans,Europe,Non-NATO,labor_force_by_country,801000
South Sudan,Africa,Africa,Non-NATO,labor_force_by_country,4471000
Uganda,Africa,Africa,Non-NATO,labor_force_by_country,18881000
Lebanon,Middle East,Asia,Non-NATO,labor_force_by_country,1771000
Namibia,Africa,Africa,Non-NATO,labor_force_by_country,989000
Luxembourg,Western Europe,Europe,NATO,labor_force_by_country,352000
Afghanistan,Asia,Asia,Non-NATO,labor_force_by_country,8921000
Niger,Africa,Africa,Non-NATO,labor_force_by_country,10237000
Eritrea,Africa,Africa,Non-NATO,labor_force_by_country,1800000
Republic of the Congo,Africa,Africa,Non-NATO,labor_force_by_country,2461000
Botswana,Africa,Africa,Non-NATO,labor_force_by_country,1170000
Mauritania,Africa,Africa,Non-NATO,labor_force_by_country,1179000
Dominican Republic,Central America,North America,Non-NATO,labor_force_by_country,5302000
Senegal,Africa,Africa,Non-NATO,labor_force_by_country,5257000
Nepal,Asia-Pacific,Asia,Non-NATO,labor_force_by_country,8937000
Montenegro,Balkans,Europe,NATO,labor_force_by_country,286000
El Salvador,Central America,North America,Non-NATO,labor_force_by_country,2870000
Burkina Faso,Africa,Africa,Non-NATO,labor_force_by_country,8577000
Madagascar,Africa,Africa,Non-NATO,labor_force_by_country,15830000
Nicaragua,Central America,North America,Non-NATO,labor_force_by_country,3264000
Bosnia and Herzegovina,Balkans,Europe,Non-NATO,labor_force_by_country,1369000
Gabon,Africa,Africa,Non-NATO,labor_force_by_country,763000
Moldova,Eastern Europe,Europe,Non-NATO,labor_force_by_country,1464000
Iceland,Scandinavia,Europe,NATO,labor_force_by_country,239000
Panama,Central America,North America,Non-NATO,labor_force_by_country,2096000
Beliz,Central America,North America,Non-NATO,labor_force_by_country,190000
Liberia,Africa,Africa,Non-NATO,labor_force_by_country,2499000
Suriname,Northern South America,South America,Non-NATO,labor_force_by_country,250000
Sierra Leone,Africa,Africa,Non-NATO,labor_force_by_country,2913000
Kosovo,Southern Europe,Europe,Non-NATO,labor_force_by_country,500300
Somalia,Africa,Africa,Non-NATO,labor_force_by_country,3277000
Central African Republic,Africa,Africa,Non-NATO,labor_force_by_country,2114000
Benin,Africa,Africa,Non-NATO,labor_force_by_country,4964000
Bhutan,Asia,Asia,Non-NATO,labor_force_by_country,430000
United States,Northern America,North America,NATO,major_ports_and_terminals,666
Russia,Eastern Europe,Europe,Non-NATO,major_ports_and_terminals,67
China,Asia-Pacific,Asia,Non-NATO,major_ports_and_terminals,66
India,Asia-Pacific,Asia,Non-NATO,major_ports_and_terminals,56
South Korea,Asia-Pacific,Asia,Non-NATO,major_ports_and_terminals,15
United Kingdom,Northern Europe,Europe,NATO,major_ports_and_terminals,185
France,Western Europe,Europe,NATO,major_ports_and_terminals,66
Japan,Asia-Pacific,Asia,Non-NATO,major_ports_and_terminals,163
Turkiye,Middle East,Asia,NATO,major_ports_and_terminals,54
Italy,Southern Europe,Europe,NATO,major_ports_and_terminals,123
Brazil,Latin America,South America,Non-NATO,major_ports_and_terminals,45
Pakistan,Asia-Pacific,Asia,Non-NATO,major_ports_and_terminals,3
Indonesia,Southeast Asia,Asia,Non-NATO,major_ports_and_terminals,123
Germany,Central Europe,Europe,NATO,major_ports_and_terminals,35
Israel,Middle East,Asia,Non-NATO,major_ports_and_terminals,5
Iran,Middle East,Asia,Non-NATO,major_ports_and_terminals,18
Spain,Southern Europe,Europe,NATO,major_ports_and_terminals,52
Australia,Asia-Pacific,Oceania,Non-NATO,major_ports_and_terminals,66
Egypt,Africa,Africa,Non-NATO,major_ports_and_terminals,31
Ukraine,Eastern Europe,Europe,Non-NATO,major_ports_and_terminals,26
Poland,Eastern Europe,Europe,NATO,major_ports_and_terminals,10
Taiwan,Asia-Pacific,Asia,Non-NATO,major_ports_and_terminals,8
Vietnam,Southeast Asia,Asia,Non-NATO,major_ports_and_terminals,16
Saudi Arabia,Middle East,Asia,Non-NATO,major_ports_and_terminals,16
Thailand,Southeast Asia,Asia,Non-NATO,major_ports_and_terminals,21
Algeria,Africa,Africa,Non-NATO,major_ports_and_terminals,17
Sweden,Scandinavia,Europe,NATO,major_ports_and_terminals,92
Canada,Northern America,North America,NATO,major_ports_and_terminals,284
Singapore,Southeast Asia,Asia,Non-NATO,major_ports_and_terminals,5
Greece,Southern Europe,Europe,NATO,major_ports_and_terminals,57
Nigeria,Africa,Africa,Non-NATO,major_ports_and_terminals,28
Mexico,Mexico,North America,Non-NATO,major_ports_and_terminals,35
Argentina,Latin America,South America,Non-NATO,major_ports_and_terminals,37
North Korea,Asia-Pacific,Asia,Non-NATO,major_ports_and_terminals,10
Bangladesh,Asia-Pacific,Asia,Non-NATO,major_ports_and_terminals,2
Netherlands,Western Europe,Europe,NATO,major_ports_and_terminals,18
Myanmar,Southeast Asia,Asia,Non-NATO,major_ports_and_terminals,7
Norway,Scandinavia,Europe,NATO,major_ports_and_terminals,141
Portugal,Southern Europe,Europe,NATO,major_ports_and_terminals,18
South Africa,Africa,Africa,Non-NATO,major_ports_and_terminals,8
Philippines,Southeast Asia,Asia,Non-NATO,major_ports_and_terminals,70
Malaysia,Southeast Asia,Asia,Non-NATO,major_ports_and_terminals,35
Iraq,Middle East,Asia,Non-NATO,major_ports_and_terminals,6
Switzerland,Central Europe,Europe,Non-NATO,major_ports_and_terminals,0
Denmark,Scandinavia,Europe,NATO,major_ports_and_terminals,69
Colombia,Latin America,South America,Non-NATO,major_ports_and_terminals,14
Chile,Latin America,South America,Non-NATO,major_ports_and_terminals,39
Finland,Scandinavia,Europe,NATO,major_ports_and_terminals,37
Peru,Latin America,South America,Non-NATO,major_ports_and_terminals,20
Venezuela,Latin America,South America,Non-NATO,major_ports_and_terminals,31
Romania,Eastern Europe,Europe,Non-NATO,major_ports_and_terminals,11
Ethiopia,Africa,Africa,Non-NATO,major_ports_and_terminals,0
Czechia,Eastern Europe,Europe,NATO,major_ports_and_terminals,0
United Arab Emirates,Middle East,Asia,Non-NATO,major_ports_and_terminals,20
Hungary,Eastern Europe,Europe,NATO,major_ports_and_terminals,0
Angola,Africa,Africa,Non-NATO,major_ports_and_terminals,21
Kazakhstan,Asia,Asia,Non-NATO,major_ports_and_terminals,0
Uzbekistan,Asia,Asia,Non-NATO,major_ports_and_terminals,0
Morocco,Africa,Africa,Non-NATO,major_ports_and_terminals,12
Azerbaijan,Asia,Asia,Non-NATO,major_ports_and_terminals,0
Belgium,Western Europe,Europe,NATO,major_ports_and_terminals,7
Bulgaria,Eastern Europe,Europe,NATO,major_ports_and_terminals,2
Serbia,Balkans,Europe,Non-NATO,major_ports_and_terminals,0
Syria,Middle East,Asia,Non-NATO,major_ports_and_terminals,3
Ecuador,Latin America,South America,Non-NATO,major_ports_and_terminals,6
Democratic Republic of the Congo,Africa,Africa,Non-NATO,major_ports_and_terminals,3
Cuba,Central America,North America,Non-NATO,major_ports_and_terminals,34
Austria,Central Europe,Europe,Non-NATO,major_ports_and_terminals,0
Sri Lanka,Asia-Pacific,Asia,Non-NATO,major_ports_and_terminals,6
Belarus,Eastern Europe,Europe,Non-NATO,major_ports_and_terminals,0
Slovakia,Eastern Europe,Europe,NATO,major_ports_and_terminals,0
Qatar,Middle East,Asia,Non-NATO,major_ports_and_terminals,6
Sudan,Africa,Africa,Non-NATO,major_ports_and_terminals,4
Croatia,Balkans,Europe,NATO,major_ports_and_terminals,16
Jordan,Middle East,Asia,Non-NATO,major_ports_and_terminals,1
Libya,Africa,Africa,Non-NATO,major_ports_and_terminals,14
Turkmenistan,Asia,Asia,Non-NATO,major_ports_and_terminals,0
Albania,Balkans,Europe,NATO,major_ports_and_terminals,3
Kuwait,Gulf Powers,Asia,Non-NATO,major_ports_and_terminals,6
Bolivia,Latin America,South America,Non-NATO,major_ports_and_terminals,0
Bahrain,Gulf Powers,Asia,Non-NATO,major_ports_and_terminals,4
Oman,Gulf Powers,Asia,Non-NATO,major_ports_and_terminals,7
Kenya,Africa,Africa,Non-NATO,major_ports_and_terminals,4
Chad,Africa,Africa,Non-NATO,major_ports_and_terminals,0
Yemen,Middle East,Asia,Non-NATO,major_ports_and_terminals,10
New Zealand,Asia-Pacific,Oceania,Non-NATO,major_ports_and_terminals,22
Paraguay,Latin America,South America,Non-NATO,major_ports_and_terminals,1
Lithuania,Northern Europe,Europe,NATO,major_ports_and_terminals,2
Mozambique,Africa,Africa,Non-NATO,major_ports_and_terminals,11
Tunisia,Africa,Africa,Non-NATO,major_ports_and_terminals,16
Armenia,Asia,Asia,Non-NATO,major_ports_and_terminals,0
Tanzania,Africa,Africa,Non-NATO,major_ports_and_terminals,8
Cameroon,Africa,Africa,Non-NATO,major_ports_and_terminals,7
Georgia,Asia,Asia,Non-NATO,major_ports_and_terminals,3
Cambodia,Southeast Asia,Asia,Non-NATO,major_ports_and_terminals,2
Slovenia,Balkans,Europe,NATO,major_ports_and_terminals,2
Ireland,Northern Europe,Europe,Non-NATO,major_ports_and_terminals,21
Mongolia,Asia-Pacific,Asia,Non-NATO,major_ports_and_terminals,0
Latvia,Northern Europe,Europe,NATO,major_ports_and_terminals,5
Uruguay,Latin America,South America,Non-NATO,major_ports_and_terminals,8
Honduras,Central America,North America,Non-NATO,major_ports_and_terminals,8
Ivory Coast,Africa,Africa,Non-NATO,major_ports_and_terminals,5
Guatemala,Central America,North America,Non-NATO,major_ports_and_terminals,3
Mali,Africa,Africa,Non-NATO,major_ports_and_terminals,0
Kyrgyzstan,Asia,Asia,Non-NATO,major_ports_and_terminals,0
Laos,Southeast Asia,Asia,Non-NATO,major_ports_and_terminals,0
Estonia,Northern Europe,Europe,NATO,major_ports_and_terminals,20
Tajikistan,Asia,Asia,Non-NATO,major_ports_and_terminals,0
Zambia,Africa,Africa,Non-NATO,major_ports_and_terminals,0
Ghana,Africa,Africa,Non-NATO,major_ports_and_terminals,4
Zimbabwe,Africa,Africa,Non-NATO,major_ports_and_terminals,0
North Macedonia,Balkans,Europe,Non-NATO,major_ports_and_terminals,0
South Sudan,Africa,Africa,Non-NATO,major_ports_and_terminals,0
Uganda,Africa,Africa,Non-NATO,major_ports_and_terminals,0
Lebanon,Middle East,Asia,Non-NATO,major_ports_and_terminals,5
Namibia,Africa,Africa,Non-NATO,major_ports_and_terminals,2
Luxembourg,Western Europe,Europe,NATO,major_ports_and_terminals,0
Afghanistan,Asia,Asia,Non-NATO,major_ports_and_terminals,0
Niger,Africa,Africa,Non-NATO,major_ports_and_terminals,0
Eritrea,Africa,Africa,Non-NATO,major_ports_and_terminals,2
Republic of the Congo,Africa,Africa,Non-NATO,major_ports_and_terminals,5
Botswana,Africa,Africa,Non-NATO,major_ports_and_terminals,0
Mauritania,Africa,Africa,Non-NATO,major_ports_and_terminals,2
Dominican Republic,Central America,North America,Non-NATO,major_ports_and_terminals,17
Senegal,Africa,Africa,Non-NATO,major_ports_and_terminals,6
Nepal,Asia-Pacific,Asia,Non-NATO,major_ports_and_terminals,0
Montenegro,Balkans,Europe,NATO,major_ports_and_terminals,4
El Salvador,Central America,North America,Non-NATO,major_ports_and_terminals,3
Burkina Faso,Africa,Africa,Non-NATO,major_ports_and_terminals,0
Madagascar,Africa,Africa,Non-NATO,major_ports_and_terminals,13
Nicaragua,Central America,North America,Non-NATO,major_ports_and_terminals,5
Bosnia and Herzegovina,Balkans,Europe,Non-NATO,major_ports_and_terminals,1
Gabon,Africa,Africa,Non-NATO,major_ports_and_terminals,9
Moldova,Eastern Europe,Europe,Non-NATO,major_ports_and_terminals,0
Iceland,Scandinavia,Europe,NATO,major_ports_and_terminals,43
Panama,Central America,North America,Non-NATO,major_ports_and_terminals,12
Beliz,Central America,North America,Non-NATO,major_ports_and_terminals,2
Liberia,Africa,Africa,Non-NATO,major_ports_and_terminals,4
Suriname,Northern South America,South America,Non-NATO,major_ports_and_terminals,4
Sierra Leone,Africa,Africa,Non-NATO,major_ports_and_terminals,3
Kosovo,Southern Europe,Europe,Non-NATO,major_ports_and_terminals,0
Somalia,Africa,Africa,Non-NATO,major_ports_and_terminals,6
Central African Republic,Africa,Africa,Non-NATO,major_ports_and_terminals,0
Benin,Africa,Africa,Non-NATO,major_ports_and_terminals,1
Bhutan,Asia,Asia,Non-NATO,major_ports_and_terminals,0
United States,Northern America,North America,NATO,merchant_marine_strength_by_country,3533
Russia,Eastern Europe,Europe,Non-NATO,merchant_marine_strength_by_country,2910
China,Asia-Pacific,Asia,Non-NATO,merchant_marine_strength_by_country,8314
India,Asia-Pacific,Asia,Non-NATO,merchant_marine_strength_by_country,1859
South Korea,Asia-Pacific,Asia,Non-NATO,merchant_marine_strength_by_country,2149
United Kingdom,Northern Europe,Europe,NATO,merchant_marine_strength_by_country,868
France,Western Europe,Europe,NATO,merchant_marine_strength_by_country,553
Japan,Asia-Pacific,Asia,Non-NATO,merchant_marine_strength_by_country,5229
Turkiye,Middle East,Asia,NATO,merchant_marine_strength_by_country,1170
Italy,Southern Europe,Europe,NATO,merchant_marine_strength_by_country,1276
Brazil,Latin America,South America,Non-NATO,merchant_marine_strength_by_country,888
Pakistan,Asia-Pacific,Asia,Non-NATO,merchant_marine_strength_by_country,60
Indonesia,Southeast Asia,Asia,Non-NATO,merchant_marine_strength_by_country,11422
Germany,Central Europe,Europe,NATO,merchant_marine_strength_by_country,595
Israel,Middle East,Asia,Non-NATO,merchant_marine_strength_by_country,41
Iran,Middle East,Asia,Non-NATO,merchant_marine_strength_by_country,965
Spain,Southern Europe,Europe,NATO,merchant_marine_strength_by_country,503
Australia,Asia-Pacific,Oceania,Non-NATO,merchant_marine_strength_by_country,604
Egypt,Africa,Africa,Non-NATO,merchant_marine_strength_by_country,441
Ukraine,Eastern Europe,Europe,Non-NATO,merchant_marine_strength_by_country,410
Poland,Eastern Europe,Europe,NATO,merchant_marine_strength_by_country,152
Taiwan,Asia-Pacific,Asia,Non-NATO,merchant_marine_strength_by_country,465
Vietnam,Southeast Asia,Asia,Non-NATO,merchant_marine_strength_by_country,1973
Saudi Arabia,Middle East,Asia,Non-NATO,merchant_marine_strength_by_country,433
Thailand,Southeast Asia,Asia,Non-NATO,merchant_marine_strength_by_country,884
Algeria,Africa,Africa,Non-NATO,merchant_marine_strength_by_country,119
Sweden,Scandinavia,Europe,NATO,merchant_marine_strength_by_country,361
Canada,Northern America,North America,NATO,merchant_marine_strength_by_country,716
Singapore,Southeast Asia,Asia,Non-NATO,merchant_marine_strength_by_country,3202
Greece,Southern Europe,Europe,NATO,merchant_marine_strength_by_country,1215
Nigeria,Africa,Africa,Non-NATO,merchant_marine_strength_by_country,928
Mexico,Mexico,North America,Non-NATO,merchant_marine_strength_by_country,674
Argentina,Latin America,South America,Non-NATO,merchant_marine_strength_by_country,201
North Korea,Asia-Pacific,Asia,Non-NATO,merchant_marine_strength_by_country,264
Bangladesh,Asia-Pacific,Asia,Non-NATO,merchant_marine_strength_by_country,558
Netherlands,Western Europe,Europe,NATO,merchant_marine_strength_by_country,1187
Myanmar,Southeast Asia,Asia,Non-NATO,merchant_marine_strength_by_country,101
Norway,Scandinavia,Europe,NATO,merchant_marine_strength_by_country,1720
Portugal,Southern Europe,Europe,NATO,merchant_marine_strength_by_country,996
South Africa,Africa,Africa,Non-NATO,merchant_marine_strength_by_country,110
Philippines,Southeast Asia,Asia,Non-NATO,merchant_marine_strength_by_country,2203
Malaysia,Southeast Asia,Asia,Non-NATO,merchant_marine_strength_by_country,1750
Iraq,Middle East,Asia,Non-NATO,merchant_marine_strength_by_country,74
Switzerland,Central Europe,Europe,Non-NATO,merchant_marine_strength_by_country,17
Denmark,Scandinavia,Europe,NATO,merchant_marine_strength_by_country,715
Colombia,Latin America,South America,Non-NATO,merchant_marine_strength_by_country,153
Chile,Latin America,South America,Non-NATO,merchant_marine_strength_by_country,249
Finland,Scandinavia,Europe,NATO,merchant_marine_strength_by_country,282
Peru,Latin America,South America,Non-NATO,merchant_marine_strength_by_country,111
Venezuela,Latin America,South America,Non-NATO,merchant_marine_strength_by_country,272
Romania,Eastern Europe,Europe,Non-NATO,merchant_marine_strength_by_country,127
Ethiopia,Africa,Africa,Non-NATO,merchant_marine_strength_by_country,12
Czechia,Eastern Europe,Europe,NATO,merchant_marine_strength_by_country,0
United Arab Emirates,Middle East,Asia,Non-NATO,merchant_marine_strength_by_country,655
Hungary,Eastern Europe,Europe,NATO,merchant_marine_strength_by_country,1
Angola,Africa,Africa,Non-NATO,merchant_marine_strength_by_country,64
Kazakhstan,Asia,Asia,Non-NATO,merchant_marine_strength_by_country,122
Uzbekistan,Asia,Asia,Non-NATO,merchant_marine_strength_by_country,0
Morocco,Africa,Africa,Non-NATO,merchant_marine_strength_by_country,94
Azerbaijan,Asia,Asia,Non-NATO,merchant_marine_strength_by_country,312
Belgium,Western Europe,Europe,NATO,merchant_marine_strength_by_country,198
Bulgaria,Eastern Europe,Europe,NATO,merchant_marine_strength_by_country,78
Serbia,Balkans,Europe,Non-NATO,merchant_marine_strength_by_country,0
Syria,Middle East,Asia,Non-NATO,merchant_marine_strength_by_country,24
Ecuador,Latin America,South America,Non-NATO,merchant_marine_strength_by_country,154
Democratic Republic of the Congo,Africa,Africa,Non-NATO,merchant_marine_strength_by_country,24
Cuba,Central America,North America,Non-NATO,merchant_marine_strength_by_country,65
Austria,Central Europe,Europe,Non-NATO,merchant_marine_strength_by_country,1
Sri Lanka,Asia-Pacific,Asia,Non-NATO,merchant_marine_strength_by_country,96
Belarus,Eastern Europe,Europe,Non-NATO,merchant_marine_strength_by_country,4
Slovakia,Eastern Europe,Europe,NATO,merchant_marine_strength_by_country,0
Qatar,Middle East,Asia,Non-NATO,merchant_marine_strength_by_country,123
Sudan,Africa,Africa,Non-NATO,merchant_marine_strength_by_country,14
Croatia,Balkans,Europe,NATO,merchant_marine_strength_by_country,384
Jordan,Middle East,Asia,Non-NATO,merchant_marine_strength_by_country,34
Libya,Africa,Africa,Non-NATO,merchant_marine_strength_by_country,96
Turkmenistan,Asia,Asia,Non-NATO,merchant_marine_strength_by_country,73
Albania,Balkans,Europe,NATO,merchant_marine_strength_by_country,67
Kuwait,Gulf Powers,Asia,Non-NATO,merchant_marine_strength_by_country,176
Bolivia,Latin America,South America,Non-NATO,merchant_marine_strength_by_country,50
Bahrain,Gulf Powers,Asia,Non-NATO,merchant_marine_strength_by_country,184
Oman,Gulf Powers,Asia,Non-NATO,merchant_marine_strength_by_country,57
Kenya,Africa,Africa,Non-NATO,merchant_marine_strength_by_country,26
Chad,Africa,Africa,Non-NATO,merchant_marine_strength_by_country,0
Yemen,Middle East,Asia,Non-NATO,merchant_marine_strength_by_country,30
New Zealand,Asia-Pacific,Oceania,Non-NATO,merchant_marine_strength_by_country,117
Paraguay,Latin America,South America,Non-NATO,merchant_marine_strength_by_country,108
Lithuania,Northern Europe,Europe,NATO,merchant_marine_strength_by_country,59
Mozambique,Africa,Africa,Non-NATO,merchant_marine_strength_by_country,36
Tunisia,Africa,Africa,Non-NATO,merchant_marine_strength_by_country,72
Armenia,Asia,Asia,Non-NATO,merchant_marine_strength_by_country,0
Tanzania,Africa,Africa,Non-NATO,merchant_marine_strength_by_country,381
Cameroon,Africa,Africa,Non-NATO,merchant_marine_strength_by_country,198
Georgia,Asia,Asia,Non-NATO,merchant_marine_strength_by_country,26
Cambodia,Southeast Asia,Asia,Non-NATO,merchant_marine_strength_by_country,195
Slovenia,Balkans,Europe,NATO,merchant_marine_strength_by_country,8
Ireland,Northern Europe,Europe,Non-NATO,merchant_marine_strength_by_country,94
Mongolia,Asia-Pacific,Asia,Non-NATO,merchant_marine_strength_by_country,318
Latvia,Northern Europe,Europe,NATO,merchant_marine_strength_by_country,83
Uruguay,Latin America,South America,Non-NATO,merchant_marine_strength_by_country,58
Honduras,Central America,North America,Non-NATO,merchant_marine_strength_by_country,489
Ivory Coast,Africa,Africa,Non-NATO,merchant_marine_strength_by_country,25
Guatemala,Central America,North America,Non-NATO,merchant_marine_strength_by_country,9
Mali,Africa,Africa,Non-NATO,merchant_marine_strength_by_country,0
Kyrgyzstan,Asia,Asia,Non-NATO,merchant_marine_strength_by_country,0
Laos,Southeast Asia,Asia,Non-NATO,merchant_marine_strength_by_country,1
Estonia,Northern Europe,Europe,NATO,merchant_marine_strength_by_country,72
Tajikistan,Asia,Asia,Non-NATO,merchant_marine_strength_by_country,0
Zambia,Africa,Africa,Non-NATO,merchant_marine_strength_by_country,2
Ghana,Africa,Africa,Non-NATO,merchant_marine_strength_by_country,52
Zimbabwe,Africa,Africa,Non-NATO,merchant_marine_strength_by_country,0
North Macedonia,Balkans,Europe,Non-NATO,merchant_marine_strength_by_country,0
South Sudan,Africa,Africa,Non-NATO,merchant_marine_strength_by_country,0
Uganda,Africa,Africa,Non-NATO,merchant_marine_strength_by_country,0
Lebanon,Middle East,Asia,Non-NATO,merchant_marine_strength_by_country,51
Namibia,Africa,Africa,Non-NATO,merchant_marine_strength_by_country,15
Luxembourg,Western Europe,Europe,NATO,merchant_marine_strength_by_country,147
Afghanistan,Asia,Asia,Non-NATO,merchant_marine_strength_by_country,0
Niger,Africa,Africa,Non-NATO,merchant_marine_strength_by_country,0
Eritrea,Africa,Africa,Non-NATO,merchant_marine_strength_by_country,9
Republic of the Congo,Africa,Africa,Non-NATO,merchant_marine_strength_by_country,11
Botswana,Africa,Africa,Non-NATO,merchant_marine_strength_by_country,0
Mauritania,Africa,Africa,Non-NATO,merchant_marine_strength_by_country,11
Dominican Republic,Central America,North America,Non-NATO,merchant_marine_strength_by_country,40
Senegal,Africa,Africa,Non-NATO,merchant_marine_strength_by_country,36
Nepal,Asia-Pacific,Asia,Non-NATO,merchant_marine_strength_by_country,0
Montenegro,Balkans,Europe,NATO,merchant_marine_strength_by_country,18
El Salvador,Central America,North America,Non-NATO,merchant_marine_strength_by_country,5
Burkina Faso,Africa,Africa,Non-NATO,merchant_marine_strength_by_country,0
Madagascar,Africa,Africa,Non-NATO,merchant_marine_strength_by_country,29
Nicaragua,Central America,North America,Non-NATO,merchant_marine_strength_by_country,5
Bosnia and Herzegovina,Balkans,Europe,Non-NATO,merchant_marine_strength_by_country,0
Gabon,Africa,Africa,Non-NATO,merchant_marine_strength_by_country,87
Moldova,Eastern Europe,Europe,Non-NATO,merchant_marine_strength_by_country,75
Iceland,Scandinavia,Europe,NATO,merchant_marine_strength_by_country,39
Panama,Central America,North America,Non-NATO,merchant_marine_strength_by_country,8174
Beliz,Central America,North America,Non-NATO,merchant_marine_strength_by_country,774
Liberia,Africa,Africa,Non-NATO,merchant_marine_strength_by_country,4821
Suriname,Northern South America,South America,Non-NATO,merchant_marine_strength_by_country,13
Sierra Leone,Africa,Africa,Non-NATO,merchant_marine_strength_by_country,584
Kosovo,Southern Europe,Europe,Non-NATO,merchant_marine_strength_by_country,0
Somalia,Africa,Africa,Non-NATO,merchant_marine_strength_by_country,4
Central African Republic,Africa,Africa,Non-NATO,merchant_marine_strength_by_country,0
Benin,Africa,Africa,Non-NATO,merchant_marine_strength_by_country,6
Bhutan,Asia,Asia,Non-NATO,merchant_marine_strength_by_country,0
United States,Northern America,North America,NATO,railway_coverage,293564
Russia,Eastern Europe,Europe,Non-NATO,railway_coverage,85494
China,Asia-Pacific,Asia,Non-NATO,railway_coverage,150000
India,Asia-Pacific,Asia,Non-NATO,railway_coverage,65554
South Korea,Asia-Pacific,Asia,Non-NATO,railway_coverage,3979
United Kingdom,Northern Europe,Europe,NATO,railway_coverage,16390
France,Western Europe,Europe,NATO,railway_coverage,27860
Japan,Asia-Pacific,Asia,Non-NATO,railway_coverage,27311
Turkiye,Middle East,Asia,NATO,railway_coverage,11497
Italy,Southern Europe,Europe,NATO,railway_coverage,18475
Brazil,Latin America,South America,Non-NATO,railway_coverage,29850
Pakistan,Asia-Pacific,Asia,Non-NATO,railway_coverage,11881
Indonesia,Southeast Asia,Asia,Non-NATO,railway_coverage,8159
Germany,Central Europe,Europe,NATO,railway_coverage,39379
Israel,Middle East,Asia,Non-NATO,railway_coverage,1497
Iran,Middle East,Asia,Non-NATO,railway_coverage,8484
Spain,Southern Europe,Europe,NATO,railway_coverage,15489
Australia,Asia-Pacific,Oceania,Non-NATO,railway_coverage,36064
Egypt,Africa,Africa,Non-NATO,railway_coverage,5085
Ukraine,Eastern Europe,Europe,Non-NATO,railway_coverage,21733
Poland,Eastern Europe,Europe,NATO,railway_coverage,19461
Taiwan,Asia-Pacific,Asia,Non-NATO,railway_coverage,1613
Vietnam,Southeast Asia,Asia,Non-NATO,railway_coverage,2600
Saudi Arabia,Middle East,Asia,Non-NATO,railway_coverage,5410
Thailand,Southeast Asia,Asia,Non-NATO,railway_coverage,4127
Algeria,Africa,Africa,Non-NATO,railway_coverage,4020
Sweden,Scandinavia,Europe,NATO,railway_coverage,10910
Canada,Northern America,North America,NATO,railway_coverage,4942
Singapore,Southeast Asia,Asia,Non-NATO,railway_coverage,0
Greece,Southern Europe,Europe,NATO,railway_coverage,2345
Nigeria,Africa,Africa,Non-NATO,railway_coverage,3798
Mexico,Mexico,North America,Non-NATO,railway_coverage,23389
Argentina,Latin America,South America,Non-NATO,railway_coverage,17866
North Korea,Asia-Pacific,Asia,Non-NATO,railway_coverage,7435
Bangladesh,Asia-Pacific,Asia,Non-NATO,railway_coverage,2460
Netherlands,Western Europe,Europe,NATO,railway_coverage,3055
Myanmar,Southeast Asia,Asia,Non-NATO,railway_coverage,5031
Norway,Scandinavia,Europe,NATO,railway_coverage,3848
Portugal,Southern Europe,Europe,NATO,railway_coverage,3622
South Africa,Africa,Africa,Non-NATO,railway_coverage,20986
Philippines,Southeast Asia,Asia,Non-NATO,railway_coverage,77
Malaysia,Southeast Asia,Asia,Non-NATO,railway_coverage,1851
Iraq,Middle East,Asia,Non-NATO,railway_coverage,2272
Switzerland,Central Europe,Europe,Non-NATO,railway_coverage,5296
Denmark,Scandinavia,Europe,NATO,railway_coverage,2682
Colombia,Latin America,South America,Non-NATO,railway_coverage,2141
Chile,Latin America,South America,Non-NATO,railway_coverage,7282
Finland,Scandinavia,Europe,NATO,railway_coverage,5918
Peru,Latin America,South America,Non-NATO,railway_coverage,1855
Venezuela,Latin America,South America,Non-NATO,railway_coverage,447
Romania,Eastern Europe,Europe,Non-NATO,railway_coverage,10628
Ethiopia,Africa,Africa,Non-NATO,railway_coverage,659
Czechia,Eastern Europe,Europe,NATO,railway_coverage,9548
United Arab Emirates,Middle East,Asia,Non-NATO,railway_coverage,0
Hungary,Eastern Europe,Europe,NATO,railway_coverage,7687
Angola,Africa,Africa,Non-NATO,railway_coverage,2761
Kazakhstan,Asia,Asia,Non-NATO,railway_coverage,16636
Uzbekistan,Asia,Asia,Non-NATO,railway_coverage,4642
Morocco,Africa,Africa,Non-NATO,railway_coverage,2067
Azerbaijan,Asia,Asia,Non-NATO,railway_coverage,2944
Belgium,Western Europe,Europe,NATO,railway_coverage,3602
Bulgaria,Eastern Europe,Europe,NATO,railway_coverage,4029
Serbia,Balkans,Europe,Non-NATO,railway_coverage,3333
Syria,Middle East,Asia,Non-NATO,railway_coverage,2052
Ecuador,Latin America,South America,Non-NATO,railway_coverage,965
Democratic Republic of the Congo,Africa,Africa,Non-NATO,railway_coverage,4007
Cuba,Central America,North America,Non-NATO,railway_coverage,8367
Austria,Central Europe,Europe,Non-NATO,railway_coverage,6123
Sri Lanka,Asia-Pacific,Asia,Non-NATO,railway_coverage,1562
Belarus,Eastern Europe,Europe,Non-NATO,railway_coverage,5528
Slovakia,Eastern Europe,Europe,NATO,railway_coverage,3627
Qatar,Middle East,Asia,Non-NATO,railway_coverage,0
Sudan,Africa,Africa,Non-NATO,railway_coverage,7251
Croatia,Balkans,Europe,NATO,railway_coverage,2617
Jordan,Middle East,Asia,Non-NATO,railway_coverage,509
Libya,Africa,Africa,Non-NATO,railway_coverage,2000
Turkmenistan,Asia,Asia,Non-NATO,railway_coverage,5113
Albania,Balkans,Europe,NATO,railway_coverage,424
Kuwait,Gulf Powers,Asia,Non-NATO,railway_coverage,0
Bolivia,Latin America,South America,Non-NATO,railway_coverage,3690
Bahrain,Gulf Powers,Asia,Non-NATO,railway_coverage,0
Oman,Gulf Powers,Asia,Non-NATO,railway_coverage,0
Kenya,Africa,Africa,Non-NATO,railway_coverage,3819
Chad,Africa,Africa,Non-NATO,railway_coverage,0
Yemen,Middle East,Asia,Non-NATO,railway_coverage,0
New Zealand,Asia-Pacific,Oceania,Non-NATO,railway_coverage,4128
Paraguay,Latin America,South America,Non-NATO,railway_coverage,30
Lithuania,Northern Europe,Europe,NATO,railway_coverage,1911
Mozambique,Africa,Africa,Non-NATO,railway_coverage,4787
Tunisia,Africa,Africa,Non-NATO,railway_coverage,2173
Armenia,Asia,Asia,Non-NATO,railway_coverage,686
Tanzania,Africa,Africa,Non-NATO,railway_coverage,4097
Cameroon,Africa,Africa,Non-NATO,railway_coverage,987
Georgia,Asia,Asia,Non-NATO,railway_coverage,1363
Cambodia,Southeast Asia,Asia,Non-NATO,railway_coverage,642
Slovenia,Balkans,Europe,NATO,railway_coverage,1207
Ireland,Northern Europe,Europe,Non-NATO,railway_coverage,1688
Mongolia,Asia-Pacific,Asia,Non-NATO,railway_coverage,1815
Latvia,Northern Europe,Europe,NATO,railway_coverage,2216
Uruguay,Latin America,South America,Non-NATO,railway_coverage,1673
Honduras,Central America,North America,Non-NATO,railway_coverage,699
Ivory Coast,Africa,Africa,Non-NATO,railway_coverage,660
Guatemala,Central America,North America,Non-NATO,railway_coverage,800
Mali,Africa,Africa,Non-NATO,railway_coverage,593
Kyrgyzstan,Asia,Asia,Non-NATO,railway_coverage,424
Laos,Southeast Asia,Asia,Non-NATO,railway_coverage,422
Estonia,Northern Europe,Europe,NATO,railway_coverage,1441
Tajikistan,Asia,Asia,Non-NATO,railway_coverage,680
Zambia,Africa,Africa,Non-NATO,railway_coverage,3126
Ghana,Africa,Africa,Non-NATO,railway_coverage,947
Zimbabwe,Africa,Africa,Non-NATO,railway_coverage,3427
North Macedonia,Balkans,Europe,Non-NATO,railway_coverage,699
South Sudan,Africa,Africa,Non-NATO,railway_coverage,248
Uganda,Africa,Africa,Non-NATO,railway_coverage,1244
Lebanon,Middle East,Asia,Non-NATO,railway_coverage,401
Namibia,Africa,Africa,Non-NATO,railway_coverage,2628
Luxembourg,Western Europe,Europe,NATO,railway_coverage,271
Afghanistan,Asia,Asia,Non-NATO,railway_coverage,0
Niger,Africa,Africa,Non-NATO,railway_coverage,0
Eritrea,Africa,Africa,Non-NATO,railway_coverage,306
Republic of the Congo,Africa,Africa,Non-NATO,railway_coverage,510
Botswana,Africa,Africa,Non-NATO,railway_coverage,888
Mauritania,Africa,Africa,Non-NATO,railway_coverage,728
Dominican Republic,Central America,North America,Non-NATO,railway_coverage,496
Senegal,Africa,Africa,Non-NATO,railway_coverage,906
Nepal,Asia-Pacific,Asia,Non-NATO,railway_coverage,59
Montenegro,Balkans,Europe,NATO,railway_coverage,250
El Salvador,Central America,North America,Non-NATO,railway_coverage,13
Burkina Faso,Africa,Africa,Non-NATO,railway_coverage,622
Madagascar,Africa,Africa,Non-NATO,railway_coverage,836
Nicaragua,Central America,North America,Non-NATO,railway_coverage,0
Bosnia and Herzegovina,Balkans,Europe,Non-NATO,railway_coverage,965
Gabon,Africa,Africa,Non-NATO,railway_coverage,649
Moldova,Eastern Europe,Europe,Non-NATO,railway_coverage,1171
Iceland,Scandinavia,Europe,NATO,railway_coverage,0
Panama,Central America,North America,Non-NATO,railway_coverage,77
Beliz,Central America,North America,Non-NATO,railway_coverage,0
Liberia,Africa,Africa,Non-NATO,railway_coverage,429
Suriname,Northern South America,South America,Non-NATO,railway_coverage,0
Sierra Leone,Africa,Africa,Non-NATO,railway_coverage,0
Kosovo,Southern Europe,Europe,Non-NATO,railway_coverage,437
Somalia,Africa,Africa,Non-NATO,railway_coverage,0
Central African Republic,Africa,Africa,Non-NATO,railway_coverage,0
Benin,Africa,Africa,Non-NATO,railway_coverage,438
Bhutan,Asia,Asia,Non-NATO,railway_coverage,0
United States,Northern America,North America,NATO,roadway_coverage,6586610
Russia,Eastern Europe,Europe,Non-NATO,roadway_coverage,1283387
China,Asia-Pacific,Asia,Non-NATO,roadway_coverage,5200000
India,Asia-Pacific,Asia,Non-NATO,roadway_coverage,6371847
South Korea,Asia-Pacific,Asia,Non-NATO,roadway_coverage,100428
United Kingdom,Northern Europe,Europe,NATO,roadway_coverage,394428
France,Western Europe,Europe,NATO,roadway_coverage,1053215
Japan,Asia-Pacific,Asia,Non-NATO,roadway_coverage,1218772
Turkiye,Middle East,Asia,NATO,roadway_coverage,67333
Italy,Southern Europe,Europe,NATO,roadway_coverage,487700
Brazil,Latin America,South America,Non-NATO,roadway_coverage,2000000
Pakistan,Asia-Pacific,Asia,Non-NATO,roadway_coverage,264175
Indonesia,Southeast Asia,Asia,Non-NATO,roadway_coverage,496607
Germany,Central Europe,Europe,NATO,roadway_coverage,830000
Israel,Middle East,Asia,Non-NATO,roadway_coverage,20391
Iran,Middle East,Asia,Non-NATO,roadway_coverage,223485
Spain,Southern Europe,Europe,NATO,roadway_coverage,683175
Australia,Asia-Pacific,Oceania,Non-NATO,roadway_coverage,873573
Egypt,Africa,Africa,Non-NATO,roadway_coverage,65050
Ukraine,Eastern Europe,Europe,Non-NATO,roadway_coverage,169694
Poland,Eastern Europe,Europe,NATO,roadway_coverage,420000
Taiwan,Asia-Pacific,Asia,Non-NATO,roadway_coverage,43206
Vietnam,Southeast Asia,Asia,Non-NATO,roadway_coverage,195468
Saudi Arabia,Middle East,Asia,Non-NATO,roadway_coverage,221372
Thailand,Southeast Asia,Asia,Non-NATO,roadway_coverage,180053
Algeria,Africa,Africa,Non-NATO,roadway_coverage,104000
Sweden,Scandinavia,Europe,NATO,roadway_coverage,573134
Canada,Northern America,North America,NATO,roadway_coverage,1042300
Singapore,Southeast Asia,Asia,Non-NATO,roadway_coverage,3500
Greece,Southern Europe,Europe,NATO,roadway_coverage,117000
Nigeria,Africa,Africa,Non-NATO,roadway_coverage,195000
Mexico,Mexico,North America,Non-NATO,roadway_coverage,704884
Argentina,Latin America,South America,Non-NATO,roadway_coverage,281290
North Korea,Asia-Pacific,Asia,Non-NATO,roadway_coverage,25554
Bangladesh,Asia-Pacific,Asia,Non-NATO,roadway_coverage,369105
Netherlands,Western Europe,Europe,NATO,roadway_coverage,139124
Myanmar,Southeast Asia,Asia,Non-NATO,roadway_coverage,157000
Norway,Scandinavia,Europe,NATO,roadway_coverage,94902
Portugal,Southern Europe,Europe,NATO,roadway_coverage,136635
South Africa,Africa,Africa,Non-NATO,roadway_coverage,750000
Philippines,Southeast Asia,Asia,Non-NATO,roadway_coverage,216387
Malaysia,Southeast Asia,Asia,Non-NATO,roadway_coverage,144403
Iraq,Middle East,Asia,Non-NATO,roadway_coverage,59623
Switzerland,Central Europe,Europe,Non-NATO,roadway_coverage,71557
Denmark,Scandinavia,Europe,NATO,roadway_coverage,74558
Colombia,Latin America,South America,Non-NATO,roadway_coverage,205379
Chile,Latin America,South America,Non-NATO,roadway_coverage,77801
Finland,Scandinavia,Europe,NATO,roadway_coverage,454000
Peru,Latin America,South America,Non-NATO,roadway_coverage,18699
Venezuela,Latin America,South America,Non-NATO,roadway_coverage,96189
Romania,Eastern Europe,Europe,Non-NATO,roadway_coverage,84185
Ethiopia,Africa,Africa,Non-NATO,roadway_coverage,120171
Czechia,Eastern Europe,Europe,NATO,roadway_coverage,55744
United Arab Emirates,Middle East,Asia,Non-NATO,roadway_coverage,4080
Hungary,Eastern Europe,Europe,NATO,roadway_coverage,203601
Angola,Africa,Africa,Non-NATO,roadway_coverage,26000
Kazakhstan,Asia,Asia,Non-NATO,roadway_coverage,96167
Uzbekistan,Asia,Asia,Non-NATO,roadway_coverage,86496
Morocco,Africa,Africa,Non-NATO,roadway_coverage,57300
Azerbaijan,Asia,Asia,Non-NATO,roadway_coverage,24981
Belgium,Western Europe,Europe,NATO,roadway_coverage,118414
Bulgaria,Eastern Europe,Europe,NATO,roadway_coverage,19512
Serbia,Balkans,Europe,Non-NATO,roadway_coverage,44248
Syria,Middle East,Asia,Non-NATO,roadway_coverage,69873
Ecuador,Latin America,South America,Non-NATO,roadway_coverage,43950
Democratic Republic of the Congo,Africa,Africa,Non-NATO,roadway_coverage,152373
Cuba,Central America,North America,Non-NATO,roadway_coverage,60000
Austria,Central Europe,Europe,Non-NATO,roadway_coverage,137039
Sri Lanka,Asia-Pacific,Asia,Non-NATO,roadway_coverage,114093
Belarus,Eastern Europe,Europe,Non-NATO,roadway_coverage,86600
Slovakia,Eastern Europe,Europe,NATO,roadway_coverage,56926
Qatar,Middle East,Asia,Non-NATO,roadway_coverage,7039
Sudan,Africa,Africa,Non-NATO,roadway_coverage,31000
Croatia,Balkans,Europe,NATO,roadway_coverage,26958
Jordan,Middle East,Asia,Non-NATO,roadway_coverage,7203
Libya,Africa,Africa,Non-NATO,roadway_coverage,37000
Turkmenistan,Asia,Asia,Non-NATO,roadway_coverage,58592
Albania,Balkans,Europe,NATO,roadway_coverage,3945
Kuwait,Gulf Powers,Asia,Non-NATO,roadway_coverage,5749
Bolivia,Latin America,South America,Non-NATO,roadway_coverage,90568
Bahrain,Gulf Powers,Asia,Non-NATO,roadway_coverage,4122
Oman,Gulf Powers,Asia,Non-NATO,roadway_coverage,60230
Kenya,Africa,Africa,Non-NATO,roadway_coverage,161452
Chad,Africa,Africa,Non-NATO,roadway_coverage,40000
Yemen,Middle East,Asia,Non-NATO,roadway_coverage,71300
New Zealand,Asia-Pacific,Oceania,Non-NATO,roadway_coverage,94000
Paraguay,Latin America,South America,Non-NATO,roadway_coverage,78811
Lithuania,Northern Europe,Europe,NATO,roadway_coverage,84166
Mozambique,Africa,Africa,Non-NATO,roadway_coverage,31083
Tunisia,Africa,Africa,Non-NATO,roadway_coverage,20000
Armenia,Asia,Asia,Non-NATO,roadway_coverage,7700
Tanzania,Africa,Africa,Non-NATO,roadway_coverage,145203
Cameroon,Africa,Africa,Non-NATO,roadway_coverage,77589
Georgia,Asia,Asia,Non-NATO,roadway_coverage,20295
Cambodia,Southeast Asia,Asia,Non-NATO,roadway_coverage,47263
Slovenia,Balkans,Europe,NATO,roadway_coverage,38985
Ireland,Northern Europe,Europe,Non-NATO,roadway_coverage,99830
Mongolia,Asia-Pacific,Asia,Non-NATO,roadway_coverage,113200
Latvia,Northern Europe,Europe,NATO,roadway_coverage,70244
Uruguay,Latin America,South America,Non-NATO,roadway_coverage,77732
Honduras,Central America,North America,Non-NATO,roadway_coverage,14742
Ivory Coast,Africa,Africa,Non-NATO,roadway_coverage,81996
Guatemala,Central America,North America,Non-NATO,roadway_coverage,17440
Mali,Africa,Africa,Non-NATO,roadway_coverage,139107
Kyrgyzstan,Asia,Asia,Non-NATO,roadway_coverage,34000
Laos,Southeast Asia,Asia,Non-NATO,roadway_coverage,39568
Estonia,Northern Europe,Europe,NATO,roadway_coverage,58412
Tajikistan,Asia,Asia,Non-NATO,roadway_coverage,30000
Zambia,Africa,Africa,Non-NATO,roadway_coverage,67671
Ghana,Africa,Africa,Non-NATO,roadway_coverage,65725
Zimbabwe,Africa,Africa,Non-NATO,roadway_coverage,97267
North Macedonia,Balkans,Europe,Non-NATO,roadway_coverage,14182
South Sudan,Africa,Africa,Non-NATO,roadway_coverage,90200
Uganda,Africa,Africa,Non-NATO,roadway_coverage,20544
Lebanon,Middle East,Asia,Non-NATO,roadway_coverage,21705
Namibia,Africa,Africa,Non-NATO,roadway_coverage,48875
Luxembourg,Western Europe,Europe,NATO,roadway_coverage,2875
Afghanistan,Asia,Asia,Non-NATO,roadway_coverage,34903
Niger,Africa,Africa,Non-NATO,roadway_coverage,18949
Eritrea,Africa,Africa,Non-NATO,roadway_coverage,16000
Republic of the Congo,Africa,Africa,Non-NATO,roadway_coverage,23324
Botswana,Africa,Africa,Non-NATO,roadway_coverage,31747
Mauritania,Africa,Africa,Non-NATO,roadway_coverage,12253
Dominican Republic,Central America,North America,Non-NATO,roadway_coverage,19705
Senegal,Africa,Africa,Non-NATO,roadway_coverage,16665
Nepal,Asia-Pacific,Asia,Non-NATO,roadway_coverage,27990
Montenegro,Balkans,Europe,NATO,roadway_coverage,7762
El Salvador,Central America,North America,Non-NATO,roadway_coverage,9012
Burkina Faso,Africa,Africa,Non-NATO,roadway_coverage,15304
Madagascar,Africa,Africa,Non-NATO,roadway_coverage,31640
Nicaragua,Central America,North America,Non-NATO,roadway_coverage,23897
Bosnia and Herzegovina,Balkans,Europe,Non-NATO,roadway_coverage,22926
Gabon,Africa,Africa,Non-NATO,roadway_coverage,14300
Moldova,Eastern Europe,Europe,Non-NATO,roadway_coverage,9352
Iceland,Scandinavia,Europe,NATO,roadway_coverage,12898
Panama,Central America,North America,Non-NATO,roadway_coverage,11978
Beliz,Central America,North America,Non-NATO,roadway_coverage,3281
Liberia,Africa,Africa,Non-NATO,roadway_coverage,10600
Suriname,Northern South America,South America,Non-NATO,roadway_coverage,4304
Sierra Leone,Africa,Africa,Non-NATO,roadway_coverage,11701
Kosovo,Southern Europe,Europe,Non-NATO,roadway_coverage,2012
Somalia,Africa,Africa,Non-NATO,roadway_coverage,15000
Central African Republic,Africa,Africa,Non-NATO,roadway_coverage,24000
Benin,Africa,Africa,Non-NATO,roadway_coverage,16000
Bhutan,Asia,Asia,Non-NATO,roadway_coverage,12205
United States,Northern America,North America,NATO,oil_production_by_country,20879000
Russia,Eastern Europe,Europe,Non-NATO,oil_production_by_country,10727000
China,Asia-Pacific,Asia,Non-NATO,oil_production_by_country,4984000
India,Asia-Pacific,Asia,Non-NATO,oil_production_by_country,795000
South Korea,Asia-Pacific,Asia,Non-NATO,oil_production_by_country,38000
United Kingdom,Northern Europe,Europe,NATO,oil_production_by_country,753000
France,Western Europe,Europe,NATO,oil_production_by_country,80000
Japan,Asia-Pacific,Asia,Non-NATO,oil_production_by_country,8000
Turkiye,Middle East,Asia,NATO,oil_production_by_country,83000
Italy,Southern Europe,Europe,NATO,oil_production_by_country,116000
Brazil,Latin America,South America,Non-NATO,oil_production_by_country,4221000
Pakistan,Asia-Pacific,Asia,Non-NATO,oil_production_by_country,101000
Indonesia,Southeast Asia,Asia,Non-NATO,oil_production_by_country,865000
Germany,Central Europe,Europe,NATO,oil_production_by_country,131000
Israel,Middle East,Asia,Non-NATO,oil_production_by_country,15000
Iran,Middle East,Asia,Non-NATO,oil_production_by_country,3985000
Spain,Southern Europe,Europe,NATO,oil_production_by_country,47000
Australia,Asia-Pacific,Oceania,Non-NATO,oil_production_by_country,386000
Egypt,Africa,Africa,Non-NATO,oil_production_by_country,667000
Ukraine,Eastern Europe,Europe,Non-NATO,oil_production_by_country,3000
Poland,Eastern Europe,Europe,NATO,oil_production_by_country,24000
Taiwan,Asia-Pacific,Asia,Non-NATO,oil_production_by_country,800
Vietnam,Southeast Asia,Asia,Non-NATO,oil_production_by_country,187000
Saudi Arabia,Middle East,Asia,Non-NATO,oil_production_by_country,11113000
Thailand,Southeast Asia,Asia,Non-NATO,oil_production_by_country,386000
Algeria,Africa,Africa,Non-NATO,oil_production_by_country,1443000
Sweden,Scandinavia,Europe,NATO,oil_production_by_country,11000
Canada,Northern America,North America,NATO,oil_production_by_country,5692000
Singapore,Southeast Asia,Asia,Non-NATO,oil_production_by_country,0
Greece,Southern Europe,Europe,NATO,oil_production_by_country,5000
Nigeria,Africa,Africa,Non-NATO,oil_production_by_country,1541000
Mexico,Mexico,North America,Non-NATO,oil_production_by_country,2101000
Argentina,Latin America,South America,Non-NATO,oil_production_by_country,807000
North Korea,Asia-Pacific,Asia,Non-NATO,oil_production_by_country,0
Bangladesh,Asia-Pacific,Asia,Non-NATO,oil_production_by_country,13000
Netherlands,Western Europe,Europe,NATO,oil_production_by_country,70000
Myanmar,Southeast Asia,Asia,Non-NATO,oil_production_by_country,7000
Norway,Scandinavia,Europe,NATO,oil_production_by_country,2020000
Portugal,Southern Europe,Europe,NATO,oil_production_by_country,12932
South Africa,Africa,Africa,Non-NATO,oil_production_by_country,95000
Philippines,Southeast Asia,Asia,Non-NATO,oil_production_by_country,10000
Malaysia,Southeast Asia,Asia,Non-NATO,oil_production_by_country,582000
Iraq,Middle East,Asia,Non-NATO,oil_production_by_country,4437000
Switzerland,Central Europe,Europe,Non-NATO,oil_production_by_country,300
Denmark,Scandinavia,Europe,NATO,oil_production_by_country,63000
Colombia,Latin America,South America,Non-NATO,oil_production_by_country,800000
Chile,Latin America,South America,Non-NATO,oil_production_by_country,11000
Finland,Scandinavia,Europe,NATO,oil_production_by_country,8000
Peru,Latin America,South America,Non-NATO,oil_production_by_country,118000
Venezuela,Latin America,South America,Non-NATO,oil_production_by_country,761000
Romania,Eastern Europe,Europe,Non-NATO,oil_production_by_country,67000
Ethiopia,Africa,Africa,Non-NATO,oil_production_by_country,0
Czechia,Eastern Europe,Europe,NATO,oil_production_by_country,4000
United Arab Emirates,Middle East,Asia,Non-NATO,oil_production_by_country,4146000
Hungary,Eastern Europe,Europe,NATO,oil_production_by_country,36000
Angola,Africa,Africa,Non-NATO,oil_production_by_country,1175000
Kazakhstan,Asia,Asia,Non-NATO,oil_production_by_country,1955000
Uzbekistan,Asia,Asia,Non-NATO,oil_production_by_country,64000
Morocco,Africa,Africa,Non-NATO,oil_production_by_country,25
Azerbaijan,Asia,Asia,Non-NATO,oil_production_by_country,618000
Belgium,Western Europe,Europe,NATO,oil_production_by_country,11000
Bulgaria,Eastern Europe,Europe,NATO,oil_production_by_country,4000
Serbia,Balkans,Europe,Non-NATO,oil_production_by_country,13000
Syria,Middle East,Asia,Non-NATO,oil_production_by_country,75000
Ecuador,Latin America,South America,Non-NATO,oil_production_by_country,480000
Democratic Republic of the Congo,Africa,Africa,Non-NATO,oil_production_by_country,19000
Cuba,Central America,North America,Non-NATO,oil_production_by_country,34000
Austria,Central Europe,Europe,Non-NATO,oil_production_by_country,18000
Sri Lanka,Asia-Pacific,Asia,Non-NATO,oil_production_by_country,0
Belarus,Eastern Europe,Europe,Non-NATO,oil_production_by_country,30000
Slovakia,Eastern Europe,Europe,NATO,oil_production_by_country,7000
Qatar,Middle East,Asia,Non-NATO,oil_production_by_country,1815000
Sudan,Africa,Africa,Non-NATO,oil_production_by_country,68000
Croatia,Balkans,Europe,NATO,oil_production_by_country,11000
Jordan,Middle East,Asia,Non-NATO,oil_production_by_country,20
Libya,Africa,Africa,Non-NATO,oil_production_by_country,1245000
Turkmenistan,Asia,Asia,Non-NATO,oil_production_by_country,272000
Albania,Balkans,Europe,NATO,oil_production_by_country,1400
Kuwait,Gulf Powers,Asia,Non-NATO,oil_production_by_country,2910000
Bolivia,Latin America,South America,Non-NATO,oil_production_by_country,58000
Bahrain,Gulf Powers,Asia,Non-NATO,oil_production_by_country,189000
Oman,Gulf Powers,Asia,Non-NATO,oil_production_by_country,1056000
Kenya,Africa,Africa,Non-NATO,oil_production_by_country,0
Chad,Africa,Africa,Non-NATO,oil_production_by_country,124000
Yemen,Middle East,Asia,Non-NATO,oil_production_by_country,15000
New Zealand,Asia-Pacific,Oceania,Non-NATO,oil_production_by_country,12000
Paraguay,Latin America,South America,Non-NATO,oil_production_by_country,2000
Lithuania,Northern Europe,Europe,NATO,oil_production_by_country,4000
Mozambique,Africa,Africa,Non-NATO,oil_production_by_country,0
Tunisia,Africa,Africa,Non-NATO,oil_production_by_country,35000
Armenia,Asia,Asia,Non-NATO,oil_production_by_country,0
Tanzania,Africa,Africa,Non-NATO,oil_production_by_country,0
Cameroon,Africa,Africa,Non-NATO,oil_production_by_country,54000
Georgia,Asia,Asia,Non-NATO,oil_production_by_country,300
Cambodia,Southeast Asia,Asia,Non-NATO,oil_production_by_country,0
Slovenia,Balkans,Europe,NATO,oil_production_by_country,0
Ireland,Northern Europe,Europe,Non-NATO,oil_production_by_country,600
Mongolia,Asia-Pacific,Asia,Non-NATO,oil_production_by_country,15000
Latvia,Northern Europe,Europe,NATO,oil_production_by_country,2000
Uruguay,Latin America,South America,Non-NATO,oil_production_by_country,400
Honduras,Central America,North America,Non-NATO,oil_production_by_country,20
Ivory Coast,Africa,Africa,Non-NATO,oil_production_by_country,29000
Guatemala,Central America,North America,Non-NATO,oil_production_by_country,6000
Mali,Africa,Africa,Non-NATO,oil_production_by_country,0
Kyrgyzstan,Asia,Asia,Non-NATO,oil_production_by_country,6000
Laos,Southeast Asia,Asia,Non-NATO,oil_production_by_country,0
Estonia,Northern Europe,Europe,NATO,oil_production_by_country,24000
Tajikistan,Asia,Asia,Non-NATO,oil_production_by_country,300
Zambia,Africa,Africa,Non-NATO,oil_production_by_country,0
Ghana,Africa,Africa,Non-NATO,oil_production_by_country,174000
Zimbabwe,Africa,Africa,Non-NATO,oil_production_by_country,800
North Macedonia,Balkans,Europe,Non-NATO,oil_production_by_country,0
South Sudan,Africa,Africa,Non-NATO,oil_production_by_country,146000
Uganda,Africa,Africa,Non-NATO,oil_production_by_country,0
Lebanon,Middle East,Asia,Non-NATO,oil_production_by_country,0
Namibia,Africa,Africa,Non-NATO,oil_production_by_country,0
Luxembourg,Western Europe,Europe,NATO,oil_production_by_country,0
Afghanistan,Asia,Asia,Non-NATO,oil_production_by_country,0
Niger,Africa,Africa,Non-NATO,oil_production_by_country,6000
Eritrea,Africa,Africa,Non-NATO,oil_production_by_country,0
Republic of the Congo,Africa,Africa,Non-NATO,oil_production_by_country,267000
Botswana,Africa,Africa,Non-NATO,oil_production_by_country,0
Mauritania,Africa,Africa,Non-NATO,oil_production_by_country,0
Dominican Republic,Central America,North America,Non-NATO,oil_production_by_country,0
Senegal,Africa,Africa,Non-NATO,oil_production_by_country,9000
Nepal,Asia-Pacific,Asia,Non-NATO,oil_production_by_country,0
Montenegro,Balkans,Europe,NATO,oil_production_by_country,0
El Salvador,Central America,North America,Non-NATO,oil_production_by_country,3
Burkina Faso,Africa,Africa,Non-NATO,oil_production_by_country,0
Madagascar,Africa,Africa,Non-NATO,oil_production_by_country,0
Nicaragua,Central America,North America,Non-NATO,oil_production_by_country,200
Bosnia and Herzegovina,Balkans,Europe,Non-NATO,oil_production_by_country,0
Gabon,Africa,Africa,Non-NATO,oil_production_by_country,204000
Moldova,Eastern Europe,Europe,Non-NATO,oil_production_by_country,0
Iceland,Scandinavia,Europe,NATO,oil_production_by_country,0
Panama,Central America,North America,Non-NATO,oil_production_by_country,0
Beliz,Central America,North America,Non-NATO,oil_production_by_country,800
Liberia,Africa,Africa,Non-NATO,oil_production_by_country,0
Suriname,Northern South America,South America,Non-NATO,oil_production_by_country,14000
Sierra Leone,Africa,Africa,Non-NATO,oil_production_by_country,0
Kosovo,Southern Europe,Europe,Non-NATO,oil_production_by_country,0
Somalia,Africa,Africa,Non-NATO,oil_production_by_country,0
Central African Republic,Africa,Africa,Non-NATO,oil_production_by_country,0
Benin,Africa,Africa,Non-NATO,oil_production_by_country,0
Bhutan,Asia,Asia,Non-NATO,oil_production_by_country,0
United States,Northern America,North America,NATO,oil_consumption_by_country,20245000
Russia,Eastern Europe,Europe,Non-NATO,oil_consumption_by_country,3684000
China,Asia-Pacific,Asia,Non-NATO,oil_consumption_by_country,15148000
India,Asia-Pacific,Asia,Non-NATO,oil_consumption_by_country,5049000
South Korea,Asia-Pacific,Asia,Non-NATO,oil_consumption_by_country,2452000
United Kingdom,Northern Europe,Europe,NATO,oil_consumption_by_country,1397000
France,Western Europe,Europe,NATO,oil_consumption_by_country,1554000
Japan,Asia-Pacific,Asia,Non-NATO,oil_consumption_by_country,3289000
Turkiye,Middle East,Asia,NATO,oil_consumption_by_country,1077000
Italy,Southern Europe,Europe,NATO,oil_consumption_by_country,1246000
Brazil,Latin America,South America,Non-NATO,oil_consumption_by_country,3027000
Pakistan,Asia-Pacific,Asia,Non-NATO,oil_consumption_by_country,473000
Indonesia,Southeast Asia,Asia,Non-NATO,oil_consumption_by_country,1728000
Germany,Central Europe,Europe,NATO,oil_consumption_by_country,2052000
Israel,Middle East,Asia,Non-NATO,oil_consumption_by_country,230000
Iran,Middle East,Asia,Non-NATO,oil_consumption_by_country,2136000
Spain,Southern Europe,Europe,NATO,oil_consumption_by_country,1269000
Australia,Asia-Pacific,Oceania,Non-NATO,oil_consumption_by_country,1123000
Egypt,Africa,Africa,Non-NATO,oil_consumption_by_country,851000
Ukraine,Eastern Europe,Europe,Non-NATO,oil_consumption_by_country,248000
Poland,Eastern Europe,Europe,NATO,oil_consumption_by_country,722000
Taiwan,Asia-Pacific,Asia,Non-NATO,oil_consumption_by_country,1022000
Vietnam,Southeast Asia,Asia,Non-NATO,oil_consumption_by_country,494000
Saudi Arabia,Middle East,Asia,Non-NATO,oil_consumption_by_country,3649000
Thailand,Southeast Asia,Asia,Non-NATO,oil_consumption_by_country,1248000
Algeria,Africa,Africa,Non-NATO,oil_consumption_by_country,428000
Sweden,Scandinavia,Europe,NATO,oil_consumption_by_country,283000
Canada,Northern America,North America,NATO,oil_consumption_by_country,2454000
Singapore,Southeast Asia,Asia,Non-NATO,oil_consumption_by_country,1470000
Greece,Southern Europe,Europe,NATO,oil_consumption_by_country,303000
Nigeria,Africa,Africa,Non-NATO,oil_consumption_by_country,515000
Mexico,Mexico,North America,Non-NATO,oil_consumption_by_country,1737000
Argentina,Latin America,South America,Non-NATO,oil_consumption_by_country,706000
North Korea,Asia-Pacific,Asia,Non-NATO,oil_consumption_by_country,17000
Bangladesh,Asia-Pacific,Asia,Non-NATO,oil_consumption_by_country,160000
Netherlands,Western Europe,Europe,NATO,oil_consumption_by_country,872000
Myanmar,Southeast Asia,Asia,Non-NATO,oil_consumption_by_country,148000
Norway,Scandinavia,Europe,NATO,oil_consumption_by_country,229000
Portugal,Southern Europe,Europe,NATO,oil_consumption_by_country,191000
South Africa,Africa,Africa,Non-NATO,oil_consumption_by_country,601000
Philippines,Southeast Asia,Asia,Non-NATO,oil_consumption_by_country,453000
Malaysia,Southeast Asia,Asia,Non-NATO,oil_consumption_by_country,717000
Iraq,Middle East,Asia,Non-NATO,oil_consumption_by_country,918000
Switzerland,Central Europe,Europe,Non-NATO,oil_consumption_by_country,193000
Denmark,Scandinavia,Europe,NATO,oil_consumption_by_country,152000
Colombia,Latin America,South America,Non-NATO,oil_consumption_by_country,320000
Chile,Latin America,South America,Non-NATO,oil_consumption_by_country,405000
Finland,Scandinavia,Europe,NATO,oil_consumption_by_country,175000
Peru,Latin America,South America,Non-NATO,oil_consumption_by_country,210000
Venezuela,Latin America,South America,Non-NATO,oil_consumption_by_country,367000
Romania,Eastern Europe,Europe,Non-NATO,oil_consumption_by_country,221000
Ethiopia,Africa,Africa,Non-NATO,oil_consumption_by_country,110000
Czechia,Eastern Europe,Europe,NATO,oil_consumption_by_country,211000
United Arab Emirates,Middle East,Asia,Non-NATO,oil_consumption_by_country,939000
Hungary,Eastern Europe,Europe,NATO,oil_consumption_by_country,175000
Angola,Africa,Africa,Non-NATO,oil_consumption_by_country,127000
Kazakhstan,Asia,Asia,Non-NATO,oil_consumption_by_country,288000
Uzbekistan,Asia,Asia,Non-NATO,oil_consumption_by_country,91000
Morocco,Africa,Africa,Non-NATO,oil_consumption_by_country,318000
Azerbaijan,Asia,Asia,Non-NATO,oil_consumption_by_country,105000
Belgium,Western Europe,Europe,NATO,oil_consumption_by_country,585000
Bulgaria,Eastern Europe,Europe,NATO,oil_consumption_by_country,101000
Serbia,Balkans,Europe,Non-NATO,oil_consumption_by_country,82000
Syria,Middle East,Asia,Non-NATO,oil_consumption_by_country,138000
Ecuador,Latin America,South America,Non-NATO,oil_consumption_by_country,225000
Democratic Republic of the Congo,Africa,Africa,Non-NATO,oil_consumption_by_country,26000
Cuba,Central America,North America,Non-NATO,oil_consumption_by_country,165000
Austria,Central Europe,Europe,Non-NATO,oil_consumption_by_country,245000
Sri Lanka,Asia-Pacific,Asia,Non-NATO,oil_consumption_by_country,121000
Belarus,Eastern Europe,Europe,Non-NATO,oil_consumption_by_country,131000
Slovakia,Eastern Europe,Europe,NATO,oil_consumption_by_country,94000
Qatar,Middle East,Asia,Non-NATO,oil_consumption_by_country,297000
Sudan,Africa,Africa,Non-NATO,oil_consumption_by_country,127000
Croatia,Balkans,Europe,NATO,oil_consumption_by_country,70000
Jordan,Middle East,Asia,Non-NATO,oil_consumption_by_country,97000
Libya,Africa,Africa,Non-NATO,oil_consumption_by_country,230000
Turkmenistan,Asia,Asia,Non-NATO,oil_consumption_by_country,152000
Albania,Balkans,Europe,NATO,oil_consumption_by_country,2600
Kuwait,Gulf Powers,Asia,Non-NATO,oil_consumption_by_country,372000
Bolivia,Latin America,South America,Non-NATO,oil_consumption_by_country,87000
Bahrain,Gulf Powers,Asia,Non-NATO,oil_consumption_by_country,72000
Oman,Gulf Powers,Asia,Non-NATO,oil_consumption_by_country,211000
Kenya,Africa,Africa,Non-NATO,oil_consumption_by_country,119000
Chad,Africa,Africa,Non-NATO,oil_consumption_by_country,15000
Yemen,Middle East,Asia,Non-NATO,oil_consumption_by_country,60000
New Zealand,Asia-Pacific,Oceania,Non-NATO,oil_consumption_by_country,154000
Paraguay,Latin America,South America,Non-NATO,oil_consumption_by_country,57000
Lithuania,Northern Europe,Europe,NATO,oil_consumption_by_country,68000
Mozambique,Africa,Africa,Non-NATO,oil_consumption_by_country,40000
Tunisia,Africa,Africa,Non-NATO,oil_consumption_by_country,108000
Armenia,Asia,Asia,Non-NATO,oil_consumption_by_country,14000
Tanzania,Africa,Africa,Non-NATO,oil_consumption_by_country,58000
Cameroon,Africa,Africa,Non-NATO,oil_consumption_by_country,40000
Georgia,Asia,Asia,Non-NATO,oil_consumption_by_country,32000
Cambodia,Southeast Asia,Asia,Non-NATO,oil_consumption_by_country,73000
Slovenia,Balkans,Europe,NATO,oil_consumption_by_country,45000
Ireland,Northern Europe,Europe,Non-NATO,oil_consumption_by_country,156000
Mongolia,Asia-Pacific,Asia,Non-NATO,oil_consumption_by_country,36000
Latvia,Northern Europe,Europe,NATO,oil_consumption_by_country,35000
Uruguay,Latin America,South America,Non-NATO,oil_consumption_by_country,52000
Honduras,Central America,North America,Non-NATO,oil_consumption_by_country,67000
Ivory Coast,Africa,Africa,Non-NATO,oil_consumption_by_country,60000
Guatemala,Central America,North America,Non-NATO,oil_consumption_by_country,115000
Mali,Africa,Africa,Non-NATO,oil_consumption_by_country,46000
Kyrgyzstan,Asia,Asia,Non-NATO,oil_consumption_by_country,31000
Laos,Southeast Asia,Asia,Non-NATO,oil_consumption_by_country,24000
Estonia,Northern Europe,Europe,NATO,oil_consumption_by_country,28000
Tajikistan,Asia,Asia,Non-NATO,oil_consumption_by_country,28000
Zambia,Africa,Africa,Non-NATO,oil_consumption_by_country,34000
Ghana,Africa,Africa,Non-NATO,oil_consumption_by_country,110000
Zimbabwe,Africa,Africa,Non-NATO,oil_consumption_by_country,29000
North Macedonia,Balkans,Europe,Non-NATO,oil_consumption_by_country,22000
South Sudan,Africa,Africa,Non-NATO,oil_consumption_by_country,14000
Uganda,Africa,Africa,Non-NATO,oil_consumption_by_country,43000
Lebanon,Middle East,Asia,Non-NATO,oil_consumption_by_country,174000
Namibia,Africa,Africa,Non-NATO,oil_consumption_by_country,25000
Luxembourg,Western Europe,Europe,NATO,oil_consumption_by_country,51000
Afghanistan,Asia,Asia,Non-NATO,oil_consumption_by_country,2700
Niger,Africa,Africa,Non-NATO,oil_consumption_by_country,13000
Eritrea,Africa,Africa,Non-NATO,oil_consumption_by_country,4000
Republic of the Congo,Africa,Africa,Non-NATO,oil_consumption_by_country,12000
Botswana,Africa,Africa,Non-NATO,oil_consumption_by_country,21000
Mauritania,Africa,Africa,Non-NATO,oil_consumption_by_country,29000
Dominican Republic,Central America,North America,Non-NATO,oil_consumption_by_country,134000
Senegal,Africa,Africa,Non-NATO,oil_consumption_by_country,55000
Nepal,Asia-Pacific,Asia,Non-NATO,oil_consumption_by_country,62000
Montenegro,Balkans,Europe,NATO,oil_consumption_by_country,8000
El Salvador,Central America,North America,Non-NATO,oil_consumption_by_country,58000
Burkina Faso,Africa,Africa,Non-NATO,oil_consumption_by_country,36000
Madagascar,Africa,Africa,Non-NATO,oil_consumption_by_country,19000
Nicaragua,Central America,North America,Non-NATO,oil_consumption_by_country,36000
Bosnia and Herzegovina,Balkans,Europe,Non-NATO,oil_consumption_by_country,36000
Gabon,Africa,Africa,Non-NATO,oil_consumption_by_country,16000
Moldova,Eastern Europe,Europe,Non-NATO,oil_consumption_by_country,22000
Iceland,Scandinavia,Europe,NATO,oil_consumption_by_country,18000
Panama,Central America,North America,Non-NATO,oil_consumption_by_country,146000
Beliz,Central America,North America,Non-NATO,oil_consumption_by_country,5000
Liberia,Africa,Africa,Non-NATO,oil_consumption_by_country,4000
Suriname,Northern South America,South America,Non-NATO,oil_consumption_by_country,15000
Sierra Leone,Africa,Africa,Non-NATO,oil_consumption_by_country,9000
Kosovo,Southern Europe,Europe,Non-NATO,oil_consumption_by_country,15000
Somalia,Africa,Africa,Non-NATO,oil_consumption_by_country,6000
Central African Republic,Africa,Africa,Non-NATO,oil_consumption_by_country,2000
Benin,Africa,Africa,Non-NATO,oil_consumption_by_country,46000
Bhutan,Asia,Asia,Non-NATO,oil_consumption_by_country,3000
United States,Northern America,North America,NATO,proven_oil_reserves_by_country,38212000000.0
Russia,Eastern Europe,Europe,Non-NATO,proven_oil_reserves_by_country,80000000000.0
China,Asia-Pacific,Asia,Non-NATO,proven_oil_reserves_by_country,26023000000.0
India,Asia-Pacific,Asia,Non-NATO,proven_oil_reserves_by_country,4605000000.0
South Korea,Asia-Pacific,Asia,Non-NATO,proven_oil_reserves_by_country,0.0
United Kingdom,Northern Europe,Europe,NATO,proven_oil_reserves_by_country,2500000000.0
France,Western Europe,Europe,NATO,proven_oil_reserves_by_country,61719000.0
Japan,Asia-Pacific,Asia,Non-NATO,proven_oil_reserves_by_country,44115000.0
Turkiye,Middle East,Asia,NATO,proven_oil_reserves_by_country,366000000.0
Italy,Southern Europe,Europe,NATO,proven_oil_reserves_by_country,497934000.0
Brazil,Latin America,South America,Non-NATO,proven_oil_reserves_by_country,12715000000.0
Pakistan,Asia-Pacific,Asia,Non-NATO,proven_oil_reserves_by_country,540000000.0
Indonesia,Southeast Asia,Asia,Non-NATO,proven_oil_reserves_by_country,2480000000.0
Germany,Central Europe,Europe,NATO,proven_oil_reserves_by_country,115200000.0
Israel,Middle East,Asia,Non-NATO,proven_oil_reserves_by_country,12730000.0
Iran,Middle East,Asia,Non-NATO,proven_oil_reserves_by_country,209000000000.0
Spain,Southern Europe,Europe,NATO,proven_oil_reserves_by_country,150000000.0
Australia,Asia-Pacific,Oceania,Non-NATO,proven_oil_reserves_by_country,2446000000.0
Egypt,Africa,Africa,Non-NATO,proven_oil_reserves_by_country,3300000000.0
Ukraine,Eastern Europe,Europe,Non-NATO,proven_oil_reserves_by_country,395000000.0
Poland,Eastern Europe,Europe,NATO,proven_oil_reserves_by_country,113000000.0
Taiwan,Asia-Pacific,Asia,Non-NATO,proven_oil_reserves_by_country,2380000.0
Vietnam,Southeast Asia,Asia,Non-NATO,proven_oil_reserves_by_country,4400000000.0
Saudi Arabia,Middle East,Asia,Non-NATO,proven_oil_reserves_by_country,259000000000.0
Thailand,Southeast Asia,Asia,Non-NATO,proven_oil_reserves_by_country,252750000.0
Algeria,Africa,Africa,Non-NATO,proven_oil_reserves_by_country,12200000000.0
Sweden,Scandinavia,Europe,NATO,proven_oil_reserves_by_country,0.0
Canada,Northern America,North America,NATO,proven_oil_reserves_by_country,170000000000.0
Singapore,Southeast Asia,Asia,Non-NATO,proven_oil_reserves_by_country,0.0
Greece,Southern Europe,Europe,NATO,proven_oil_reserves_by_country,10000000.0
Nigeria,Africa,Africa,Non-NATO,proven_oil_reserves_by_country,36890000000.0
Mexico,Mexico,North America,Non-NATO,proven_oil_reserves_by_country,5786000000.0
Argentina,Latin America,South America,Non-NATO,proven_oil_reserves_by_country,2483000000.0
North Korea,Asia-Pacific,Asia,Non-NATO,proven_oil_reserves_by_country,0.0
Bangladesh,Asia-Pacific,Asia,Non-NATO,proven_oil_reserves_by_country,28000000.0
Netherlands,Western Europe,Europe,NATO,proven_oil_reserves_by_country,137747000.0
Myanmar,Southeast Asia,Asia,Non-NATO,proven_oil_reserves_by_country,139000000.0
Norway,Scandinavia,Europe,NATO,proven_oil_reserves_by_country,8122200000.0
Portugal,Southern Europe,Europe,NATO,proven_oil_reserves_by_country,22440000.0
South Africa,Africa,Africa,Non-NATO,proven_oil_reserves_by_country,15000000.0
Philippines,Southeast Asia,Asia,Non-NATO,proven_oil_reserves_by_country,138500000.0
Malaysia,Southeast Asia,Asia,Non-NATO,proven_oil_reserves_by_country,3600000000.0
Iraq,Middle East,Asia,Non-NATO,proven_oil_reserves_by_country,145000000000.0
Switzerland,Central Europe,Europe,Non-NATO,proven_oil_reserves_by_country,0.0
Denmark,Scandinavia,Europe,NATO,proven_oil_reserves_by_country,441000000.0
Colombia,Latin America,South America,Non-NATO,proven_oil_reserves_by_country,2036000000.0
Chile,Latin America,South America,Non-NATO,proven_oil_reserves_by_country,150000000.0
Finland,Scandinavia,Europe,NATO,proven_oil_reserves_by_country,0.0
Peru,Latin America,South America,Non-NATO,proven_oil_reserves_by_country,858890000.0
Venezuela,Latin America,South America,Non-NATO,proven_oil_reserves_by_country,304000000000.0
Romania,Eastern Europe,Europe,Non-NATO,proven_oil_reserves_by_country,600000000.0
Ethiopia,Africa,Africa,Non-NATO,proven_oil_reserves_by_country,428000.0
Czechia,Eastern Europe,Europe,NATO,proven_oil_reserves_by_country,15000000.0
United Arab Emirates,Middle East,Asia,Non-NATO,proven_oil_reserves_by_country,97800000000.0
Hungary,Eastern Europe,Europe,NATO,proven_oil_reserves_by_country,12100000.0
Angola,Africa,Africa,Non-NATO,proven_oil_reserves_by_country,7783000000.0
Kazakhstan,Asia,Asia,Non-NATO,proven_oil_reserves_by_country,30000000000.0
Uzbekistan,Asia,Asia,Non-NATO,proven_oil_reserves_by_country,594000000.0
Morocco,Africa,Africa,Non-NATO,proven_oil_reserves_by_country,684000.0
Azerbaijan,Asia,Asia,Non-NATO,proven_oil_reserves_by_country,7000000000.0
Belgium,Western Europe,Europe,NATO,proven_oil_reserves_by_country,0.0
Bulgaria,Eastern Europe,Europe,NATO,proven_oil_reserves_by_country,15000000.0
Serbia,Balkans,Europe,Non-NATO,proven_oil_reserves_by_country,77500000.0
Syria,Middle East,Asia,Non-NATO,proven_oil_reserves_by_country,2500000000.0
Ecuador,Latin America,South America,Non-NATO,proven_oil_reserves_by_country,8273000000.0
Democratic Republic of the Congo,Africa,Africa,Non-NATO,proven_oil_reserves_by_country,180000000.0
Cuba,Central America,North America,Non-NATO,proven_oil_reserves_by_country,124000000.0
Austria,Central Europe,Europe,Non-NATO,proven_oil_reserves_by_country,35200000.0
Sri Lanka,Asia-Pacific,Asia,Non-NATO,proven_oil_reserves_by_country,0.0
Belarus,Eastern Europe,Europe,Non-NATO,proven_oil_reserves_by_country,198000000.0
Slovakia,Eastern Europe,Europe,NATO,proven_oil_reserves_by_country,9000000.0
Qatar,Middle East,Asia,Non-NATO,proven_oil_reserves_by_country,25244000.0
Sudan,Africa,Africa,Non-NATO,proven_oil_reserves_by_country,1250000000.0
Croatia,Balkans,Europe,NATO,proven_oil_reserves_by_country,71000000.0
Jordan,Middle East,Asia,Non-NATO,proven_oil_reserves_by_country,1000000.0
Libya,Africa,Africa,Non-NATO,proven_oil_reserves_by_country,48363000000.0
Turkmenistan,Asia,Asia,Non-NATO,proven_oil_reserves_by_country,600000000.0
Albania,Balkans,Europe,NATO,proven_oil_reserves_by_country,150000000.0
Kuwait,Gulf Powers,Asia,Non-NATO,proven_oil_reserves_by_country,102000000000.0
Bolivia,Latin America,South America,Non-NATO,proven_oil_reserves_by_country,240900000.0
Bahrain,Gulf Powers,Asia,Non-NATO,proven_oil_reserves_by_country,186500000.0
Oman,Gulf Powers,Asia,Non-NATO,proven_oil_reserves_by_country,5375000000.0
Kenya,Africa,Africa,Non-NATO,proven_oil_reserves_by_country,0.0
Chad,Africa,Africa,Non-NATO,proven_oil_reserves_by_country,1500000000.0
Yemen,Middle East,Asia,Non-NATO,proven_oil_reserves_by_country,3000000000.0
New Zealand,Asia-Pacific,Oceania,Non-NATO,proven_oil_reserves_by_country,40993000.0
Paraguay,Latin America,South America,Non-NATO,proven_oil_reserves_by_country,0.0
Lithuania,Northern Europe,Europe,NATO,proven_oil_reserves_by_country,12000000.0
Mozambique,Africa,Africa,Non-NATO,proven_oil_reserves_by_country,0.0
Tunisia,Africa,Africa,Non-NATO,proven_oil_reserves_by_country,425000000.0
Armenia,Asia,Asia,Non-NATO,proven_oil_reserves_by_country,0.0
Tanzania,Africa,Africa,Non-NATO,proven_oil_reserves_by_country,0.0
Cameroon,Africa,Africa,Non-NATO,proven_oil_reserves_by_country,200000000.0
Georgia,Asia,Asia,Non-NATO,proven_oil_reserves_by_country,35000000.0
Cambodia,Southeast Asia,Asia,Non-NATO,proven_oil_reserves_by_country,0.0
Slovenia,Balkans,Europe,NATO,proven_oil_reserves_by_country,0.0
Ireland,Northern Europe,Europe,Non-NATO,proven_oil_reserves_by_country,0.0
Mongolia,Asia-Pacific,Asia,Non-NATO,proven_oil_reserves_by_country,0.0
Latvia,Northern Europe,Europe,NATO,proven_oil_reserves_by_country,0.0
Uruguay,Latin America,South America,Non-NATO,proven_oil_reserves_by_country,0.0
Honduras,Central America,North America,Non-NATO,proven_oil_reserves_by_country,0.0
Ivory Coast,Africa,Africa,Non-NATO,proven_oil_reserves_by_country,100000000.0
Guatemala,Central America,North America,Non-NATO,proven_oil_reserves_by_country,86110000.0
Mali,Africa,Africa,Non-NATO,proven_oil_reserves_by_country,0.0
Kyrgyzstan,Asia,Asia,Non-NATO,proven_oil_reserves_by_country,40000000.0
Laos,Southeast Asia,Asia,Non-NATO,proven_oil_reserves_by_country,0.0
Estonia,Northern Europe,Europe,NATO,proven_oil_reserves_by_country,0.0
Tajikistan,Asia,Asia,Non-NATO,proven_oil_reserves_by_country,12000000.0
Zambia,Africa,Africa,Non-NATO,proven_oil_reserves_by_country,0.0
Ghana,Africa,Africa,Non-NATO,proven_oil_reserves_by_country,660000000.0
Zimbabwe,Africa,Africa,Non-NATO,proven_oil_reserves_by_country,0.0
North Macedonia,Balkans,Europe,Non-NATO,proven_oil_reserves_by_country,0.0
South Sudan,Africa,Africa,Non-NATO,proven_oil_reserves_by_country,3750000000.0
Uganda,Africa,Africa,Non-NATO,proven_oil_reserves_by_country,2500000000.0
Lebanon,Middle East,Asia,Non-NATO,proven_oil_reserves_by_country,0.0
Namibia,Africa,Africa,Non-NATO,proven_oil_reserves_by_country,0.0
Luxembourg,Western Europe,Europe,NATO,proven_oil_reserves_by_country,0.0
Afghanistan,Asia,Asia,Non-NATO,proven_oil_reserves_by_country,0.0
Niger,Africa,Africa,Non-NATO,proven_oil_reserves_by_country,150000000.0
Eritrea,Africa,Africa,Non-NATO,proven_oil_reserves_by_country,0.0
Republic of the Congo,Africa,Africa,Non-NATO,proven_oil_reserves_by_country,2885000000.0
Botswana,Africa,Africa,Non-NATO,proven_oil_reserves_by_country,0.0
Mauritania,Africa,Africa,Non-NATO,proven_oil_reserves_by_country,20000000.0
Dominican Republic,Central America,North America,Non-NATO,proven_oil_reserves_by_country,0.0
Senegal,Africa,Africa,Non-NATO,proven_oil_reserves_by_country,0.0
Nepal,Asia-Pacific,Asia,Non-NATO,proven_oil_reserves_by_country,0.0
Montenegro,Balkans,Europe,NATO,proven_oil_reserves_by_country,0.0
El Salvador,Central America,North America,Non-NATO,proven_oil_reserves_by_country,0.0
Burkina Faso,Africa,Africa,Non-NATO,proven_oil_reserves_by_country,0.0
Madagascar,Africa,Africa,Non-NATO,proven_oil_reserves_by_country,0.0
Nicaragua,Central America,North America,Non-NATO,proven_oil_reserves_by_country,0.0
Bosnia and Herzegovina,Balkans,Europe,Non-NATO,proven_oil_reserves_by_country,0.0
Gabon,Africa,Africa,Non-NATO,proven_oil_reserves_by_country,2000000000.0
Moldova,Eastern Europe,Europe,Non-NATO,proven_oil_reserves_by_country,0.0
Iceland,Scandinavia,Europe,NATO,proven_oil_reserves_by_country,0.0
Panama,Central America,North America,Non-NATO,proven_oil_reserves_by_country,0.0
Beliz,Central America,North America,Non-NATO,proven_oil_reserves_by_country,6700000.0
Liberia,Africa,Africa,Non-NATO,proven_oil_reserves_by_country,0.0
Suriname,Northern South America,South America,Non-NATO,proven_oil_reserves_by_country,89000000.0
Sierra Leone,Africa,Africa,Non-NATO,proven_oil_reserves_by_country,0.0
Kosovo,Southern Europe,Europe,Non-NATO,proven_oil_reserves_by_country,0.0
Somalia,Africa,Africa,Non-NATO,proven_oil_reserves_by_country,0.0
Central African Republic,Africa,Africa,Non-NATO,proven_oil_reserves_by_country,0.0
Benin,Africa,Africa,Non-NATO,proven_oil_reserves_by_country,8000000.0
Bhutan,Asia,Asia,Non-NATO,proven_oil_reserves_by_country,0.0
United States,Northern America,North America,NATO,natural_gas_production_by_country,1030000000000.0
Russia,Eastern Europe,Europe,Non-NATO,natural_gas_production_by_country,618000000000.0
China,Asia-Pacific,Asia,Non-NATO,natural_gas_production_by_country,225000000000.0
India,Asia-Pacific,Asia,Non-NATO,natural_gas_production_by_country,33170000000.0
South Korea,Asia-Pacific,Asia,Non-NATO,natural_gas_production_by_country,55127000.0
United Kingdom,Northern Europe,Europe,NATO,natural_gas_production_by_country,37758000000.0
France,Western Europe,Europe,NATO,natural_gas_production_by_country,20132000.0
Japan,Asia-Pacific,Asia,Non-NATO,natural_gas_production_by_country,2220000000.0
Turkiye,Middle East,Asia,NATO,natural_gas_production_by_country,379701000.0
Italy,Southern Europe,Europe,NATO,natural_gas_production_by_country,3117000000.0
Brazil,Latin America,South America,Non-NATO,natural_gas_production_by_country,22670000000.0
Pakistan,Asia-Pacific,Asia,Non-NATO,natural_gas_production_by_country,36937000000.0
Indonesia,Southeast Asia,Asia,Non-NATO,natural_gas_production_by_country,57410000000.0
Germany,Central Europe,Europe,NATO,natural_gas_production_by_country,4824000000.0
Israel,Middle East,Asia,Non-NATO,natural_gas_production_by_country,22886000000.0
Iran,Middle East,Asia,Non-NATO,natural_gas_production_by_country,263000000000.0
Spain,Southern Europe,Europe,NATO,natural_gas_production_by_country,41009000.0
Australia,Asia-Pacific,Oceania,Non-NATO,natural_gas_production_by_country,154000000000.0
Egypt,Africa,Africa,Non-NATO,natural_gas_production_by_country,64817000000.0
Ukraine,Eastern Europe,Europe,Non-NATO,natural_gas_production_by_country,18725000000.0
Poland,Eastern Europe,Europe,NATO,natural_gas_production_by_country,5551000000.0
Taiwan,Asia-Pacific,Asia,Non-NATO,natural_gas_production_by_country,63747000.0
Vietnam,Southeast Asia,Asia,Non-NATO,natural_gas_production_by_country,7676000000.0
Saudi Arabia,Middle East,Asia,Non-NATO,natural_gas_production_by_country,122000000000.0
Thailand,Southeast Asia,Asia,Non-NATO,natural_gas_production_by_country,30797000000.0
Algeria,Africa,Africa,Non-NATO,natural_gas_production_by_country,101000000000.0
Sweden,Scandinavia,Europe,NATO,natural_gas_production_by_country,0.0
Canada,Northern America,North America,NATO,natural_gas_production_by_country,188000000000.0
Singapore,Southeast Asia,Asia,Non-NATO,natural_gas_production_by_country,0.0
Greece,Southern Europe,Europe,NATO,natural_gas_production_by_country,3284000.0
Nigeria,Africa,Africa,Non-NATO,natural_gas_production_by_country,39951000000.0
Mexico,Mexico,North America,Non-NATO,natural_gas_production_by_country,31422000000.0
Argentina,Latin America,South America,Non-NATO,natural_gas_production_by_country,43280000000.0
North Korea,Asia-Pacific,Asia,Non-NATO,natural_gas_production_by_country,0.0
Bangladesh,Asia-Pacific,Asia,Non-NATO,natural_gas_production_by_country,24620000000.0
Netherlands,Western Europe,Europe,NATO,natural_gas_production_by_country,17774000000.0
Myanmar,Southeast Asia,Asia,Non-NATO,natural_gas_production_by_country,16780000000.0
Norway,Scandinavia,Europe,NATO,natural_gas_production_by_country,124000000000.0
Portugal,Southern Europe,Europe,NATO,natural_gas_production_by_country,0.0
South Africa,Africa,Africa,Non-NATO,natural_gas_production_by_country,59128000.0
Philippines,Southeast Asia,Asia,Non-NATO,natural_gas_production_by_country,2251000000.0
Malaysia,Southeast Asia,Asia,Non-NATO,natural_gas_production_by_country,75456000000.0
Iraq,Middle East,Asia,Non-NATO,natural_gas_production_by_country,9860000000.0
Switzerland,Central Europe,Europe,Non-NATO,natural_gas_production_by_country,0.0
Denmark,Scandinavia,Europe,NATO,natural_gas_production_by_country,1879000000.0
Colombia,Latin America,South America,Non-NATO,natural_gas_production_by_country,11290000000.0
Chile,Latin America,South America,Non-NATO,natural_gas_production_by_country,1200000000.0
Finland,Scandinavia,Europe,NATO,natural_gas_production_by_country,0.0
Peru,Latin America,South America,Non-NATO,natural_gas_production_by_country,12270000000.0
Venezuela,Latin America,South America,Non-NATO,natural_gas_production_by_country,17696000000.0
Romania,Eastern Europe,Europe,Non-NATO,natural_gas_production_by_country,9501000000.0
Ethiopia,Africa,Africa,Non-NATO,natural_gas_production_by_country,0.0
Czechia,Eastern Europe,Europe,NATO,natural_gas_production_by_country,224725000.0
United Arab Emirates,Middle East,Asia,Non-NATO,natural_gas_production_by_country,56683000000.0
Hungary,Eastern Europe,Europe,NATO,natural_gas_production_by_country,1523000000.0
Angola,Africa,Africa,Non-NATO,natural_gas_production_by_country,5514000000.0
Kazakhstan,Asia,Asia,Non-NATO,natural_gas_production_by_country,27011000000.0
Uzbekistan,Asia,Asia,Non-NATO,natural_gas_production_by_country,47500000000.0
Morocco,Africa,Africa,Non-NATO,natural_gas_production_by_country,82595000.0
Azerbaijan,Asia,Asia,Non-NATO,natural_gas_production_by_country,34175000000.0
Belgium,Western Europe,Europe,NATO,natural_gas_production_by_country,13436000.0
Bulgaria,Eastern Europe,Europe,NATO,natural_gas_production_by_country,20837000.0
Serbia,Balkans,Europe,Non-NATO,natural_gas_production_by_country,353376000.0
Syria,Middle East,Asia,Non-NATO,natural_gas_production_by_country,3085000000.0
Ecuador,Latin America,South America,Non-NATO,natural_gas_production_by_country,309778000.0
Democratic Republic of the Congo,Africa,Africa,Non-NATO,natural_gas_production_by_country,380000.0
Cuba,Central America,North America,Non-NATO,natural_gas_production_by_country,659434000.0
Austria,Central Europe,Europe,Non-NATO,natural_gas_production_by_country,618209000.0
Sri Lanka,Asia-Pacific,Asia,Non-NATO,natural_gas_production_by_country,0.0
Belarus,Eastern Europe,Europe,Non-NATO,natural_gas_production_by_country,73929000.0
Slovakia,Eastern Europe,Europe,NATO,natural_gas_production_by_country,52556000.0
Qatar,Middle East,Asia,Non-NATO,natural_gas_production_by_country,170000000000.0
Sudan,Africa,Africa,Non-NATO,natural_gas_production_by_country,0.0
Croatia,Balkans,Europe,NATO,natural_gas_production_by_country,741456000.0
Jordan,Middle East,Asia,Non-NATO,natural_gas_production_by_country,187262000.0
Libya,Africa,Africa,Non-NATO,natural_gas_production_by_country,11832000000.0
Turkmenistan,Asia,Asia,Non-NATO,natural_gas_production_by_country,86472000000.0
Albania,Balkans,Europe,NATO,natural_gas_production_by_country,50623000.0
Kuwait,Gulf Powers,Asia,Non-NATO,natural_gas_production_by_country,19285000000.0
Bolivia,Latin America,South America,Non-NATO,natural_gas_production_by_country,13760000000.0
Bahrain,Gulf Powers,Asia,Non-NATO,natural_gas_production_by_country,18005000000.0
Oman,Gulf Powers,Asia,Non-NATO,natural_gas_production_by_country,40754000000.0
Kenya,Africa,Africa,Non-NATO,natural_gas_production_by_country,0.0
Chad,Africa,Africa,Non-NATO,natural_gas_production_by_country,0.0
Yemen,Middle East,Asia,Non-NATO,natural_gas_production_by_country,189432000.0
New Zealand,Asia-Pacific,Oceania,Non-NATO,natural_gas_production_by_country,3770000000.0
Paraguay,Latin America,South America,Non-NATO,natural_gas_production_by_country,0.0
Lithuania,Northern Europe,Europe,NATO,natural_gas_production_by_country,0.0
Mozambique,Africa,Africa,Non-NATO,natural_gas_production_by_country,5388000000.0
Tunisia,Africa,Africa,Non-NATO,natural_gas_production_by_country,1323000000.0
Armenia,Asia,Asia,Non-NATO,natural_gas_production_by_country,0.0
Tanzania,Africa,Africa,Non-NATO,natural_gas_production_by_country,1808000000.0
Cameroon,Africa,Africa,Non-NATO,natural_gas_production_by_country,2595000000.0
Georgia,Asia,Asia,Non-NATO,natural_gas_production_by_country,8760000.0
Cambodia,Southeast Asia,Asia,Non-NATO,natural_gas_production_by_country,0.0
Slovenia,Balkans,Europe,NATO,natural_gas_production_by_country,3863000.0
Ireland,Northern Europe,Europe,Non-NATO,natural_gas_production_by_country,1447000000.0
Mongolia,Asia-Pacific,Asia,Non-NATO,natural_gas_production_by_country,0.0
Latvia,Northern Europe,Europe,NATO,natural_gas_production_by_country,0.0
Uruguay,Latin America,South America,Non-NATO,natural_gas_production_by_country,0.0
Honduras,Central America,North America,Non-NATO,natural_gas_production_by_country,0.0
Ivory Coast,Africa,Africa,Non-NATO,natural_gas_production_by_country,2635000000.0
Guatemala,Central America,North America,Non-NATO,natural_gas_production_by_country,3276000.0
Mali,Africa,Africa,Non-NATO,natural_gas_production_by_country,0.0
Kyrgyzstan,Asia,Asia,Non-NATO,natural_gas_production_by_country,31026000.0
Laos,Southeast Asia,Asia,Non-NATO,natural_gas_production_by_country,0.0
Estonia,Northern Europe,Europe,NATO,natural_gas_production_by_country,0.0
Tajikistan,Asia,Asia,Non-NATO,natural_gas_production_by_country,18476000.0
Zambia,Africa,Africa,Non-NATO,natural_gas_production_by_country,0.0
Ghana,Africa,Africa,Non-NATO,natural_gas_production_by_country,3192000000.0
Zimbabwe,Africa,Africa,Non-NATO,natural_gas_production_by_country,0.0
North Macedonia,Balkans,Europe,Non-NATO,natural_gas_production_by_country,0.0
South Sudan,Africa,Africa,Non-NATO,natural_gas_production_by_country,0.0
Uganda,Africa,Africa,Non-NATO,natural_gas_production_by_country,0.0
Lebanon,Middle East,Asia,Non-NATO,natural_gas_production_by_country,0.0
Namibia,Africa,Africa,Non-NATO,natural_gas_production_by_country,0.0
Luxembourg,Western Europe,Europe,NATO,natural_gas_production_by_country,0.0
Afghanistan,Asia,Asia,Non-NATO,natural_gas_production_by_country,80200000.0
Niger,Africa,Africa,Non-NATO,natural_gas_production_by_country,29509000.0
Eritrea,Africa,Africa,Non-NATO,natural_gas_production_by_country,0.0
Republic of the Congo,Africa,Africa,Non-NATO,natural_gas_production_by_country,423000000.0
Botswana,Africa,Africa,Non-NATO,natural_gas_production_by_country,0.0
Mauritania,Africa,Africa,Non-NATO,natural_gas_production_by_country,0.0
Dominican Republic,Central America,North America,Non-NATO,natural_gas_production_by_country,0.0
Senegal,Africa,Africa,Non-NATO,natural_gas_production_by_country,54646000.0
Nepal,Asia-Pacific,Asia,Non-NATO,natural_gas_production_by_country,0.0
Montenegro,Balkans,Europe,NATO,natural_gas_production_by_country,0.0
El Salvador,Central America,North America,Non-NATO,natural_gas_production_by_country,0.0
Burkina Faso,Africa,Africa,Non-NATO,natural_gas_production_by_country,0.0
Madagascar,Africa,Africa,Non-NATO,natural_gas_production_by_country,0.0
Nicaragua,Central America,North America,Non-NATO,natural_gas_production_by_country,0.0
Bosnia and Herzegovina,Balkans,Europe,Non-NATO,natural_gas_production_by_country,0.0
Gabon,Africa,Africa,Non-NATO,natural_gas_production_by_country,463000000.0
Moldova,Eastern Europe,Europe,Non-NATO,natural_gas_production_by_country,10000.0
Iceland,Scandinavia,Europe,NATO,natural_gas_production_by_country,0.0
Panama,Central America,North America,Non-NATO,natural_gas_production_by_country,0.0
Beliz,Central America,North America,Non-NATO,natural_gas_production_by_country,0.0
Liberia,Africa,Africa,Non-NATO,natural_gas_production_by_country,0.0
Suriname,Northern South America,South America,Non-NATO,natural_gas_production_by_country,7109000.0
Sierra Leone,Africa,Africa,Non-NATO,natural_gas_production_by_country,0.0
Kosovo,Southern Europe,Europe,Non-NATO,natural_gas_production_by_country,0.0
Somalia,Africa,Africa,Non-NATO,natural_gas_production_by_country,0.0
Central African Republic,Africa,Africa,Non-NATO,natural_gas_production_by_country,0.0
Benin,Africa,Africa,Non-NATO,natural_gas_production_by_country,0.0
Bhutan,Asia,Asia,Non-NATO,natural_gas_production_by_country,0.0
United States,Northern America,North America,NATO,natural_gas_consumption_by_country,914000000000.0
Russia,Eastern Europe,Europe,Non-NATO,natural_gas_consumption_by_country,472000000000.0
China,Asia-Pacific,Asia,Non-NATO,natural_gas_consumption_by_country,366000000000.0
India,Asia-Pacific,Asia,Non-NATO,natural_gas_consumption_by_country,58867000000.0
South Korea,Asia-Pacific,Asia,Non-NATO,natural_gas_consumption_by_country,59480000000.0
United Kingdom,Northern Europe,Europe,NATO,natural_gas_consumption_by_country,70141000000.0
France,Western Europe,Europe,NATO,natural_gas_consumption_by_country,37001000000.0
Japan,Asia-Pacific,Asia,Non-NATO,natural_gas_consumption_by_country,92843000000.0
Turkiye,Middle East,Asia,NATO,natural_gas_consumption_by_country,2887000000.0
Italy,Southern Europe,Europe,NATO,natural_gas_consumption_by_country,68735000000.0
Brazil,Latin America,South America,Non-NATO,natural_gas_consumption_by_country,31654000000.0
Pakistan,Asia-Pacific,Asia,Non-NATO,natural_gas_consumption_by_country,46448000000.0
Indonesia,Southeast Asia,Asia,Non-NATO,natural_gas_consumption_by_country,36061000000.0
Germany,Central Europe,Europe,NATO,natural_gas_consumption_by_country,77516000000.0
Israel,Middle East,Asia,Non-NATO,natural_gas_consumption_by_country,11510000000.0
Iran,Middle East,Asia,Non-NATO,natural_gas_consumption_by_country,245000000000.0
Spain,Southern Europe,Europe,NATO,natural_gas_consumption_by_country,32833000000.0
Australia,Asia-Pacific,Oceania,Non-NATO,natural_gas_consumption_by_country,50188000000.0
Egypt,Africa,Africa,Non-NATO,natural_gas_consumption_by_country,60089000000.0
Ukraine,Eastern Europe,Europe,Non-NATO,natural_gas_consumption_by_country,22856000000.0
Poland,Eastern Europe,Europe,NATO,natural_gas_consumption_by_country,20056000000.0
Taiwan,Asia-Pacific,Asia,Non-NATO,natural_gas_consumption_by_country,21157000000.0
Vietnam,Southeast Asia,Asia,Non-NATO,natural_gas_consumption_by_country,7676000000.0
Saudi Arabia,Middle East,Asia,Non-NATO,natural_gas_consumption_by_country,122000000000.0
Thailand,Southeast Asia,Asia,Non-NATO,natural_gas_consumption_by_country,48898000000.0
Algeria,Africa,Africa,Non-NATO,natural_gas_consumption_by_country,47963000000.0
Sweden,Scandinavia,Europe,NATO,natural_gas_consumption_by_country,889924000.0
Canada,Northern America,North America,NATO,natural_gas_consumption_by_country,130000000000.0
Singapore,Southeast Asia,Asia,Non-NATO,natural_gas_consumption_by_country,13724000000.0
Greece,Southern Europe,Europe,NATO,natural_gas_consumption_by_country,5173000000.0
Nigeria,Africa,Africa,Non-NATO,natural_gas_consumption_by_country,20719000000.0
Mexico,Mexico,North America,Non-NATO,natural_gas_consumption_by_country,90566000000.0
Argentina,Latin America,South America,Non-NATO,natural_gas_consumption_by_country,46228000000.0
North Korea,Asia-Pacific,Asia,Non-NATO,natural_gas_consumption_by_country,0.0
Bangladesh,Asia-Pacific,Asia,Non-NATO,natural_gas_consumption_by_country,30384000000.0
Netherlands,Western Europe,Europe,NATO,natural_gas_consumption_by_country,33243000000.0
Myanmar,Southeast Asia,Asia,Non-NATO,natural_gas_consumption_by_country,3788000000.0
Norway,Scandinavia,Europe,NATO,natural_gas_consumption_by_country,4548000000.0
Portugal,Southern Europe,Europe,NATO,natural_gas_consumption_by_country,4500000000.0
South Africa,Africa,Africa,Non-NATO,natural_gas_consumption_by_country,4487000000.0
Philippines,Southeast Asia,Asia,Non-NATO,natural_gas_consumption_by_country,2251000000.0
Malaysia,Southeast Asia,Asia,Non-NATO,natural_gas_consumption_by_country,42499000000.0
Iraq,Middle East,Asia,Non-NATO,natural_gas_consumption_by_country,19298000000.0
Switzerland,Central Europe,Europe,Non-NATO,natural_gas_consumption_by_country,3138000000.0
Denmark,Scandinavia,Europe,NATO,natural_gas_consumption_by_country,2208000000.0
Colombia,Latin America,South America,Non-NATO,natural_gas_consumption_by_country,11451000000.0
Chile,Latin America,South America,Non-NATO,natural_gas_consumption_by_country,6916000000.0
Finland,Scandinavia,Europe,NATO,natural_gas_consumption_by_country,1157000000.0
Peru,Latin America,South America,Non-NATO,natural_gas_consumption_by_country,7185000000.0
Venezuela,Latin America,South America,Non-NATO,natural_gas_consumption_by_country,17696000000.0
Romania,Eastern Europe,Europe,Non-NATO,natural_gas_consumption_by_country,10055000000.0
Ethiopia,Africa,Africa,Non-NATO,natural_gas_consumption_by_country,0.0
Czechia,Eastern Europe,Europe,NATO,natural_gas_consumption_by_country,7602000000.0
United Arab Emirates,Middle East,Asia,Non-NATO,natural_gas_consumption_by_country,66091000000.0
Hungary,Eastern Europe,Europe,NATO,natural_gas_consumption_by_country,9485000000.0
Angola,Africa,Africa,Non-NATO,natural_gas_consumption_by_country,1397000000.0
Kazakhstan,Asia,Asia,Non-NATO,natural_gas_consumption_by_country,22623000000.0
Uzbekistan,Asia,Asia,Non-NATO,natural_gas_consumption_by_country,43227000000.0
Morocco,Africa,Africa,Non-NATO,natural_gas_consumption_by_country,243201000.0
Azerbaijan,Asia,Asia,Non-NATO,natural_gas_consumption_by_country,11759000000.0
Belgium,Western Europe,Europe,NATO,natural_gas_consumption_by_country,15347000000.0
Bulgaria,Eastern Europe,Europe,NATO,natural_gas_consumption_by_country,2801000000.0
Serbia,Balkans,Europe,Non-NATO,natural_gas_consumption_by_country,2939000000.0
Syria,Middle East,Asia,Non-NATO,natural_gas_consumption_by_country,3084000000.0
Ecuador,Latin America,South America,Non-NATO,natural_gas_consumption_by_country,309778000.0
Democratic Republic of the Congo,Africa,Africa,Non-NATO,natural_gas_consumption_by_country,380000.0
Cuba,Central America,North America,Non-NATO,natural_gas_consumption_by_country,659434000.0
Austria,Central Europe,Europe,Non-NATO,natural_gas_consumption_by_country,8136000000.0
Sri Lanka,Asia-Pacific,Asia,Non-NATO,natural_gas_consumption_by_country,0.0
Belarus,Eastern Europe,Europe,Non-NATO,natural_gas_consumption_by_country,16683000000.0
Slovakia,Eastern Europe,Europe,NATO,natural_gas_consumption_by_country,60424000.0
Qatar,Middle East,Asia,Non-NATO,natural_gas_consumption_by_country,41515000000.0
Sudan,Africa,Africa,Non-NATO,natural_gas_consumption_by_country,0.0
Croatia,Balkans,Europe,NATO,natural_gas_consumption_by_country,2502000000.0
Jordan,Middle East,Asia,Non-NATO,natural_gas_consumption_by_country,4382000000.0
Libya,Africa,Africa,Non-NATO,natural_gas_consumption_by_country,9212000000.0
Turkmenistan,Asia,Asia,Non-NATO,natural_gas_consumption_by_country,41561000000.0
Albania,Balkans,Europe,NATO,natural_gas_consumption_by_country,50623000.0
Kuwait,Gulf Powers,Asia,Non-NATO,natural_gas_consumption_by_country,26083000000.0
Bolivia,Latin America,South America,Non-NATO,natural_gas_consumption_by_country,3055000000.0
Bahrain,Gulf Powers,Asia,Non-NATO,natural_gas_consumption_by_country,17924000000.0
Oman,Gulf Powers,Asia,Non-NATO,natural_gas_consumption_by_country,27364000000.0
Kenya,Africa,Africa,Non-NATO,natural_gas_consumption_by_country,0.0
Chad,Africa,Africa,Non-NATO,natural_gas_consumption_by_country,0.0
Yemen,Middle East,Asia,Non-NATO,natural_gas_consumption_by_country,189432000.0
New Zealand,Asia-Pacific,Oceania,Non-NATO,natural_gas_consumption_by_country,3819000000.0
Paraguay,Latin America,South America,Non-NATO,natural_gas_consumption_by_country,0.0
Lithuania,Northern Europe,Europe,NATO,natural_gas_consumption_by_country,1601000000.0
Mozambique,Africa,Africa,Non-NATO,natural_gas_consumption_by_country,1347000000.0
Tunisia,Africa,Africa,Non-NATO,natural_gas_consumption_by_country,5153000000.0
Armenia,Asia,Asia,Non-NATO,natural_gas_consumption_by_country,2861000000.0
Tanzania,Africa,Africa,Non-NATO,natural_gas_consumption_by_country,1808000000.0
Cameroon,Africa,Africa,Non-NATO,natural_gas_consumption_by_country,877058000.0
Georgia,Asia,Asia,Non-NATO,natural_gas_consumption_by_country,2796000000.0
Cambodia,Southeast Asia,Asia,Non-NATO,natural_gas_consumption_by_country,0.0
Slovenia,Balkans,Europe,NATO,natural_gas_consumption_by_country,840902000.0
Ireland,Northern Europe,Europe,Non-NATO,natural_gas_consumption_by_country,5280000000.0
Mongolia,Asia-Pacific,Asia,Non-NATO,natural_gas_consumption_by_country,0.0
Latvia,Northern Europe,Europe,NATO,natural_gas_consumption_by_country,828214000.0
Uruguay,Latin America,South America,Non-NATO,natural_gas_consumption_by_country,86037000.0
Honduras,Central America,North America,Non-NATO,natural_gas_consumption_by_country,0.0
Ivory Coast,Africa,Africa,Non-NATO,natural_gas_consumption_by_country,2635000000.0
Guatemala,Central America,North America,Non-NATO,natural_gas_consumption_by_country,2986000.0
Mali,Africa,Africa,Non-NATO,natural_gas_consumption_by_country,0.0
Kyrgyzstan,Asia,Asia,Non-NATO,natural_gas_consumption_by_country,438000000.0
Laos,Southeast Asia,Asia,Non-NATO,natural_gas_consumption_by_country,0.0
Estonia,Northern Europe,Europe,NATO,natural_gas_consumption_by_country,354912000.0
Tajikistan,Asia,Asia,Non-NATO,natural_gas_consumption_by_country,85567000.0
Zambia,Africa,Africa,Non-NATO,natural_gas_consumption_by_country,0.0
Ghana,Africa,Africa,Non-NATO,natural_gas_consumption_by_country,3912000000.0
Zimbabwe,Africa,Africa,Non-NATO,natural_gas_consumption_by_country,0.0
North Macedonia,Balkans,Europe,Non-NATO,natural_gas_consumption_by_country,274928000.0
South Sudan,Africa,Africa,Non-NATO,natural_gas_consumption_by_country,0.0
Uganda,Africa,Africa,Non-NATO,natural_gas_consumption_by_country,0.0
Lebanon,Middle East,Asia,Non-NATO,natural_gas_consumption_by_country,0.0
Namibia,Africa,Africa,Non-NATO,natural_gas_consumption_by_country,0.0
Luxembourg,Western Europe,Europe,NATO,natural_gas_consumption_by_country,594240000.0
Afghanistan,Asia,Asia,Non-NATO,natural_gas_consumption_by_country,80200000.0
Niger,Africa,Africa,Non-NATO,natural_gas_consumption_by_country,29858000.0
Eritrea,Africa,Africa,Non-NATO,natural_gas_consumption_by_country,0.0
Republic of the Congo,Africa,Africa,Non-NATO,natural_gas_consumption_by_country,423000000.0
Botswana,Africa,Africa,Non-NATO,natural_gas_consumption_by_country,0.0
Mauritania,Africa,Africa,Non-NATO,natural_gas_consumption_by_country,0.0
Dominican Republic,Central America,North America,Non-NATO,natural_gas_consumption_by_country,2440000000.0
Senegal,Africa,Africa,Non-NATO,natural_gas_consumption_by_country,54498000.0
Nepal,Asia-Pacific,Asia,Non-NATO,natural_gas_consumption_by_country,0.0
Montenegro,Balkans,Europe,NATO,natural_gas_consumption_by_country,0.0
El Salvador,Central America,North America,Non-NATO,natural_gas_consumption_by_country,226472.0
Burkina Faso,Africa,Africa,Non-NATO,natural_gas_consumption_by_country,0.0
Madagascar,Africa,Africa,Non-NATO,natural_gas_consumption_by_country,0.0
Nicaragua,Central America,North America,Non-NATO,natural_gas_consumption_by_country,0.0
Bosnia and Herzegovina,Balkans,Europe,Non-NATO,natural_gas_consumption_by_country,225824000.0
Gabon,Africa,Africa,Non-NATO,natural_gas_consumption_by_country,463000000.0
Moldova,Eastern Europe,Europe,Non-NATO,natural_gas_consumption_by_country,2344000000.0
Iceland,Scandinavia,Europe,NATO,natural_gas_consumption_by_country,0.0
Panama,Central America,North America,Non-NATO,natural_gas_consumption_by_country,389611000.0
Beliz,Central America,North America,Non-NATO,natural_gas_consumption_by_country,0.0
Liberia,Africa,Africa,Non-NATO,natural_gas_consumption_by_country,0.0
Suriname,Northern South America,South America,Non-NATO,natural_gas_consumption_by_country,6967000.0
Sierra Leone,Africa,Africa,Non-NATO,natural_gas_consumption_by_country,0.0
Kosovo,Southern Europe,Europe,Non-NATO,natural_gas_consumption_by_country,0.0
Somalia,Africa,Africa,Non-NATO,natural_gas_consumption_by_country,0.0
Central African Republic,Africa,Africa,Non-NATO,natural_gas_consumption_by_country,0.0
Benin,Africa,Africa,Non-NATO,natural_gas_consumption_by_country,182131000.0
Bhutan,Asia,Asia,Non-NATO,natural_gas_consumption_by_country,0.0
United States,Northern America,North America,NATO,proven_natural_gas_reserves_by_country,13400000000000.0
Russia,Eastern Europe,Europe,Non-NATO,proven_natural_gas_reserves_by_country,47800000000000.0
China,Asia-Pacific,Asia,Non-NATO,proven_natural_gas_reserves_by_country,6650000000000.0
India,Asia-Pacific,Asia,Non-NATO,proven_natural_gas_reserves_by_country,1380000000000.0
South Korea,Asia-Pacific,Asia,Non-NATO,proven_natural_gas_reserves_by_country,7079000000.0
United Kingdom,Northern Europe,Europe,NATO,proven_natural_gas_reserves_by_country,181000000000.0
France,Western Europe,Europe,NATO,proven_natural_gas_reserves_by_country,7787000000.0
Japan,Asia-Pacific,Asia,Non-NATO,proven_natural_gas_reserves_by_country,20898000000.0
Turkiye,Middle East,Asia,NATO,proven_natural_gas_reserves_by_country,3794000000.0
Italy,Southern Europe,Europe,NATO,proven_natural_gas_reserves_by_country,45750000000.0
Brazil,Latin America,South America,Non-NATO,proven_natural_gas_reserves_by_country,364000000000.0
Pakistan,Asia-Pacific,Asia,Non-NATO,proven_natural_gas_reserves_by_country,592000000000.0
Indonesia,Southeast Asia,Asia,Non-NATO,proven_natural_gas_reserves_by_country,1410000000000.0
Germany,Central Europe,Europe,NATO,proven_natural_gas_reserves_by_country,23390000000.0
Israel,Middle East,Asia,Non-NATO,proven_natural_gas_reserves_by_country,176000000000.0
Iran,Middle East,Asia,Non-NATO,proven_natural_gas_reserves_by_country,34000000000000.0
Spain,Southern Europe,Europe,NATO,proven_natural_gas_reserves_by_country,2549000000.0
Australia,Asia-Pacific,Oceania,Non-NATO,proven_natural_gas_reserves_by_country,3230000000000.0
Egypt,Africa,Africa,Non-NATO,proven_natural_gas_reserves_by_country,1780000000000.0
Ukraine,Eastern Europe,Europe,Non-NATO,proven_natural_gas_reserves_by_country,1100000000000.0
Poland,Eastern Europe,Europe,NATO,proven_natural_gas_reserves_by_country,91492000000.0
Taiwan,Asia-Pacific,Asia,Non-NATO,proven_natural_gas_reserves_by_country,6230000000.0
Vietnam,Southeast Asia,Asia,Non-NATO,proven_natural_gas_reserves_by_country,699000000000.0
Saudi Arabia,Middle East,Asia,Non-NATO,proven_natural_gas_reserves_by_country,9420000000000.0
Thailand,Southeast Asia,Asia,Non-NATO,proven_natural_gas_reserves_by_country,138000000000.0
Algeria,Africa,Africa,Non-NATO,proven_natural_gas_reserves_by_country,4500000000000.0
Sweden,Scandinavia,Europe,NATO,proven_natural_gas_reserves_by_country,0.0
Canada,Northern America,North America,NATO,proven_natural_gas_reserves_by_country,2070000000000.0
Singapore,Southeast Asia,Asia,Non-NATO,proven_natural_gas_reserves_by_country,0.0
Greece,Southern Europe,Europe,NATO,proven_natural_gas_reserves_by_country,991090000.0
Nigeria,Africa,Africa,Non-NATO,proven_natural_gas_reserves_by_country,5760000000000.0
Mexico,Mexico,North America,Non-NATO,proven_natural_gas_reserves_by_country,180000000000.0
Argentina,Latin America,South America,Non-NATO,proven_natural_gas_reserves_by_country,396000000000.0
North Korea,Asia-Pacific,Asia,Non-NATO,proven_natural_gas_reserves_by_country,0.0
Bangladesh,Asia-Pacific,Asia,Non-NATO,proven_natural_gas_reserves_by_country,126000000000.0
Netherlands,Western Europe,Europe,NATO,proven_natural_gas_reserves_by_country,133000000000.0
Myanmar,Southeast Asia,Asia,Non-NATO,proven_natural_gas_reserves_by_country,637000000000.0
Norway,Scandinavia,Europe,NATO,proven_natural_gas_reserves_by_country,1540000000000.0
Portugal,Southern Europe,Europe,NATO,proven_natural_gas_reserves_by_country,72000000000.0
South Africa,Africa,Africa,Non-NATO,proven_natural_gas_reserves_by_country,0.0
Philippines,Southeast Asia,Asia,Non-NATO,proven_natural_gas_reserves_by_country,98543000000.0
Malaysia,Southeast Asia,Asia,Non-NATO,proven_natural_gas_reserves_by_country,1190000000000.0
Iraq,Middle East,Asia,Non-NATO,proven_natural_gas_reserves_by_country,3730000000000.0
Switzerland,Central Europe,Europe,Non-NATO,proven_natural_gas_reserves_by_country,0.0
Denmark,Scandinavia,Europe,NATO,proven_natural_gas_reserves_by_country,29534000000.0
Colombia,Latin America,South America,Non-NATO,proven_natural_gas_reserves_by_country,87782000000.0
Chile,Latin America,South America,Non-NATO,proven_natural_gas_reserves_by_country,97976000000.0
Finland,Scandinavia,Europe,NATO,proven_natural_gas_reserves_by_country,0.0
Peru,Latin America,South America,Non-NATO,proven_natural_gas_reserves_by_country,300000000000.0
Venezuela,Latin America,South America,Non-NATO,proven_natural_gas_reserves_by_country,5670000000000.0
Romania,Eastern Europe,Europe,Non-NATO,proven_natural_gas_reserves_by_country,105000000000.0
Ethiopia,Africa,Africa,Non-NATO,proven_natural_gas_reserves_by_country,24919000000.0
Czechia,Eastern Europe,Europe,NATO,proven_natural_gas_reserves_by_country,3964000000.0
United Arab Emirates,Middle East,Asia,Non-NATO,proven_natural_gas_reserves_by_country,6091000000.0
Hungary,Eastern Europe,Europe,NATO,proven_natural_gas_reserves_by_country,3738000000.0
Angola,Africa,Africa,Non-NATO,proven_natural_gas_reserves_by_country,343000000000.0
Kazakhstan,Asia,Asia,Non-NATO,proven_natural_gas_reserves_by_country,2410000000000.0
Uzbekistan,Asia,Asia,Non-NATO,proven_natural_gas_reserves_by_country,1840000000000.0
Morocco,Africa,Africa,Non-NATO,proven_natural_gas_reserves_by_country,1444000000.0
Azerbaijan,Asia,Asia,Non-NATO,proven_natural_gas_reserves_by_country,1700000000000.0
Belgium,Western Europe,Europe,NATO,proven_natural_gas_reserves_by_country,0.0
Bulgaria,Eastern Europe,Europe,NATO,proven_natural_gas_reserves_by_country,5663000000.0
Serbia,Balkans,Europe,Non-NATO,proven_natural_gas_reserves_by_country,48139000000.0
Syria,Middle East,Asia,Non-NATO,proven_natural_gas_reserves_by_country,241000000000.0
Ecuador,Latin America,South America,Non-NATO,proven_natural_gas_reserves_by_country,10902000000.0
Democratic Republic of the Congo,Africa,Africa,Non-NATO,proven_natural_gas_reserves_by_country,991090000.0
Cuba,Central America,North America,Non-NATO,proven_natural_gas_reserves_by_country,70792000000.0
Austria,Central Europe,Europe,Non-NATO,proven_natural_gas_reserves_by_country,5040000000.0
Sri Lanka,Asia-Pacific,Asia,Non-NATO,proven_natural_gas_reserves_by_country,0.0
Belarus,Eastern Europe,Europe,Non-NATO,proven_natural_gas_reserves_by_country,2832000000.0
Slovakia,Eastern Europe,Europe,NATO,proven_natural_gas_reserves_by_country,14158000000.0
Qatar,Middle East,Asia,Non-NATO,proven_natural_gas_reserves_by_country,23900000000000.0
Sudan,Africa,Africa,Non-NATO,proven_natural_gas_reserves_by_country,84951000000.0
Croatia,Balkans,Europe,NATO,proven_natural_gas_reserves_by_country,24919000000.0
Jordan,Middle East,Asia,Non-NATO,proven_natural_gas_reserves_by_country,6031000000.0
Libya,Africa,Africa,Non-NATO,proven_natural_gas_reserves_by_country,1510000000000.0
Turkmenistan,Asia,Asia,Non-NATO,proven_natural_gas_reserves_by_country,11300000000000.0
Albania,Balkans,Europe,NATO,proven_natural_gas_reserves_by_country,5692000000.0
Kuwait,Gulf Powers,Asia,Non-NATO,proven_natural_gas_reserves_by_country,1780000000000.0
Bolivia,Latin America,South America,Non-NATO,proven_natural_gas_reserves_by_country,303000000000.0
Bahrain,Gulf Powers,Asia,Non-NATO,proven_natural_gas_reserves_by_country,81382000000.0
Oman,Gulf Powers,Asia,Non-NATO,proven_natural_gas_reserves_by_country,651000000000.0
Kenya,Africa,Africa,Non-NATO,proven_natural_gas_reserves_by_country,0.0
Chad,Africa,Africa,Non-NATO,proven_natural_gas_reserves_by_country,0.0
Yemen,Middle East,Asia,Non-NATO,proven_natural_gas_reserves_by_country,479000000000.0
New Zealand,Asia-Pacific,Oceania,Non-NATO,proven_natural_gas_reserves_by_country,31149000000.0
Paraguay,Latin America,South America,Non-NATO,proven_natural_gas_reserves_by_country,0.0
Lithuania,Northern Europe,Europe,NATO,proven_natural_gas_reserves_by_country,0.0
Mozambique,Africa,Africa,Non-NATO,proven_natural_gas_reserves_by_country,2830000000000.0
Tunisia,Africa,Africa,Non-NATO,proven_natural_gas_reserves_by_country,65129000000.0
Armenia,Asia,Asia,Non-NATO,proven_natural_gas_reserves_by_country,0.0
Tanzania,Africa,Africa,Non-NATO,proven_natural_gas_reserves_by_country,6513000000.0
Cameroon,Africa,Africa,Non-NATO,proven_natural_gas_reserves_by_country,135000000000.0
Georgia,Asia,Asia,Non-NATO,proven_natural_gas_reserves_by_country,8495000000.0
Cambodia,Southeast Asia,Asia,Non-NATO,proven_natural_gas_reserves_by_country,0.0
Slovenia,Balkans,Europe,NATO,proven_natural_gas_reserves_by_country,0.0
Ireland,Northern Europe,Europe,Non-NATO,proven_natural_gas_reserves_by_country,9911000000.0
Mongolia,Asia-Pacific,Asia,Non-NATO,proven_natural_gas_reserves_by_country,0.0
Latvia,Northern Europe,Europe,NATO,proven_natural_gas_reserves_by_country,0.0
Uruguay,Latin America,South America,Non-NATO,proven_natural_gas_reserves_by_country,0.0
Honduras,Central America,North America,Non-NATO,proven_natural_gas_reserves_by_country,0.0
Ivory Coast,Africa,Africa,Non-NATO,proven_natural_gas_reserves_by_country,28317000000.0
Guatemala,Central America,North America,Non-NATO,proven_natural_gas_reserves_by_country,0.0
Mali,Africa,Africa,Non-NATO,proven_natural_gas_reserves_by_country,0.0
Kyrgyzstan,Asia,Asia,Non-NATO,proven_natural_gas_reserves_by_country,5663000000.0
Laos,Southeast Asia,Asia,Non-NATO,proven_natural_gas_reserves_by_country,0.0
Estonia,Northern Europe,Europe,NATO,proven_natural_gas_reserves_by_country,0.0
Tajikistan,Asia,Asia,Non-NATO,proven_natural_gas_reserves_by_country,5663000000.0
Zambia,Africa,Africa,Non-NATO,proven_natural_gas_reserves_by_country,0.0
Ghana,Africa,Africa,Non-NATO,proven_natural_gas_reserves_by_country,22653000000.0
Zimbabwe,Africa,Africa,Non-NATO,proven_natural_gas_reserves_by_country,0.0
North Macedonia,Balkans,Europe,Non-NATO,proven_natural_gas_reserves_by_country,0.0
South Sudan,Africa,Africa,Non-NATO,proven_natural_gas_reserves_by_country,0.0
Uganda,Africa,Africa,Non-NATO,proven_natural_gas_reserves_by_country,14158000000.0
Lebanon,Middle East,Asia,Non-NATO,proven_natural_gas_reserves_by_country,0.0
Namibia,Africa,Africa,Non-NATO,proven_natural_gas_reserves_by_country,62297000000.0
Luxembourg,Western Europe,Europe,NATO,proven_natural_gas_reserves_by_country,0.0
Afghanistan,Asia,Asia,Non-NATO,proven_natural_gas_reserves_by_country,49554000000.0
Niger,Africa,Africa,Non-NATO,proven_natural_gas_reserves_by_country,0.0
Eritrea,Africa,Africa,Non-NATO,proven_natural_gas_reserves_by_country,0.0
Republic of the Congo,Africa,Africa,Non-NATO,proven_natural_gas_reserves_by_country,284000000000.0
Botswana,Africa,Africa,Non-NATO,proven_natural_gas_reserves_by_country,0.0
Mauritania,Africa,Africa,Non-NATO,proven_natural_gas_reserves_by_country,28317000000.0
Dominican Republic,Central America,North America,Non-NATO,proven_natural_gas_reserves_by_country,0.0
Senegal,Africa,Africa,Non-NATO,proven_natural_gas_reserves_by_country,0.0
Nepal,Asia-Pacific,Asia,Non-NATO,proven_natural_gas_reserves_by_country,0.0
Montenegro,Balkans,Europe,NATO,proven_natural_gas_reserves_by_country,0.0
El Salvador,Central America,North America,Non-NATO,proven_natural_gas_reserves_by_country,0.0
Burkina Faso,Africa,Africa,Non-NATO,proven_natural_gas_reserves_by_country,0.0
Madagascar,Africa,Africa,Non-NATO,proven_natural_gas_reserves_by_country,0.0
Nicaragua,Central America,North America,Non-NATO,proven_natural_gas_reserves_by_country,0.0
Bosnia and Herzegovina,Balkans,Europe,Non-NATO,proven_natural_gas_reserves_by_country,0.0
Gabon,Africa,Africa,Non-NATO,proven_natural_gas_reserves_by_country,25995000000.0
Moldova,Eastern Europe,Europe,Non-NATO,proven_natural_gas_reserves_by_country,0.0
Iceland,Scandinavia,Europe,NATO,proven_natural_gas_reserves_by_country,0.0
Panama,Central America,North America,Non-NATO,proven_natural_gas_reserves_by_country,0.0
Beliz,Central America,North America,Non-NATO,proven_natural_gas_reserves_by_country,0.0
Liberia,Africa,Africa,Non-NATO,proven_natural_gas_reserves_by_country,0.0
Suriname,Northern South America,South America,Non-NATO,proven_natural_gas_reserves_by_country,0.0
Sierra Leone,Africa,Africa,Non-NATO,proven_natural_gas_reserves_by_country,0.0
Kosovo,Southern Europe,Europe,Non-NATO,proven_natural_gas_reserves_by_country,0.0
Somalia,Africa,Africa,Non-NATO,proven_natural_gas_reserves_by_country,5663000000.0
Central African Republic,Africa,Africa,Non-NATO,proven_natural_gas_reserves_by_country,0.0
Benin,Africa,Africa,Non-NATO,proven_natural_gas_reserves_by_country,1133000000.0
Bhutan,Asia,Asia,Non-NATO,proven_natural_gas_reserves_by_country,0.0
United States,Northern America,North America,NATO,coal_production_by_country,548849000
Russia,Eastern Europe,Europe,Non-NATO,coal_production_by_country,508190000
China,Asia-Pacific,Asia,Non-NATO,coal_production_by_country,4827000000
India,Asia-Pacific,Asia,Non-NATO,coal_production_by_country,985671000
South Korea,Asia-Pacific,Asia,Non-NATO,coal_production_by_country,15595000
United Kingdom,Northern Europe,Europe,NATO,coal_production_by_country,1891000
France,Western Europe,Europe,NATO,coal_production_by_country,2419000
Japan,Asia-Pacific,Asia,Non-NATO,coal_production_by_country,29141000
Turkiye,Middle East,Asia,NATO,coal_production_by_country,88746000
Italy,Southern Europe,Europe,NATO,coal_production_by_country,1618000
Brazil,Latin America,South America,Non-NATO,coal_production_by_country,15644000
Pakistan,Asia-Pacific,Asia,Non-NATO,coal_production_by_country,12712000
Indonesia,Southeast Asia,Asia,Non-NATO,coal_production_by_country,659357000
Germany,Central Europe,Europe,NATO,coal_production_by_country,138981000
Israel,Middle East,Asia,Non-NATO,coal_production_by_country,0
Iran,Middle East,Asia,Non-NATO,coal_production_by_country,2791000
Spain,Southern Europe,Europe,NATO,coal_production_by_country,1293000
Australia,Asia-Pacific,Oceania,Non-NATO,coal_production_by_country,465865000
Egypt,Africa,Africa,Non-NATO,coal_production_by_country,289000
Ukraine,Eastern Europe,Europe,Non-NATO,coal_production_by_country,4248000
Poland,Eastern Europe,Europe,NATO,coal_production_by_country,116682000
Taiwan,Asia-Pacific,Asia,Non-NATO,coal_production_by_country,5608000
Vietnam,Southeast Asia,Asia,Non-NATO,coal_production_by_country,43614000
Saudi Arabia,Middle East,Asia,Non-NATO,coal_production_by_country,0
Thailand,Southeast Asia,Asia,Non-NATO,coal_production_by_country,13642000
Algeria,Africa,Africa,Non-NATO,coal_production_by_country,0
Sweden,Scandinavia,Europe,NATO,coal_production_by_country,1115000
Canada,Northern America,North America,NATO,coal_production_by_country,43024000
Singapore,Southeast Asia,Asia,Non-NATO,coal_production_by_country,0
Greece,Southern Europe,Europe,NATO,coal_production_by_country,13703000
Nigeria,Africa,Africa,Non-NATO,coal_production_by_country,3043000
Mexico,Mexico,North America,Non-NATO,coal_production_by_country,7453000
Argentina,Latin America,South America,Non-NATO,coal_production_by_country,1318000
North Korea,Asia-Pacific,Asia,Non-NATO,coal_production_by_country,21747000
Bangladesh,Asia-Pacific,Asia,Non-NATO,coal_production_by_country,754000
Netherlands,Western Europe,Europe,NATO,coal_production_by_country,1825000
Myanmar,Southeast Asia,Asia,Non-NATO,coal_production_by_country,1268000
Norway,Scandinavia,Europe,NATO,coal_production_by_country,117000
Portugal,Southern Europe,Europe,NATO,coal_production_by_country,0
South Africa,Africa,Africa,Non-NATO,coal_production_by_country,245467000
Philippines,Southeast Asia,Asia,Non-NATO,coal_production_by_country,14483000
Malaysia,Southeast Asia,Asia,Non-NATO,coal_production_by_country,3731000
Iraq,Middle East,Asia,Non-NATO,coal_production_by_country,0
Switzerland,Central Europe,Europe,Non-NATO,coal_production_by_country,0
Denmark,Scandinavia,Europe,NATO,coal_production_by_country,0
Colombia,Latin America,South America,Non-NATO,coal_production_by_country,58747000
Chile,Latin America,South America,Non-NATO,coal_production_by_country,499000
Finland,Scandinavia,Europe,NATO,coal_production_by_country,808000
Peru,Latin America,South America,Non-NATO,coal_production_by_country,153000
Venezuela,Latin America,South America,Non-NATO,coal_production_by_country,197000
Romania,Eastern Europe,Europe,Non-NATO,coal_production_by_country,18160000
Ethiopia,Africa,Africa,Non-NATO,coal_production_by_country,8000
Czechia,Eastern Europe,Europe,NATO,coal_production_by_country,37423000
United Arab Emirates,Middle East,Asia,Non-NATO,coal_production_by_country,0
Hungary,Eastern Europe,Europe,NATO,coal_production_by_country,5450000
Angola,Africa,Africa,Non-NATO,coal_production_by_country,0
Kazakhstan,Asia,Asia,Non-NATO,coal_production_by_country,118195000
Uzbekistan,Asia,Asia,Non-NATO,coal_production_by_country,5356000
Morocco,Africa,Africa,Non-NATO,coal_production_by_country,0
Azerbaijan,Asia,Asia,Non-NATO,coal_production_by_country,0
Belgium,Western Europe,Europe,NATO,coal_production_by_country,1270000
Bulgaria,Eastern Europe,Europe,NATO,coal_production_by_country,35516000
Serbia,Balkans,Europe,Non-NATO,coal_production_by_country,35129000
Syria,Middle East,Asia,Non-NATO,coal_production_by_country,0
Ecuador,Latin America,South America,Non-NATO,coal_production_by_country,0
Democratic Republic of the Congo,Africa,Africa,Non-NATO,coal_production_by_country,0
Cuba,Central America,North America,Non-NATO,coal_production_by_country,0
Austria,Central Europe,Europe,Non-NATO,coal_production_by_country,1271000
Sri Lanka,Asia-Pacific,Asia,Non-NATO,coal_production_by_country,0
Belarus,Eastern Europe,Europe,Non-NATO,coal_production_by_country,0
Slovakia,Eastern Europe,Europe,NATO,coal_production_by_country,2343000
Qatar,Middle East,Asia,Non-NATO,coal_production_by_country,0
Sudan,Africa,Africa,Non-NATO,coal_production_by_country,0
Croatia,Balkans,Europe,NATO,coal_production_by_country,0
Jordan,Middle East,Asia,Non-NATO,coal_production_by_country,0
Libya,Africa,Africa,Non-NATO,coal_production_by_country,0
Turkmenistan,Asia,Asia,Non-NATO,coal_production_by_country,0
Albania,Balkans,Europe,NATO,coal_production_by_country,379000
Kuwait,Gulf Powers,Asia,Non-NATO,coal_production_by_country,0
Bolivia,Latin America,South America,Non-NATO,coal_production_by_country,0
Bahrain,Gulf Powers,Asia,Non-NATO,coal_production_by_country,0
Oman,Gulf Powers,Asia,Non-NATO,coal_production_by_country,0
Kenya,Africa,Africa,Non-NATO,coal_production_by_country,0
Chad,Africa,Africa,Non-NATO,coal_production_by_country,0
Yemen,Middle East,Asia,Non-NATO,coal_production_by_country,0
New Zealand,Asia-Pacific,Oceania,Non-NATO,coal_production_by_country,3036000
Paraguay,Latin America,South America,Non-NATO,coal_production_by_country,0
Lithuania,Northern Europe,Europe,NATO,coal_production_by_country,0
Mozambique,Africa,Africa,Non-NATO,coal_production_by_country,9015000
Tunisia,Africa,Africa,Non-NATO,coal_production_by_country,0
Armenia,Asia,Asia,Non-NATO,coal_production_by_country,60
Tanzania,Africa,Africa,Non-NATO,coal_production_by_country,2511000
Cameroon,Africa,Africa,Non-NATO,coal_production_by_country,0
Georgia,Asia,Asia,Non-NATO,coal_production_by_country,256000
Cambodia,Southeast Asia,Asia,Non-NATO,coal_production_by_country,113000
Slovenia,Balkans,Europe,NATO,coal_production_by_country,2358000
Ireland,Northern Europe,Europe,Non-NATO,coal_production_by_country,0
Mongolia,Asia-Pacific,Asia,Non-NATO,coal_production_by_country,28276000
Latvia,Northern Europe,Europe,NATO,coal_production_by_country,0
Uruguay,Latin America,South America,Non-NATO,coal_production_by_country,0
Honduras,Central America,North America,Non-NATO,coal_production_by_country,0
Ivory Coast,Africa,Africa,Non-NATO,coal_production_by_country,0
Guatemala,Central America,North America,Non-NATO,coal_production_by_country,0
Mali,Africa,Africa,Non-NATO,coal_production_by_country,0
Kyrgyzstan,Asia,Asia,Non-NATO,coal_production_by_country,3637000
Laos,Southeast Asia,Asia,Non-NATO,coal_production_by_country,14845000
Estonia,Northern Europe,Europe,NATO,coal_production_by_country,0
Tajikistan,Asia,Asia,Non-NATO,coal_production_by_country,2175000
Zambia,Africa,Africa,Non-NATO,coal_production_by_country,831000
Ghana,Africa,Africa,Non-NATO,coal_production_by_country,0
Zimbabwe,Africa,Africa,Non-NATO,coal_production_by_country,3877000
North Macedonia,Balkans,Europe,Non-NATO,coal_production_by_country,5075000
South Sudan,Africa,Africa,Non-NATO,coal_production_by_country,0
Uganda,Africa,Africa,Non-NATO,coal_production_by_country,0
Lebanon,Middle East,Asia,Non-NATO,coal_production_by_country,0
Namibia,Africa,Africa,Non-NATO,coal_production_by_country,0
Luxembourg,Western Europe,Europe,NATO,coal_production_by_country,0
Afghanistan,Asia,Asia,Non-NATO,coal_production_by_country,4885000
Niger,Africa,Africa,Non-NATO,coal_production_by_country,457000
Eritrea,Africa,Africa,Non-NATO,coal_production_by_country,0
Republic of the Congo,Africa,Africa,Non-NATO,coal_production_by_country,0
Botswana,Africa,Africa,Non-NATO,coal_production_by_country,2634000
Mauritania,Africa,Africa,Non-NATO,coal_production_by_country,0
Dominican Republic,Central America,North America,Non-NATO,coal_production_by_country,0
Senegal,Africa,Africa,Non-NATO,coal_production_by_country,0
Nepal,Asia-Pacific,Asia,Non-NATO,coal_production_by_country,15000
Montenegro,Balkans,Europe,NATO,coal_production_by_country,1734000
El Salvador,Central America,North America,Non-NATO,coal_production_by_country,0
Burkina Faso,Africa,Africa,Non-NATO,coal_production_by_country,0
Madagascar,Africa,Africa,Non-NATO,coal_production_by_country,0
Nicaragua,Central America,North America,Non-NATO,coal_production_by_country,0
Bosnia and Herzegovina,Balkans,Europe,Non-NATO,coal_production_by_country,14114000
Gabon,Africa,Africa,Non-NATO,coal_production_by_country,0
Moldova,Eastern Europe,Europe,Non-NATO,coal_production_by_country,0
Iceland,Scandinavia,Europe,NATO,coal_production_by_country,0
Panama,Central America,North America,Non-NATO,coal_production_by_country,0
Beliz,Central America,North America,Non-NATO,coal_production_by_country,0
Liberia,Africa,Africa,Non-NATO,coal_production_by_country,0
Suriname,Northern South America,South America,Non-NATO,coal_production_by_country,0
Sierra Leone,Africa,Africa,Non-NATO,coal_production_by_country,0
Kosovo,Southern Europe,Europe,Non-NATO,coal_production_by_country,9074000
Somalia,Africa,Africa,Non-NATO,coal_production_by_country,0
Central African Republic,Africa,Africa,Non-NATO,coal_production_by_country,0
Benin,Africa,Africa,Non-NATO,coal_production_by_country,0
Bhutan,Asia,Asia,Non-NATO,coal_production_by_country,177000
United States,Northern America,North America,NATO,coal_consumption_by_country,476044000
Russia,Eastern Europe,Europe,Non-NATO,coal_consumption_by_country,310958000
China,Asia-Pacific,Asia,Non-NATO,coal_consumption_by_country,5313000000
India,Asia-Pacific,Asia,Non-NATO,coal_consumption_by_country,1200000000
South Korea,Asia-Pacific,Asia,Non-NATO,coal_consumption_by_country,136413000
United Kingdom,Northern Europe,Europe,NATO,coal_consumption_by_country,8568000
France,Western Europe,Europe,NATO,coal_consumption_by_country,12985000
Japan,Asia-Pacific,Asia,Non-NATO,coal_consumption_by_country,216332000
Turkiye,Middle East,Asia,NATO,coal_consumption_by_country,123976000
Italy,Southern Europe,Europe,NATO,coal_consumption_by_country,13127000
Brazil,Latin America,South America,Non-NATO,coal_consumption_by_country,32787000
Pakistan,Asia-Pacific,Asia,Non-NATO,coal_consumption_by_country,34027000
Indonesia,Southeast Asia,Asia,Non-NATO,coal_consumption_by_country,202283000
Germany,Central Europe,Europe,NATO,coal_consumption_by_country,186725000
Israel,Middle East,Asia,Non-NATO,coal_consumption_by_country,6476000
Iran,Middle East,Asia,Non-NATO,coal_consumption_by_country,3531000
Spain,Southern Europe,Europe,NATO,coal_consumption_by_country,8255000
Australia,Asia-Pacific,Oceania,Non-NATO,coal_consumption_by_country,107624000
Egypt,Africa,Africa,Non-NATO,coal_consumption_by_country,3083000
Ukraine,Eastern Europe,Europe,Non-NATO,coal_consumption_by_country,10953000
Poland,Eastern Europe,Europe,NATO,coal_consumption_by_country,123782000
Taiwan,Asia-Pacific,Asia,Non-NATO,coal_consumption_by_country,66855000
Vietnam,Southeast Asia,Asia,Non-NATO,coal_consumption_by_country,83116000
Saudi Arabia,Middle East,Asia,Non-NATO,coal_consumption_by_country,164000
Thailand,Southeast Asia,Asia,Non-NATO,coal_consumption_by_country,36030000
Algeria,Africa,Africa,Non-NATO,coal_consumption_by_country,167000
Sweden,Scandinavia,Europe,NATO,coal_consumption_by_country,3396000
Canada,Northern America,North America,NATO,coal_consumption_by_country,17138000
Singapore,Southeast Asia,Asia,Non-NATO,coal_consumption_by_country,784000
Greece,Southern Europe,Europe,NATO,coal_consumption_by_country,13988000
Nigeria,Africa,Africa,Non-NATO,coal_consumption_by_country,3044000
Mexico,Mexico,North America,Non-NATO,coal_consumption_by_country,18423000
Argentina,Latin America,South America,Non-NATO,coal_consumption_by_country,3391000
North Korea,Asia-Pacific,Asia,Non-NATO,coal_consumption_by_country,21747000
Bangladesh,Asia-Pacific,Asia,Non-NATO,coal_consumption_by_country,7514000
Netherlands,Western Europe,Europe,NATO,coal_consumption_by_country,10610000
Myanmar,Southeast Asia,Asia,Non-NATO,coal_consumption_by_country,1453000
Norway,Scandinavia,Europe,NATO,coal_consumption_by_country,1201000
Portugal,Southern Europe,Europe,NATO,coal_consumption_by_country,0
South Africa,Africa,Africa,Non-NATO,coal_consumption_by_country,176148000
Philippines,Southeast Asia,Asia,Non-NATO,coal_consumption_by_country,37130000
Malaysia,Southeast Asia,Asia,Non-NATO,coal_consumption_by_country,35050000
Iraq,Middle East,Asia,Non-NATO,coal_consumption_by_country,0
Switzerland,Central Europe,Europe,Non-NATO,coal_consumption_by_country,161000
Denmark,Scandinavia,Europe,NATO,coal_consumption_by_country,1788000
Colombia,Latin America,South America,Non-NATO,coal_consumption_by_country,7880000
Chile,Latin America,South America,Non-NATO,coal_consumption_by_country,8637000
Finland,Scandinavia,Europe,NATO,coal_consumption_by_country,4141000
Peru,Latin America,South America,Non-NATO,coal_consumption_by_country,712000
Venezuela,Latin America,South America,Non-NATO,coal_consumption_by_country,82000
Romania,Eastern Europe,Europe,Non-NATO,coal_consumption_by_country,19404000
Ethiopia,Africa,Africa,Non-NATO,coal_consumption_by_country,660000
Czechia,Eastern Europe,Europe,NATO,coal_consumption_by_country,40239000
United Arab Emirates,Middle East,Asia,Non-NATO,coal_consumption_by_country,3273000
Hungary,Eastern Europe,Europe,NATO,coal_consumption_by_country,6180000
Angola,Africa,Africa,Non-NATO,coal_consumption_by_country,0
Kazakhstan,Asia,Asia,Non-NATO,coal_consumption_by_country,84852000
Uzbekistan,Asia,Asia,Non-NATO,coal_consumption_by_country,7396000
Morocco,Africa,Africa,Non-NATO,coal_consumption_by_country,11940000
Azerbaijan,Asia,Asia,Non-NATO,coal_consumption_by_country,60000
Belgium,Western Europe,Europe,NATO,coal_consumption_by_country,4869000
Bulgaria,Eastern Europe,Europe,NATO,coal_consumption_by_country,35970000
Serbia,Balkans,Europe,Non-NATO,coal_consumption_by_country,38297000
Syria,Middle East,Asia,Non-NATO,coal_consumption_by_country,47000
Ecuador,Latin America,South America,Non-NATO,coal_consumption_by_country,21000
Democratic Republic of the Congo,Africa,Africa,Non-NATO,coal_consumption_by_country,23000
Cuba,Central America,North America,Non-NATO,coal_consumption_by_country,2000
Austria,Central Europe,Europe,Non-NATO,coal_consumption_by_country,5026000
Sri Lanka,Asia-Pacific,Asia,Non-NATO,coal_consumption_by_country,2084000
Belarus,Eastern Europe,Europe,Non-NATO,coal_consumption_by_country,778000
Slovakia,Eastern Europe,Europe,NATO,coal_consumption_by_country,5794000
Qatar,Middle East,Asia,Non-NATO,coal_consumption_by_country,0
Sudan,Africa,Africa,Non-NATO,coal_consumption_by_country,0
Croatia,Balkans,Europe,NATO,coal_consumption_by_country,702000
Jordan,Middle East,Asia,Non-NATO,coal_consumption_by_country,479000
Libya,Africa,Africa,Non-NATO,coal_consumption_by_country,0
Turkmenistan,Asia,Asia,Non-NATO,coal_consumption_by_country,0
Albania,Balkans,Europe,NATO,coal_consumption_by_country,389000
Kuwait,Gulf Powers,Asia,Non-NATO,coal_consumption_by_country,145000
Bolivia,Latin America,South America,Non-NATO,coal_consumption_by_country,9000
Bahrain,Gulf Powers,Asia,Non-NATO,coal_consumption_by_country,0
Oman,Gulf Powers,Asia,Non-NATO,coal_consumption_by_country,31000
Kenya,Africa,Africa,Non-NATO,coal_consumption_by_country,1168000
Chad,Africa,Africa,Non-NATO,coal_consumption_by_country,0
Yemen,Middle East,Asia,Non-NATO,coal_consumption_by_country,165000
New Zealand,Asia-Pacific,Oceania,Non-NATO,coal_consumption_by_country,2441000
Paraguay,Latin America,South America,Non-NATO,coal_consumption_by_country,1000
Lithuania,Northern Europe,Europe,NATO,coal_consumption_by_country,263000
Mozambique,Africa,Africa,Non-NATO,coal_consumption_by_country,11000
Tunisia,Africa,Africa,Non-NATO,coal_consumption_by_country,2000
Armenia,Asia,Asia,Non-NATO,coal_consumption_by_country,23000
Tanzania,Africa,Africa,Non-NATO,coal_consumption_by_country,802000
Cameroon,Africa,Africa,Non-NATO,coal_consumption_by_country,0
Georgia,Asia,Asia,Non-NATO,coal_consumption_by_country,516000
Cambodia,Southeast Asia,Asia,Non-NATO,coal_consumption_by_country,2215000
Slovenia,Balkans,Europe,NATO,coal_consumption_by_country,2553000
Ireland,Northern Europe,Europe,Non-NATO,coal_consumption_by_country,1322000
Mongolia,Asia-Pacific,Asia,Non-NATO,coal_consumption_by_country,6393000
Latvia,Northern Europe,Europe,NATO,coal_consumption_by_country,20000
Uruguay,Latin America,South America,Non-NATO,coal_consumption_by_country,18000
Honduras,Central America,North America,Non-NATO,coal_consumption_by_country,190000
Ivory Coast,Africa,Africa,Non-NATO,coal_consumption_by_country,0
Guatemala,Central America,North America,Non-NATO,coal_consumption_by_country,1296000
Mali,Africa,Africa,Non-NATO,coal_consumption_by_country,0
Kyrgyzstan,Asia,Asia,Non-NATO,coal_consumption_by_country,3352000
Laos,Southeast Asia,Asia,Non-NATO,coal_consumption_by_country,13691000
Estonia,Northern Europe,Europe,NATO,coal_consumption_by_country,3000
Tajikistan,Asia,Asia,Non-NATO,coal_consumption_by_country,2245000
Zambia,Africa,Africa,Non-NATO,coal_consumption_by_country,823000
Ghana,Africa,Africa,Non-NATO,coal_consumption_by_country,85000
Zimbabwe,Africa,Africa,Non-NATO,coal_consumption_by_country,4479000
North Macedonia,Balkans,Europe,Non-NATO,coal_consumption_by_country,5776000
South Sudan,Africa,Africa,Non-NATO,coal_consumption_by_country,0
Uganda,Africa,Africa,Non-NATO,coal_consumption_by_country,0
Lebanon,Middle East,Asia,Non-NATO,coal_consumption_by_country,207000
Namibia,Africa,Africa,Non-NATO,coal_consumption_by_country,32000
Luxembourg,Western Europe,Europe,NATO,coal_consumption_by_country,62000
Afghanistan,Asia,Asia,Non-NATO,coal_consumption_by_country,1545000
Niger,Africa,Africa,Non-NATO,coal_consumption_by_country,457000
Eritrea,Africa,Africa,Non-NATO,coal_consumption_by_country,0
Republic of the Congo,Africa,Africa,Non-NATO,coal_consumption_by_country,0
Botswana,Africa,Africa,Non-NATO,coal_consumption_by_country,2291000
Mauritania,Africa,Africa,Non-NATO,coal_consumption_by_country,0
Dominican Republic,Central America,North America,Non-NATO,coal_consumption_by_country,2188000
Senegal,Africa,Africa,Non-NATO,coal_consumption_by_country,502000
Nepal,Asia-Pacific,Asia,Non-NATO,coal_consumption_by_country,1095000
Montenegro,Balkans,Europe,NATO,coal_consumption_by_country,1517000
El Salvador,Central America,North America,Non-NATO,coal_consumption_by_country,500
Burkina Faso,Africa,Africa,Non-NATO,coal_consumption_by_country,0
Madagascar,Africa,Africa,Non-NATO,coal_consumption_by_country,511000
Nicaragua,Central America,North America,Non-NATO,coal_consumption_by_country,0
Bosnia and Herzegovina,Balkans,Europe,Non-NATO,coal_consumption_by_country,14766000
Gabon,Africa,Africa,Non-NATO,coal_consumption_by_country,0
Moldova,Eastern Europe,Europe,Non-NATO,coal_consumption_by_country,120000
Iceland,Scandinavia,Europe,NATO,coal_consumption_by_country,188000
Panama,Central America,North America,Non-NATO,coal_consumption_by_country,837000
Beliz,Central America,North America,Non-NATO,coal_consumption_by_country,0
Liberia,Africa,Africa,Non-NATO,coal_consumption_by_country,0
Suriname,Northern South America,South America,Non-NATO,coal_consumption_by_country,0
Sierra Leone,Africa,Africa,Non-NATO,coal_consumption_by_country,0
Kosovo,Southern Europe,Europe,Non-NATO,coal_consumption_by_country,8927000
Somalia,Africa,Africa,Non-NATO,coal_consumption_by_country,0
Central African Republic,Africa,Africa,Non-NATO,coal_consumption_by_country,0
Benin,Africa,Africa,Non-NATO,coal_consumption_by_country,45000
Bhutan,Asia,Asia,Non-NATO,coal_consumption_by_country,325000
United States,Northern America,North America,NATO,proven_coal_reserves_by_country,249000000000.0
Russia,Eastern Europe,Europe,Non-NATO,proven_coal_reserves_by_country,162000000000.0
China,Asia-Pacific,Asia,Non-NATO,proven_coal_reserves_by_country,143000000000.0
India,Asia-Pacific,Asia,Non-NATO,proven_coal_reserves_by_country,111000000000.0
South Korea,Asia-Pacific,Asia,Non-NATO,proven_coal_reserves_by_country,326000000.0
United Kingdom,Northern Europe,Europe,NATO,proven_coal_reserves_by_country,26000000.0
France,Western Europe,Europe,NATO,proven_coal_reserves_by_country,160000000.0
Japan,Asia-Pacific,Asia,Non-NATO,proven_coal_reserves_by_country,350000000.0
Turkiye,Middle East,Asia,NATO,proven_coal_reserves_by_country,11525000000.0
Italy,Southern Europe,Europe,NATO,proven_coal_reserves_by_country,609999000.0
Brazil,Latin America,South America,Non-NATO,proven_coal_reserves_by_country,6596000000.0
Pakistan,Asia-Pacific,Asia,Non-NATO,proven_coal_reserves_by_country,3064000000.0
Indonesia,Southeast Asia,Asia,Non-NATO,proven_coal_reserves_by_country,34869000000.0
Germany,Central Europe,Europe,NATO,proven_coal_reserves_by_country,35900000000.0
Israel,Middle East,Asia,Non-NATO,proven_coal_reserves_by_country,0.0
Iran,Middle East,Asia,Non-NATO,proven_coal_reserves_by_country,1203000000.0
Spain,Southern Europe,Europe,NATO,proven_coal_reserves_by_country,1187000000.0
Australia,Asia-Pacific,Oceania,Non-NATO,proven_coal_reserves_by_country,150000000000.0
Egypt,Africa,Africa,Non-NATO,proven_coal_reserves_by_country,182000000.0
Ukraine,Eastern Europe,Europe,Non-NATO,proven_coal_reserves_by_country,34375000000.0
Poland,Eastern Europe,Europe,NATO,proven_coal_reserves_by_country,28531000000.0
Taiwan,Asia-Pacific,Asia,Non-NATO,proven_coal_reserves_by_country,1000000.0
Vietnam,Southeast Asia,Asia,Non-NATO,proven_coal_reserves_by_country,3360000000.0
Saudi Arabia,Middle East,Asia,Non-NATO,proven_coal_reserves_by_country,0.0
Thailand,Southeast Asia,Asia,Non-NATO,proven_coal_reserves_by_country,1063000000.0
Algeria,Africa,Africa,Non-NATO,proven_coal_reserves_by_country,233000000.0
Sweden,Scandinavia,Europe,NATO,proven_coal_reserves_by_country,5000000.0
Canada,Northern America,North America,NATO,proven_coal_reserves_by_country,6582000000.0
Singapore,Southeast Asia,Asia,Non-NATO,proven_coal_reserves_by_country,0.0
Greece,Southern Europe,Europe,NATO,proven_coal_reserves_by_country,2876000000.0
Nigeria,Africa,Africa,Non-NATO,proven_coal_reserves_by_country,2144000000.0
Mexico,Mexico,North America,Non-NATO,proven_coal_reserves_by_country,1211000000.0
Argentina,Latin America,South America,Non-NATO,proven_coal_reserves_by_country,799999000.0
North Korea,Asia-Pacific,Asia,Non-NATO,proven_coal_reserves_by_country,10600000000.0
Bangladesh,Asia-Pacific,Asia,Non-NATO,proven_coal_reserves_by_country,3260000000.0
Netherlands,Western Europe,Europe,NATO,proven_coal_reserves_by_country,3247000000.0
Myanmar,Southeast Asia,Asia,Non-NATO,proven_coal_reserves_by_country,252000000.0
Norway,Scandinavia,Europe,NATO,proven_coal_reserves_by_country,2000000.0
Portugal,Southern Europe,Europe,NATO,proven_coal_reserves_by_country,40000000.0
South Africa,Africa,Africa,Non-NATO,proven_coal_reserves_by_country,9893000000.0
Philippines,Southeast Asia,Asia,Non-NATO,proven_coal_reserves_by_country,361000000.0
Malaysia,Southeast Asia,Asia,Non-NATO,proven_coal_reserves_by_country,226000000.0
Iraq,Middle East,Asia,Non-NATO,proven_coal_reserves_by_country,0.0
Switzerland,Central Europe,Europe,Non-NATO,proven_coal_reserves_by_country,0.0
Denmark,Scandinavia,Europe,NATO,proven_coal_reserves_by_country,0.0
Colombia,Latin America,South America,Non-NATO,proven_coal_reserves_by_country,4554000000.0
Chile,Latin America,South America,Non-NATO,proven_coal_reserves_by_country,1181000000.0
Finland,Scandinavia,Europe,NATO,proven_coal_reserves_by_country,0.0
Peru,Latin America,South America,Non-NATO,proven_coal_reserves_by_country,1567000000.0
Venezuela,Latin America,South America,Non-NATO,proven_coal_reserves_by_country,730999000.0
Romania,Eastern Europe,Europe,Non-NATO,proven_coal_reserves_by_country,291000000.0
Ethiopia,Africa,Africa,Non-NATO,proven_coal_reserves_by_country,0.0
Czechia,Eastern Europe,Europe,NATO,proven_coal_reserves_by_country,3595000000.0
United Arab Emirates,Middle East,Asia,Non-NATO,proven_coal_reserves_by_country,0.0
Hungary,Eastern Europe,Europe,NATO,proven_coal_reserves_by_country,2909000000.0
Angola,Africa,Africa,Non-NATO,proven_coal_reserves_by_country,0.0
Kazakhstan,Asia,Asia,Non-NATO,proven_coal_reserves_by_country,25605000000.0
Uzbekistan,Asia,Asia,Non-NATO,proven_coal_reserves_by_country,1375000000.0
Morocco,Africa,Africa,Non-NATO,proven_coal_reserves_by_country,96000000.0
Azerbaijan,Asia,Asia,Non-NATO,proven_coal_reserves_by_country,0.0
Belgium,Western Europe,Europe,NATO,proven_coal_reserves_by_country,4100000000.0
Bulgaria,Eastern Europe,Europe,NATO,proven_coal_reserves_by_country,2366000000.0
Serbia,Balkans,Europe,Non-NATO,proven_coal_reserves_by_country,7514000000.0
Syria,Middle East,Asia,Non-NATO,proven_coal_reserves_by_country,0.0
Ecuador,Latin America,South America,Non-NATO,proven_coal_reserves_by_country,24000000.0
Democratic Republic of the Congo,Africa,Africa,Non-NATO,proven_coal_reserves_by_country,987999000.0
Cuba,Central America,North America,Non-NATO,proven_coal_reserves_by_country,0.0
Austria,Central Europe,Europe,Non-NATO,proven_coal_reserves_by_country,0.0
Sri Lanka,Asia-Pacific,Asia,Non-NATO,proven_coal_reserves_by_country,0.0
Belarus,Eastern Europe,Europe,Non-NATO,proven_coal_reserves_by_country,0.0
Slovakia,Eastern Europe,Europe,NATO,proven_coal_reserves_by_country,19000000.0
Qatar,Middle East,Asia,Non-NATO,proven_coal_reserves_by_country,0.0
Sudan,Africa,Africa,Non-NATO,proven_coal_reserves_by_country,0.0
Croatia,Balkans,Europe,NATO,proven_coal_reserves_by_country,0.0
Jordan,Middle East,Asia,Non-NATO,proven_coal_reserves_by_country,0.0
Libya,Africa,Africa,Non-NATO,proven_coal_reserves_by_country,0.0
Turkmenistan,Asia,Asia,Non-NATO,proven_coal_reserves_by_country,800000000.0
Albania,Balkans,Europe,NATO,proven_coal_reserves_by_country,522000000.0
Kuwait,Gulf Powers,Asia,Non-NATO,proven_coal_reserves_by_country,0.0
Bolivia,Latin America,South America,Non-NATO,proven_coal_reserves_by_country,1000000.0
Bahrain,Gulf Powers,Asia,Non-NATO,proven_coal_reserves_by_country,0.0
Oman,Gulf Powers,Asia,Non-NATO,proven_coal_reserves_by_country,0.0
Kenya,Africa,Africa,Non-NATO,proven_coal_reserves_by_country,0.0
Chad,Africa,Africa,Non-NATO,proven_coal_reserves_by_country,0.0
Yemen,Middle East,Asia,Non-NATO,proven_coal_reserves_by_country,0.0
New Zealand,Asia-Pacific,Oceania,Non-NATO,proven_coal_reserves_by_country,7575000000.0
Paraguay,Latin America,South America,Non-NATO,proven_coal_reserves_by_country,0.0
Lithuania,Northern Europe,Europe,NATO,proven_coal_reserves_by_country,0.0
Mozambique,Africa,Africa,Non-NATO,proven_coal_reserves_by_country,1792000000.0
Tunisia,Africa,Africa,Non-NATO,proven_coal_reserves_by_country,0.0
Armenia,Asia,Asia,Non-NATO,proven_coal_reserves_by_country,317000000.0
Tanzania,Africa,Africa,Non-NATO,proven_coal_reserves_by_country,1410000000.0
Cameroon,Africa,Africa,Non-NATO,proven_coal_reserves_by_country,0.0
Georgia,Asia,Asia,Non-NATO,proven_coal_reserves_by_country,900999000.0
Cambodia,Southeast Asia,Asia,Non-NATO,proven_coal_reserves_by_country,0.0
Slovenia,Balkans,Europe,NATO,proven_coal_reserves_by_country,95000000.0
Ireland,Northern Europe,Europe,Non-NATO,proven_coal_reserves_by_country,40000000.0
Mongolia,Asia-Pacific,Asia,Non-NATO,proven_coal_reserves_by_country,2520000000.0
Latvia,Northern Europe,Europe,NATO,proven_coal_reserves_by_country,0.0
Uruguay,Latin America,South America,Non-NATO,proven_coal_reserves_by_country,0.0
Honduras,Central America,North America,Non-NATO,proven_coal_reserves_by_country,0.0
Ivory Coast,Africa,Africa,Non-NATO,proven_coal_reserves_by_country,0.0
Guatemala,Central America,North America,Non-NATO,proven_coal_reserves_by_country,0.0
Mali,Africa,Africa,Non-NATO,proven_coal_reserves_by_country,0.0
Kyrgyzstan,Asia,Asia,Non-NATO,proven_coal_reserves_by_country,28499000000.0
Laos,Southeast Asia,Asia,Non-NATO,proven_coal_reserves_by_country,62000000.0
Estonia,Northern Europe,Europe,NATO,proven_coal_reserves_by_country,0.0
Tajikistan,Asia,Asia,Non-NATO,proven_coal_reserves_by_country,4075000000.0
Zambia,Africa,Africa,Non-NATO,proven_coal_reserves_by_country,944999000.0
Ghana,Africa,Africa,Non-NATO,proven_coal_reserves_by_country,0.0
Zimbabwe,Africa,Africa,Non-NATO,proven_coal_reserves_by_country,502000000.0
North Macedonia,Balkans,Europe,Non-NATO,proven_coal_reserves_by_country,332000000.0
South Sudan,Africa,Africa,Non-NATO,proven_coal_reserves_by_country,0.0
Uganda,Africa,Africa,Non-NATO,proven_coal_reserves_by_country,800000000.0
Lebanon,Middle East,Asia,Non-NATO,proven_coal_reserves_by_country,0.0
Namibia,Africa,Africa,Non-NATO,proven_coal_reserves_by_country,350000000.0
Luxembourg,Western Europe,Europe,NATO,proven_coal_reserves_by_country,0.0
Afghanistan,Asia,Asia,Non-NATO,proven_coal_reserves_by_country,66000000.0
Niger,Africa,Africa,Non-NATO,proven_coal_reserves_by_country,90000000.0
Eritrea,Africa,Africa,Non-NATO,proven_coal_reserves_by_country,0.0
Republic of the Congo,Africa,Africa,Non-NATO,proven_coal_reserves_by_country,0.0
Botswana,Africa,Africa,Non-NATO,proven_coal_reserves_by_country,1660000000.0
Mauritania,Africa,Africa,Non-NATO,proven_coal_reserves_by_country,0.0
Dominican Republic,Central America,North America,Non-NATO,proven_coal_reserves_by_country,0.0
Senegal,Africa,Africa,Non-NATO,proven_coal_reserves_by_country,0.0
Nepal,Asia-Pacific,Asia,Non-NATO,proven_coal_reserves_by_country,8000000.0
Montenegro,Balkans,Europe,NATO,proven_coal_reserves_by_country,337000000.0
El Salvador,Central America,North America,Non-NATO,proven_coal_reserves_by_country,0.0
Burkina Faso,Africa,Africa,Non-NATO,proven_coal_reserves_by_country,0.0
Madagascar,Africa,Africa,Non-NATO,proven_coal_reserves_by_country,150000000.0
Nicaragua,Central America,North America,Non-NATO,proven_coal_reserves_by_country,0.0
Bosnia and Herzegovina,Balkans,Europe,Non-NATO,proven_coal_reserves_by_country,2264000000.0
Gabon,Africa,Africa,Non-NATO,proven_coal_reserves_by_country,0.0
Moldova,Eastern Europe,Europe,Non-NATO,proven_coal_reserves_by_country,0.0
Iceland,Scandinavia,Europe,NATO,proven_coal_reserves_by_country,0.0
Panama,Central America,North America,Non-NATO,proven_coal_reserves_by_country,0.0
Beliz,Central America,North America,Non-NATO,proven_coal_reserves_by_country,0.0
Liberia,Africa,Africa,Non-NATO,proven_coal_reserves_by_country,0.0
Suriname,Northern South America,South America,Non-NATO,proven_coal_reserves_by_country,0.0
Sierra Leone,Africa,Africa,Non-NATO,proven_coal_reserves_by_country,0.0
Kosovo,Southern Europe,Europe,Non-NATO,proven_coal_reserves_by_country,1564000000.0
Somalia,Africa,Africa,Non-NATO,proven_coal_reserves_by_country,0.0
Central African Republic,Africa,Africa,Non-NATO,proven_coal_reserves_by_country,3000000.0
Benin,Africa,Africa,Non-NATO,proven_coal_reserves_by_country,0.0
Bhutan,Asia,Asia,Non-NATO,proven_coal_reserves_by_country,0.0
United States,Northern America,North America,NATO,land_area_sq_km,9833517
Russia,Eastern Europe,Europe,Non-NATO,land_area_sq_km,17098242
China,Asia-Pacific,Asia,Non-NATO,land_area_sq_km,9596960
India,Asia-Pacific,Asia,Non-NATO,land_area_sq_km,3287263
South Korea,Asia-Pacific,Asia,Non-NATO,land_area_sq_km,99720
United Kingdom,Northern Europe,Europe,NATO,land_area_sq_km,243610
France,Western Europe,Europe,NATO,land_area_sq_km,643801
Japan,Asia-Pacific,Asia,Non-NATO,land_area_sq_km,377915
Turkiye,Middle East,Asia,NATO,land_area_sq_km,783562
Italy,Southern Europe,Europe,NATO,land_area_sq_km,301340
Brazil,Latin America,South America,Non-NATO,land_area_sq_km,8515770
Pakistan,Asia-Pacific,Asia,Non-NATO,land_area_sq_km,796095
Indonesia,Southeast Asia,Asia,Non-NATO,land_area_sq_km,1904569
Germany,Central Europe,Europe,NATO,land_area_sq_km,357022
Israel,Middle East,Asia,Non-NATO,land_area_sq_km,21937
Iran,Middle East,Asia,Non-NATO,land_area_sq_km,1648195
Spain,Southern Europe,Europe,NATO,land_area_sq_km,505370
Australia,Asia-Pacific,Oceania,Non-NATO,land_area_sq_km,7741220
Egypt,Africa,Africa,Non-NATO,land_area_sq_km,1001450
Ukraine,Eastern Europe,Europe,Non-NATO,land_area_sq_km,603550
Poland,Eastern Europe,Europe,NATO,land_area_sq_km,312685
Taiwan,Asia-Pacific,Asia,Non-NATO,land_area_sq_km,35980
Vietnam,Southeast Asia,Asia,Non-NATO,land_area_sq_km,331210
Saudi Arabia,Middle East,Asia,Non-NATO,land_area_sq_km,2149690
Thailand,Southeast Asia,Asia,Non-NATO,land_area_sq_km,513120
Algeria,Africa,Africa,Non-NATO,land_area_sq_km,2381740
Sweden,Scandinavia,Europe,NATO,land_area_sq_km,450295
Canada,Northern America,North America,NATO,land_area_sq_km,9984670
Singapore,Southeast Asia,Asia,Non-NATO,land_area_sq_km,719
Greece,Southern Europe,Europe,NATO,land_area_sq_km,131957
Nigeria,Africa,Africa,Non-NATO,land_area_sq_km,923768
Mexico,Mexico,North America,Non-NATO,land_area_sq_km,1964375
Argentina,Latin America,South America,Non-NATO,land_area_sq_km,2780400
North Korea,Asia-Pacific,Asia,Non-NATO,land_area_sq_km,120538
Bangladesh,Asia-Pacific,Asia,Non-NATO,land_area_sq_km,148460
Netherlands,Western Europe,Europe,NATO,land_area_sq_km,41543
Myanmar,Southeast Asia,Asia,Non-NATO,land_area_sq_km,676578
Norway,Scandinavia,Europe,NATO,land_area_sq_km,323802
Portugal,Southern Europe,Europe,NATO,land_area_sq_km,92090
South Africa,Africa,Africa,Non-NATO,land_area_sq_km,1219090
Philippines,Southeast Asia,Asia,Non-NATO,land_area_sq_km,300000
Malaysia,Southeast Asia,Asia,Non-NATO,land_area_sq_km,329847
Iraq,Middle East,Asia,Non-NATO,land_area_sq_km,438317
Switzerland,Central Europe,Europe,Non-NATO,land_area_sq_km,41277
Denmark,Scandinavia,Europe,NATO,land_area_sq_km,43094
Colombia,Latin America,South America,Non-NATO,land_area_sq_km,1138910
Chile,Latin America,South America,Non-NATO,land_area_sq_km,756102
Finland,Scandinavia,Europe,NATO,land_area_sq_km,338145
Peru,Latin America,South America,Non-NATO,land_area_sq_km,1285216
Venezuela,Latin America,South America,Non-NATO,land_area_sq_km,912050
Romania,Eastern Europe,Europe,Non-NATO,land_area_sq_km,238391
Ethiopia,Africa,Africa,Non-NATO,land_area_sq_km,1104300
Czechia,Eastern Europe,Europe,NATO,land_area_sq_km,78867
United Arab Emirates,Middle East,Asia,Non-NATO,land_area_sq_km,83600
Hungary,Eastern Europe,Europe,NATO,land_area_sq_km,103000
Angola,Africa,Africa,Non-NATO,land_area_sq_km,1246700
Kazakhstan,Asia,Asia,Non-NATO,land_area_sq_km,2724900
Uzbekistan,Asia,Asia,Non-NATO,land_area_sq_km,447400
Morocco,Africa,Africa,Non-NATO,land_area_sq_km,715550
Azerbaijan,Asia,Asia,Non-NATO,land_area_sq_km,86600
Belgium,Western Europe,Europe,NATO,land_area_sq_km,30528
Bulgaria,Eastern Europe,Europe,NATO,land_area_sq_km,110880
Serbia,Balkans,Europe,Non-NATO,land_area_sq_km,77474
Syria,Middle East,Asia,Non-NATO,land_area_sq_km,187437
Ecuador,Latin America,South America,Non-NATO,land_area_sq_km,283560
Democratic Republic of the Congo,Africa,Africa,Non-NATO,land_area_sq_km,2344858
Cuba,Central America,North America,Non-NATO,land_area_sq_km,110860
Austria,Central Europe,Europe,Non-NATO,land_area_sq_km,83871
Sri Lanka,Asia-Pacific,Asia,Non-NATO,land_area_sq_km,65610
Belarus,Eastern Europe,Europe,Non-NATO,land_area_sq_km,207600
Slovakia,Eastern Europe,Europe,NATO,land_area_sq_km,49035
Qatar,Middle East,Asia,Non-NATO,land_area_sq_km,11586
Sudan,Africa,Africa,Non-NATO,land_area_sq_km,1861484
Croatia,Balkans,Europe,NATO,land_area_sq_km,56594
Jordan,Middle East,Asia,Non-NATO,land_area_sq_km,89342
Libya,Africa,Africa,Non-NATO,land_area_sq_km,1759540
Turkmenistan,Asia,Asia,Non-NATO,land_area_sq_km,488100
Albania,Balkans,Europe,NATO,land_area_sq_km,28748
Kuwait,Gulf Powers,Asia,Non-NATO,land_area_sq_km,17818
Bolivia,Latin America,South America,Non-NATO,land_area_sq_km,1098581
Bahrain,Gulf Powers,Asia,Non-NATO,land_area_sq_km,760
Oman,Gulf Powers,Asia,Non-NATO,land_area_sq_km,309500
Kenya,Africa,Africa,Non-NATO,land_area_sq_km,580367
Chad,Africa,Africa,Non-NATO,land_area_sq_km,1284000
Yemen,Middle East,Asia,Non-NATO,land_area_sq_km,527968
New Zealand,Asia-Pacific,Oceania,Non-NATO,land_area_sq_km,268838
Paraguay,Latin America,South America,Non-NATO,land_area_sq_km,406752
Lithuania,Northern Europe,Europe,NATO,land_area_sq_km,65300
Mozambique,Africa,Africa,Non-NATO,land_area_sq_km,799380
Tunisia,Africa,Africa,Non-NATO,land_area_sq_km,163610
Armenia,Asia,Asia,Non-NATO,land_area_sq_km,29743
Tanzania,Africa,Africa,Non-NATO,land_area_sq_km,947300
Cameroon,Africa,Africa,Non-NATO,land_area_sq_km,475440
Georgia,Asia,Asia,Non-NATO,land_area_sq_km,69700
Cambodia,Southeast Asia,Asia,Non-NATO,land_area_sq_km,181035
Slovenia,Balkans,Europe,NATO,land_area_sq_km,20273
Ireland,Northern Europe,Europe,Non-NATO,land_area_sq_km,70273
Mongolia,Asia-Pacific,Asia,Non-NATO,land_area_sq_km,1564116
Latvia,Northern Europe,Europe,NATO,land_area_sq_km,64589
Uruguay,Latin America,South America,Non-NATO,land_area_sq_km,176215
Honduras,Central America,North America,Non-NATO,land_area_sq_km,112090
Ivory Coast,Africa,Africa,Non-NATO,land_area_sq_km,322463
Guatemala,Central America,North America,Non-NATO,land_area_sq_km,108889
Mali,Africa,Africa,Non-NATO,land_area_sq_km,1240192
Kyrgyzstan,Asia,Asia,Non-NATO,land_area_sq_km,199951
Laos,Southeast Asia,Asia,Non-NATO,land_area_sq_km,236800
Estonia,Northern Europe,Europe,NATO,land_area_sq_km,45228
Tajikistan,Asia,Asia,Non-NATO,land_area_sq_km,144100
Zambia,Africa,Africa,Non-NATO,land_area_sq_km,752618
Ghana,Africa,Africa,Non-NATO,land_area_sq_km,238533
Zimbabwe,Africa,Africa,Non-NATO,land_area_sq_km,390757
North Macedonia,Balkans,Europe,Non-NATO,land_area_sq_km,25713
South Sudan,Africa,Africa,Non-NATO,land_area_sq_km,644329
Uganda,Africa,Africa,Non-NATO,land_area_sq_km,241038
Lebanon,Middle East,Asia,Non-NATO,land_area_sq_km,10400
Namibia,Africa,Africa,Non-NATO,land_area_sq_km,824292
Luxembourg,Western Europe,Europe,NATO,land_area_sq_km,2586
Afghanistan,Asia,Asia,Non-NATO,land_area_sq_km,652230
Niger,Africa,Africa,Non-NATO,land_area_sq_km,1267000
Eritrea,Africa,Africa,Non-NATO,land_area_sq_km,117600
Republic of the Congo,Africa,Africa,Non-NATO,land_area_sq_km,342000
Botswana,Africa,Africa,Non-NATO,land_area_sq_km,581730
Mauritania,Africa,Africa,Non-NATO,land_area_sq_km,1030700
Dominican Republic,Central America,North America,Non-NATO,land_area_sq_km,48320
Senegal,Africa,Africa,Non-NATO,land_area_sq_km,196722
Nepal,Asia-Pacific,Asia,Non-NATO,land_area_sq_km,147181
Montenegro,Balkans,Europe,NATO,land_area_sq_km,13812
El Salvador,Central America,North America,Non-NATO,land_area_sq_km,21041
Burkina Faso,Africa,Africa,Non-NATO,land_area_sq_km,274200
Madagascar,Africa,Africa,Non-NATO,land_area_sq_km,587040
Nicaragua,Central America,North America,Non-NATO,land_area_sq_km,130370
Bosnia and Herzegovina,Balkans,Europe,Non-NATO,land_area_sq_km,51197
Gabon,Africa,Africa,Non-NATO,land_area_sq_km,267667
Moldova,Eastern Europe,Europe,Non-NATO,land_area_sq_km,33851
Iceland,Scandinavia,Europe,NATO,land_area_sq_km,100250
Panama,Central America,North America,Non-NATO,land_area_sq_km,75420
Beliz,Central America,North America,Non-NATO,land_area_sq_km,22966
Liberia,Africa,Africa,Non-NATO,land_area_sq_km,111369
Suriname,Northern South America,South America,Non-NATO,land_area_sq_km,163820
Sierra Leone,Africa,Africa,Non-NATO,land_area_sq_km,71740
Kosovo,Southern Europe,Europe,Non-NATO,land_area_sq_km,10887
Somalia,Africa,Africa,Non-NATO,land_area_sq_km,637657
Central African Republic,Africa,Africa,Non-NATO,land_area_sq_km,622984
Benin,Africa,Africa,Non-NATO,land_area_sq_km,112622
Bhutan,Asia,Asia,Non-NATO,land_area_sq_km,38394
United States,Northern America,North America,NATO,coastline_km,19924
Russia,Eastern Europe,Europe,Non-NATO,coastline_km,37653
China,Asia-Pacific,Asia,Non-NATO,coastline_km,14500
India,Asia-Pacific,Asia,Non-NATO,coastline_km,7000
South Korea,Asia-Pacific,Asia,Non-NATO,coastline_km,2413
United Kingdom,Northern Europe,Europe,NATO,coastline_km,12429
France,Western Europe,Europe,NATO,coastline_km,4853
Japan,Asia-Pacific,Asia,Non-NATO,coastline_km,29751
Turkiye,Middle East,Asia,NATO,coastline_km,7200
Italy,Southern Europe,Europe,NATO,coastline_km,7600
Brazil,Latin America,South America,Non-NATO,coastline_km,7491
Pakistan,Asia-Pacific,Asia,Non-NATO,coastline_km,1046
Indonesia,Southeast Asia,Asia,Non-NATO,coastline_km,54716
Germany,Central Europe,Europe,NATO,coastline_km,2389
Israel,Middle East,Asia,Non-NATO,coastline_km,273
Iran,Middle East,Asia,Non-NATO,coastline_km,2440
Spain,Southern Europe,Europe,NATO,coastline_km,4964
Australia,Asia-Pacific,Oceania,Non-NATO,coastline_km,25760
Egypt,Africa,Africa,Non-NATO,coastline_km,2450
Ukraine,Eastern Europe,Europe,Non-NATO,coastline_km,2782
Poland,Eastern Europe,Europe,NATO,coastline_km,440
Taiwan,Asia-Pacific,Asia,Non-NATO,coastline_km,1566
Vietnam,Southeast Asia,Asia,Non-NATO,coastline_km,3444
Saudi Arabia,Middle East,Asia,Non-NATO,coastline_km,2640
Thailand,Southeast Asia,Asia,Non-NATO,coastline_km,3219
Algeria,Africa,Africa,Non-NATO,coastline_km,998
Sweden,Scandinavia,Europe,NATO,coastline_km,3218
Canada,Northern America,North America,NATO,coastline_km,202080
Singapore,Southeast Asia,Asia,Non-NATO,coastline_km,193
Greece,Southern Europe,Europe,NATO,coastline_km,13676
Nigeria,Africa,Africa,Non-NATO,coastline_km,853
Mexico,Mexico,North America,Non-NATO,coastline_km,9330
Argentina,Latin America,South America,Non-NATO,coastline_km,4989
North Korea,Asia-Pacific,Asia,Non-NATO,coastline_km,2495
Bangladesh,Asia-Pacific,Asia,Non-NATO,coastline_km,580
Netherlands,Western Europe,Europe,NATO,coastline_km,451
Myanmar,Southeast Asia,Asia,Non-NATO,coastline_km,1930
Norway,Scandinavia,Europe,NATO,coastline_km,25148
Portugal,Southern Europe,Europe,NATO,coastline_km,1793
South Africa,Africa,Africa,Non-NATO,coastline_km,2798
Philippines,Southeast Asia,Asia,Non-NATO,coastline_km,36289
Malaysia,Southeast Asia,Asia,Non-NATO,coastline_km,4675
Iraq,Middle East,Asia,Non-NATO,coastline_km,58
Switzerland,Central Europe,Europe,Non-NATO,coastline_km,0
Denmark,Scandinavia,Europe,NATO,coastline_km,7314
Colombia,Latin America,South America,Non-NATO,coastline_km,3208
Chile,Latin America,South America,Non-NATO,coastline_km,6435
Finland,Scandinavia,Europe,NATO,coastline_km,1250
Peru,Latin America,South America,Non-NATO,coastline_km,2414
Venezuela,Latin America,South America,Non-NATO,coastline_km,2800
Romania,Eastern Europe,Europe,Non-NATO,coastline_km,225
Ethiopia,Africa,Africa,Non-NATO,coastline_km,0
Czechia,Eastern Europe,Europe,NATO,coastline_km,0
United Arab Emirates,Middle East,Asia,Non-NATO,coastline_km,1318
Hungary,Eastern Europe,Europe,NATO,coastline_km,0
Angola,Africa,Africa,Non-NATO,coastline_km,1600
Kazakhstan,Asia,Asia,Non-NATO,coastline_km,26
Uzbekistan,Asia,Asia,Non-NATO,coastline_km,420
Morocco,Africa,Africa,Non-NATO,coastline_km,1835
Azerbaijan,Asia,Asia,Non-NATO,coastline_km,713
Belgium,Western Europe,Europe,NATO,coastline_km,67
Bulgaria,Eastern Europe,Europe,NATO,coastline_km,354
Serbia,Balkans,Europe,Non-NATO,coastline_km,0
Syria,Middle East,Asia,Non-NATO,coastline_km,193
Ecuador,Latin America,South America,Non-NATO,coastline_km,2237
Democratic Republic of the Congo,Africa,Africa,Non-NATO,coastline_km,37
Cuba,Central America,North America,Non-NATO,coastline_km,3735
Austria,Central Europe,Europe,Non-NATO,coastline_km,0
Sri Lanka,Asia-Pacific,Asia,Non-NATO,coastline_km,1340
Belarus,Eastern Europe,Europe,Non-NATO,coastline_km,0
Slovakia,Eastern Europe,Europe,NATO,coastline_km,0
Qatar,Middle East,Asia,Non-NATO,coastline_km,563
Sudan,Africa,Africa,Non-NATO,coastline_km,853
Croatia,Balkans,Europe,NATO,coastline_km,5835
Jordan,Middle East,Asia,Non-NATO,coastline_km,26
Libya,Africa,Africa,Non-NATO,coastline_km,1770
Turkmenistan,Asia,Asia,Non-NATO,coastline_km,1768
Albania,Balkans,Europe,NATO,coastline_km,362
Kuwait,Gulf Powers,Asia,Non-NATO,coastline_km,499
Bolivia,Latin America,South America,Non-NATO,coastline_km,0
Bahrain,Gulf Powers,Asia,Non-NATO,coastline_km,161
Oman,Gulf Powers,Asia,Non-NATO,coastline_km,2092
Kenya,Africa,Africa,Non-NATO,coastline_km,536
Chad,Africa,Africa,Non-NATO,coastline_km,0
Yemen,Middle East,Asia,Non-NATO,coastline_km,1906
New Zealand,Asia-Pacific,Oceania,Non-NATO,coastline_km,15134
Paraguay,Latin America,South America,Non-NATO,coastline_km,0
Lithuania,Northern Europe,Europe,NATO,coastline_km,90
Mozambique,Africa,Africa,Non-NATO,coastline_km,2470
Tunisia,Africa,Africa,Non-NATO,coastline_km,1148
Armenia,Asia,Asia,Non-NATO,coastline_km,0
Tanzania,Africa,Africa,Non-NATO,coastline_km,1424
Cameroon,Africa,Africa,Non-NATO,coastline_km,400
Georgia,Asia,Asia,Non-NATO,coastline_km,310
Cambodia,Southeast Asia,Asia,Non-NATO,coastline_km,443
Slovenia,Balkans,Europe,NATO,coastline_km,47
Ireland,Northern Europe,Europe,Non-NATO,coastline_km,1448
Mongolia,Asia-Pacific,Asia,Non-NATO,coastline_km,0
Latvia,Northern Europe,Europe,NATO,coastline_km,498
Uruguay,Latin America,South America,Non-NATO,coastline_km,660
Honduras,Central America,North America,Non-NATO,coastline_km,832
Ivory Coast,Africa,Africa,Non-NATO,coastline_km,515
Guatemala,Central America,North America,Non-NATO,coastline_km,400
Mali,Africa,Africa,Non-NATO,coastline_km,0
Kyrgyzstan,Asia,Asia,Non-NATO,coastline_km,0
Laos,Southeast Asia,Asia,Non-NATO,coastline_km,0
Estonia,Northern Europe,Europe,NATO,coastline_km,3794
Tajikistan,Asia,Asia,Non-NATO,coastline_km,0
Zambia,Africa,Africa,Non-NATO,coastline_km,0
Ghana,Africa,Africa,Non-NATO,coastline_km,539
Zimbabwe,Africa,Africa,Non-NATO,coastline_km,0
North Macedonia,Balkans,Europe,Non-NATO,coastline_km,0
South Sudan,Africa,Africa,Non-NATO,coastline_km,0
Uganda,Africa,Africa,Non-NATO,coastline_km,0
Lebanon,Middle East,Asia,Non-NATO,coastline_km,225
Namibia,Africa,Africa,Non-NATO,coastline_km,1572
Luxembourg,Western Europe,Europe,NATO,coastline_km,0
Afghanistan,Asia,Asia,Non-NATO,coastline_km,0
Niger,Africa,Africa,Non-NATO,coastline_km,0
Eritrea,Africa,Africa,Non-NATO,coastline_km,2234
Republic of the Congo,Africa,Africa,Non-NATO,coastline_km,169
Botswana,Africa,Africa,Non-NATO,coastline_km,0
Mauritania,Africa,Africa,Non-NATO,coastline_km,754
Dominican Republic,Central America,North America,Non-NATO,coastline_km,1288
Senegal,Africa,Africa,Non-NATO,coastline_km,531
Nepal,Asia-Pacific,Asia,Non-NATO,coastline_km,0
Montenegro,Balkans,Europe,NATO,coastline_km,294
El Salvador,Central America,North America,Non-NATO,coastline_km,307
Burkina Faso,Africa,Africa,Non-NATO,coastline_km,0
Madagascar,Africa,Africa,Non-NATO,coastline_km,4828
Nicaragua,Central America,North America,Non-NATO,coastline_km,910
Bosnia and Herzegovina,Balkans,Europe,Non-NATO,coastline_km,20
Gabon,Africa,Africa,Non-NATO,coastline_km,885
Moldova,Eastern Europe,Europe,Non-NATO,coastline_km,0
Iceland,Scandinavia,Europe,NATO,coastline_km,4970
Panama,Central America,North America,Non-NATO,coastline_km,2490
Beliz,Central America,North America,Non-NATO,coastline_km,386
Liberia,Africa,Africa,Non-NATO,coastline_km,579
Suriname,Northern South America,South America,Non-NATO,coastline_km,386
Sierra Leone,Africa,Africa,Non-NATO,coastline_km,402
Kosovo,Southern Europe,Europe,Non-NATO,coastline_km,0
Somalia,Africa,Africa,Non-NATO,coastline_km,3025
Central African Republic,Africa,Africa,Non-NATO,coastline_km,0
Benin,Africa,Africa,Non-NATO,coastline_km,121
Bhutan,Asia,Asia,Non-NATO,coastline_km,0
United States,Northern America,North America,NATO,border_coverage,12002
Russia,Eastern Europe,Europe,Non-NATO,border_coverage,22407
China,Asia-Pacific,Asia,Non-NATO,border_coverage,22457
India,Asia-Pacific,Asia,Non-NATO,border_coverage,13888
South Korea,Asia-Pacific,Asia,Non-NATO,border_coverage,237
United Kingdom,Northern Europe,Europe,NATO,border_coverage,443
France,Western Europe,Europe,NATO,border_coverage,4072
Japan,Asia-Pacific,Asia,Non-NATO,border_coverage,0
Turkiye,Middle East,Asia,NATO,border_coverage,2816
Italy,Southern Europe,Europe,NATO,border_coverage,1836
Brazil,Latin America,South America,Non-NATO,border_coverage,16145
Pakistan,Asia-Pacific,Asia,Non-NATO,border_coverage,7257
Indonesia,Southeast Asia,Asia,Non-NATO,border_coverage,2958
Germany,Central Europe,Europe,NATO,border_coverage,3694
Israel,Middle East,Asia,Non-NATO,border_coverage,1068
Iran,Middle East,Asia,Non-NATO,border_coverage,5894
Spain,Southern Europe,Europe,NATO,border_coverage,1953
Australia,Asia-Pacific,Oceania,Non-NATO,border_coverage,0
Egypt,Africa,Africa,Non-NATO,border_coverage,2612
Ukraine,Eastern Europe,Europe,Non-NATO,border_coverage,5581
Poland,Eastern Europe,Europe,NATO,border_coverage,2845
Taiwan,Asia-Pacific,Asia,Non-NATO,border_coverage,0
Vietnam,Southeast Asia,Asia,Non-NATO,border_coverage,4616
Saudi Arabia,Middle East,Asia,Non-NATO,border_coverage,4272
Thailand,Southeast Asia,Asia,Non-NATO,border_coverage,5673
Algeria,Africa,Africa,Non-NATO,border_coverage,6734
Sweden,Scandinavia,Europe,NATO,border_coverage,2211
Canada,Northern America,North America,NATO,border_coverage,8893
Singapore,Southeast Asia,Asia,Non-NATO,border_coverage,0
Greece,Southern Europe,Europe,NATO,border_coverage,1110
Nigeria,Africa,Africa,Non-NATO,border_coverage,4477
Mexico,Mexico,North America,Non-NATO,border_coverage,4389
Argentina,Latin America,South America,Non-NATO,border_coverage,11968
North Korea,Asia-Pacific,Asia,Non-NATO,border_coverage,1607
Bangladesh,Asia-Pacific,Asia,Non-NATO,border_coverage,4413
Netherlands,Western Europe,Europe,NATO,border_coverage,1053
Myanmar,Southeast Asia,Asia,Non-NATO,border_coverage,6522
Norway,Scandinavia,Europe,NATO,border_coverage,2566
Portugal,Southern Europe,Europe,NATO,border_coverage,1224
South Africa,Africa,Africa,Non-NATO,border_coverage,5244
Philippines,Southeast Asia,Asia,Non-NATO,border_coverage,0
Malaysia,Southeast Asia,Asia,Non-NATO,border_coverage,2742
Iraq,Middle East,Asia,Non-NATO,border_coverage,3809
Switzerland,Central Europe,Europe,Non-NATO,border_coverage,1770
Denmark,Scandinavia,Europe,NATO,border_coverage,140
Colombia,Latin America,South America,Non-NATO,border_coverage,6672
Chile,Latin America,South America,Non-NATO,border_coverage,7801
Finland,Scandinavia,Europe,NATO,border_coverage,2563
Peru,Latin America,South America,Non-NATO,border_coverage,7062
Venezuela,Latin America,South America,Non-NATO,border_coverage,5267
Romania,Eastern Europe,Europe,Non-NATO,border_coverage,2844
Ethiopia,Africa,Africa,Non-NATO,border_coverage,5925
Czechia,Eastern Europe,Europe,NATO,border_coverage,2046
United Arab Emirates,Middle East,Asia,Non-NATO,border_coverage,1066
Hungary,Eastern Europe,Europe,NATO,border_coverage,2106
Angola,Africa,Africa,Non-NATO,border_coverage,5369
Kazakhstan,Asia,Asia,Non-NATO,border_coverage,13364
Uzbekistan,Asia,Asia,Non-NATO,border_coverage,6893
Morocco,Africa,Africa,Non-NATO,border_coverage,2363
Azerbaijan,Asia,Asia,Non-NATO,border_coverage,2468
Belgium,Western Europe,Europe,NATO,border_coverage,1297
Bulgaria,Eastern Europe,Europe,NATO,border_coverage,1806
Serbia,Balkans,Europe,Non-NATO,border_coverage,2322
Syria,Middle East,Asia,Non-NATO,border_coverage,2363
Ecuador,Latin America,South America,Non-NATO,border_coverage,2237
Democratic Republic of the Congo,Africa,Africa,Non-NATO,border_coverage,10481
Cuba,Central America,North America,Non-NATO,border_coverage,29
Austria,Central Europe,Europe,Non-NATO,border_coverage,2524
Sri Lanka,Asia-Pacific,Asia,Non-NATO,border_coverage,0
Belarus,Eastern Europe,Europe,Non-NATO,border_coverage,3599
Slovakia,Eastern Europe,Europe,NATO,border_coverage,1587
Qatar,Middle East,Asia,Non-NATO,border_coverage,87
Sudan,Africa,Africa,Non-NATO,border_coverage,6819
Croatia,Balkans,Europe,NATO,border_coverage,2237
Jordan,Middle East,Asia,Non-NATO,border_coverage,1744
Libya,Africa,Africa,Non-NATO,border_coverage,4339
Turkmenistan,Asia,Asia,Non-NATO,border_coverage,4158
Albania,Balkans,Europe,NATO,border_coverage,691
Kuwait,Gulf Powers,Asia,Non-NATO,border_coverage,475
Bolivia,Latin America,South America,Non-NATO,border_coverage,7252
Bahrain,Gulf Powers,Asia,Non-NATO,border_coverage,0
Oman,Gulf Powers,Asia,Non-NATO,border_coverage,1561
Kenya,Africa,Africa,Non-NATO,border_coverage,3457
Chad,Africa,Africa,Non-NATO,border_coverage,6406
Yemen,Middle East,Asia,Non-NATO,border_coverage,1601
New Zealand,Asia-Pacific,Oceania,Non-NATO,border_coverage,0
Paraguay,Latin America,South America,Non-NATO,border_coverage,4655
Lithuania,Northern Europe,Europe,NATO,border_coverage,1545
Mozambique,Africa,Africa,Non-NATO,border_coverage,4783
Tunisia,Africa,Africa,Non-NATO,border_coverage,1495
Armenia,Asia,Asia,Non-NATO,border_coverage,1570
Tanzania,Africa,Africa,Non-NATO,border_coverage,4161
Cameroon,Africa,Africa,Non-NATO,border_coverage,5018
Georgia,Asia,Asia,Non-NATO,border_coverage,1814
Cambodia,Southeast Asia,Asia,Non-NATO,border_coverage,2530
Slovenia,Balkans,Europe,NATO,border_coverage,1211
Ireland,Northern Europe,Europe,Non-NATO,border_coverage,443
Mongolia,Asia-Pacific,Asia,Non-NATO,border_coverage,8082
Latvia,Northern Europe,Europe,NATO,border_coverage,1370
Uruguay,Latin America,South America,Non-NATO,border_coverage,1591
Honduras,Central America,North America,Non-NATO,border_coverage,1575
Ivory Coast,Africa,Africa,Non-NATO,border_coverage,3458
Guatemala,Central America,North America,Non-NATO,border_coverage,1667
Mali,Africa,Africa,Non-NATO,border_coverage,7908
Kyrgyzstan,Asia,Asia,Non-NATO,border_coverage,4573
Laos,Southeast Asia,Asia,Non-NATO,border_coverage,5274
Estonia,Northern Europe,Europe,NATO,border_coverage,657
Tajikistan,Asia,Asia,Non-NATO,border_coverage,4130
Zambia,Africa,Africa,Non-NATO,border_coverage,6043
Ghana,Africa,Africa,Non-NATO,border_coverage,2420
Zimbabwe,Africa,Africa,Non-NATO,border_coverage,3229
North Macedonia,Balkans,Europe,Non-NATO,border_coverage,838
South Sudan,Africa,Africa,Non-NATO,border_coverage,6018
Uganda,Africa,Africa,Non-NATO,border_coverage,2729
Lebanon,Middle East,Asia,Non-NATO,border_coverage,484
Namibia,Africa,Africa,Non-NATO,border_coverage,4220
Luxembourg,Western Europe,Europe,NATO,border_coverage,327
Afghanistan,Asia,Asia,Non-NATO,border_coverage,5987
Niger,Africa,Africa,Non-NATO,border_coverage,5834
Eritrea,Africa,Africa,Non-NATO,border_coverage,1840
Republic of the Congo,Africa,Africa,Non-NATO,border_coverage,5008
Botswana,Africa,Africa,Non-NATO,border_coverage,4347
Mauritania,Africa,Africa,Non-NATO,border_coverage,5002
Dominican Republic,Central America,North America,Non-NATO,border_coverage,376
Senegal,Africa,Africa,Non-NATO,border_coverage,2684
Nepal,Asia-Pacific,Asia,Non-NATO,border_coverage,3159
Montenegro,Balkans,Europe,NATO,border_coverage,680
El Salvador,Central America,North America,Non-NATO,border_coverage,590
Burkina Faso,Africa,Africa,Non-NATO,border_coverage,3611
Madagascar,Africa,Africa,Non-NATO,border_coverage,0
Nicaragua,Central America,North America,Non-NATO,border_coverage,1253
Bosnia and Herzegovina,Balkans,Europe,Non-NATO,border_coverage,1543
Gabon,Africa,Africa,Non-NATO,border_coverage,3261
Moldova,Eastern Europe,Europe,Non-NATO,border_coverage,1885
Iceland,Scandinavia,Europe,NATO,border_coverage,0
Panama,Central America,North America,Non-NATO,border_coverage,687
Beliz,Central America,North America,Non-NATO,border_coverage,542
Liberia,Africa,Africa,Non-NATO,border_coverage,1667
Suriname,Northern South America,South America,Non-NATO,border_coverage,1907
Sierra Leone,Africa,Africa,Non-NATO,border_coverage,1093
Kosovo,Southern Europe,Europe,Non-NATO,border_coverage,714
Somalia,Africa,Africa,Non-NATO,border_coverage,2385
Central African Republic,Africa,Africa,Non-NATO,border_coverage,5920
Benin,Africa,Africa,Non-NATO,border_coverage,2123
Bhutan,Asia,Asia,Non-NATO,border_coverage,1136
United States,Northern America,North America,NATO,waterway_coverage,41009
Russia,Eastern Europe,Europe,Non-NATO,waterway_coverage,102000
China,Asia-Pacific,Asia,Non-NATO,waterway_coverage,27700
India,Asia-Pacific,Asia,Non-NATO,waterway_coverage,14500
South Korea,Asia-Pacific,Asia,Non-NATO,waterway_coverage,1600
United Kingdom,Northern Europe,Europe,NATO,waterway_coverage,3200
France,Western Europe,Europe,NATO,waterway_coverage,8501
Japan,Asia-Pacific,Asia,Non-NATO,waterway_coverage,1770
Turkiye,Middle East,Asia,NATO,waterway_coverage,1200
Italy,Southern Europe,Europe,NATO,waterway_coverage,2400
Brazil,Latin America,South America,Non-NATO,waterway_coverage,50000
Pakistan,Asia-Pacific,Asia,Non-NATO,waterway_coverage,0
Indonesia,Southeast Asia,Asia,Non-NATO,waterway_coverage,21579
Germany,Central Europe,Europe,NATO,waterway_coverage,7300
Israel,Middle East,Asia,Non-NATO,waterway_coverage,0
Iran,Middle East,Asia,Non-NATO,waterway_coverage,850
Spain,Southern Europe,Europe,NATO,waterway_coverage,1000
Australia,Asia-Pacific,Oceania,Non-NATO,waterway_coverage,2000
Egypt,Africa,Africa,Non-NATO,waterway_coverage,3500
Ukraine,Eastern Europe,Europe,Non-NATO,waterway_coverage,1672
Poland,Eastern Europe,Europe,NATO,waterway_coverage,3997
Taiwan,Asia-Pacific,Asia,Non-NATO,waterway_coverage,0
Vietnam,Southeast Asia,Asia,Non-NATO,waterway_coverage,47130
Saudi Arabia,Middle East,Asia,Non-NATO,waterway_coverage,0
Thailand,Southeast Asia,Asia,Non-NATO,waterway_coverage,4000
Algeria,Africa,Africa,Non-NATO,waterway_coverage,0
Sweden,Scandinavia,Europe,NATO,waterway_coverage,2052
Canada,Northern America,North America,NATO,waterway_coverage,636
Singapore,Southeast Asia,Asia,Non-NATO,waterway_coverage,0
Greece,Southern Europe,Europe,NATO,waterway_coverage,6
Nigeria,Africa,Africa,Non-NATO,waterway_coverage,8600
Mexico,Mexico,North America,Non-NATO,waterway_coverage,2900
Argentina,Latin America,South America,Non-NATO,waterway_coverage,11000
North Korea,Asia-Pacific,Asia,Non-NATO,waterway_coverage,2250
Bangladesh,Asia-Pacific,Asia,Non-NATO,waterway_coverage,8370
Netherlands,Western Europe,Europe,NATO,waterway_coverage,6237
Myanmar,Southeast Asia,Asia,Non-NATO,waterway_coverage,12800
Norway,Scandinavia,Europe,NATO,waterway_coverage,1577
Portugal,Southern Europe,Europe,NATO,waterway_coverage,764
South Africa,Africa,Africa,Non-NATO,waterway_coverage,0
Philippines,Southeast Asia,Asia,Non-NATO,waterway_coverage,3219
Malaysia,Southeast Asia,Asia,Non-NATO,waterway_coverage,7200
Iraq,Middle East,Asia,Non-NATO,waterway_coverage,5279
Switzerland,Central Europe,Europe,Non-NATO,waterway_coverage,1292
Denmark,Scandinavia,Europe,NATO,waterway_coverage,400
Colombia,Latin America,South America,Non-NATO,waterway_coverage,24725
Chile,Latin America,South America,Non-NATO,waterway_coverage,12290
Finland,Scandinavia,Europe,NATO,waterway_coverage,8000
Peru,Latin America,South America,Non-NATO,waterway_coverage,8808
Venezuela,Latin America,South America,Non-NATO,waterway_coverage,7100
Romania,Eastern Europe,Europe,Non-NATO,waterway_coverage,1731
Ethiopia,Africa,Africa,Non-NATO,waterway_coverage,0
Czechia,Eastern Europe,Europe,NATO,waterway_coverage,664
United Arab Emirates,Middle East,Asia,Non-NATO,waterway_coverage,0
Hungary,Eastern Europe,Europe,NATO,waterway_coverage,1622
Angola,Africa,Africa,Non-NATO,waterway_coverage,1300
Kazakhstan,Asia,Asia,Non-NATO,waterway_coverage,43983
Uzbekistan,Asia,Asia,Non-NATO,waterway_coverage,1100
Morocco,Africa,Africa,Non-NATO,waterway_coverage,0
Azerbaijan,Asia,Asia,Non-NATO,waterway_coverage,0
Belgium,Western Europe,Europe,NATO,waterway_coverage,2043
Bulgaria,Eastern Europe,Europe,NATO,waterway_coverage,470
Serbia,Balkans,Europe,Non-NATO,waterway_coverage,587
Syria,Middle East,Asia,Non-NATO,waterway_coverage,900
Ecuador,Latin America,South America,Non-NATO,waterway_coverage,1500
Democratic Republic of the Congo,Africa,Africa,Non-NATO,waterway_coverage,15000
Cuba,Central America,North America,Non-NATO,waterway_coverage,240
Austria,Central Europe,Europe,Non-NATO,waterway_coverage,358
Sri Lanka,Asia-Pacific,Asia,Non-NATO,waterway_coverage,160
Belarus,Eastern Europe,Europe,Non-NATO,waterway_coverage,2500
Slovakia,Eastern Europe,Europe,NATO,waterway_coverage,172
Qatar,Middle East,Asia,Non-NATO,waterway_coverage,0
Sudan,Africa,Africa,Non-NATO,waterway_coverage,4068
Croatia,Balkans,Europe,NATO,waterway_coverage,4714
Jordan,Middle East,Asia,Non-NATO,waterway_coverage,0
Libya,Africa,Africa,Non-NATO,waterway_coverage,0
Turkmenistan,Asia,Asia,Non-NATO,waterway_coverage,1300
Albania,Balkans,Europe,NATO,waterway_coverage,41
Kuwait,Gulf Powers,Asia,Non-NATO,waterway_coverage,0
Bolivia,Latin America,South America,Non-NATO,waterway_coverage,10000
Bahrain,Gulf Powers,Asia,Non-NATO,waterway_coverage,0
Oman,Gulf Powers,Asia,Non-NATO,waterway_coverage,0
Kenya,Africa,Africa,Non-NATO,waterway_coverage,0
Chad,Africa,Africa,Non-NATO,waterway_coverage,12400
Yemen,Middle East,Asia,Non-NATO,waterway_coverage,0
New Zealand,Asia-Pacific,Oceania,Non-NATO,waterway_coverage,0
Paraguay,Latin America,South America,Non-NATO,waterway_coverage,3100
Lithuania,Northern Europe,Europe,NATO,waterway_coverage,441
Mozambique,Africa,Africa,Non-NATO,waterway_coverage,460
Tunisia,Africa,Africa,Non-NATO,waterway_coverage,0
Armenia,Asia,Asia,Non-NATO,waterway_coverage,0
Tanzania,Africa,Africa,Non-NATO,waterway_coverage,0
Cameroon,Africa,Africa,Non-NATO,waterway_coverage,0
Georgia,Asia,Asia,Non-NATO,waterway_coverage,0
Cambodia,Southeast Asia,Asia,Non-NATO,waterway_coverage,3700
Slovenia,Balkans,Europe,NATO,waterway_coverage,710
Ireland,Northern Europe,Europe,Non-NATO,waterway_coverage,956
Mongolia,Asia-Pacific,Asia,Non-NATO,waterway_coverage,580
Latvia,Northern Europe,Europe,NATO,waterway_coverage,300
Uruguay,Latin America,South America,Non-NATO,waterway_coverage,1600
Honduras,Central America,North America,Non-NATO,waterway_coverage,465
Ivory Coast,Africa,Africa,Non-NATO,waterway_coverage,980
Guatemala,Central America,North America,Non-NATO,waterway_coverage,990
Mali,Africa,Africa,Non-NATO,waterway_coverage,1800
Kyrgyzstan,Asia,Asia,Non-NATO,waterway_coverage,576
Laos,Southeast Asia,Asia,Non-NATO,waterway_coverage,4600
Estonia,Northern Europe,Europe,NATO,waterway_coverage,335
Tajikistan,Asia,Asia,Non-NATO,waterway_coverage,200
Zambia,Africa,Africa,Non-NATO,waterway_coverage,0
Ghana,Africa,Africa,Non-NATO,waterway_coverage,1293
Zimbabwe,Africa,Africa,Non-NATO,waterway_coverage,0
North Macedonia,Balkans,Europe,Non-NATO,waterway_coverage,0
South Sudan,Africa,Africa,Non-NATO,waterway_coverage,0
Uganda,Africa,Africa,Non-NATO,waterway_coverage,0
Lebanon,Middle East,Asia,Non-NATO,waterway_coverage,0
Namibia,Africa,Africa,Non-NATO,waterway_coverage,0
Luxembourg,Western Europe,Europe,NATO,waterway_coverage,37
Afghanistan,Asia,Asia,Non-NATO,waterway_coverage,1200
Niger,Africa,Africa,Non-NATO,waterway_coverage,300
Eritrea,Africa,Africa,Non-NATO,waterway_coverage,0
Republic of the Congo,Africa,Africa,Non-NATO,waterway_coverage,1120
Botswana,Africa,Africa,Non-NATO,waterway_coverage,0
Mauritania,Africa,Africa,Non-NATO,waterway_coverage,1086
Dominican Republic,Central America,North America,Non-NATO,waterway_coverage,0
Senegal,Africa,Africa,Non-NATO,waterway_coverage,1000
Nepal,Asia-Pacific,Asia,Non-NATO,waterway_coverage,0
Montenegro,Balkans,Europe,NATO,waterway_coverage,0
El Salvador,Central America,North America,Non-NATO,waterway_coverage,422
Burkina Faso,Africa,Africa,Non-NATO,waterway_coverage,0
Madagascar,Africa,Africa,Non-NATO,waterway_coverage,600
Nicaragua,Central America,North America,Non-NATO,waterway_coverage,2220
Bosnia and Herzegovina,Balkans,Europe,Non-NATO,waterway_coverage,990
Gabon,Africa,Africa,Non-NATO,waterway_coverage,1600
Moldova,Eastern Europe,Europe,Non-NATO,waterway_coverage,558
Iceland,Scandinavia,Europe,NATO,waterway_coverage,0
Panama,Central America,North America,Non-NATO,waterway_coverage,800
Beliz,Central America,North America,Non-NATO,waterway_coverage,825
Liberia,Africa,Africa,Non-NATO,waterway_coverage,0
Suriname,Northern South America,South America,Non-NATO,waterway_coverage,1200
Sierra Leone,Africa,Africa,Non-NATO,waterway_coverage,800
Kosovo,Southern Europe,Europe,Non-NATO,waterway_coverage,0
Somalia,Africa,Africa,Non-NATO,waterway_coverage,0
Central African Republic,Africa,Africa,Non-NATO,waterway_coverage,2800
Benin,Africa,Africa,Non-NATO,waterway_coverage,150
Bhutan,Asia,Asia,Non-NATO,waterway_coverage,0
United States,Northern America,North America,NATO,capital_city,Washington D.C.
Russia,Eastern Europe,Europe,Non-NATO,capital_city,Moscow
China,Asia-Pacific,Asia,Non-NATO,capital_city,Beijing
India,Asia-Pacific,Asia,Non-NATO,capital_city,New Delhi
South Korea,Asia-Pacific,Asia,Non-NATO,capital_city,Seoul
United Kingdom,Northern Europe,Europe,NATO,capital_city,London
France,Western Europe,Europe,NATO,capital_city,Paris
Japan,Asia-Pacific,Asia,Non-NATO,capital_city,Tokyo
Turkiye,Middle East,Asia,NATO,capital_city,Ankara
Italy,Southern Europe,Europe,NATO,capital_city,Rome
Brazil,Latin America,South America,Non-NATO,capital_city,Brasília
Pakistan,Asia-Pacific,Asia,Non-NATO,capital_city,Islamabad
Indonesia,Southeast Asia,Asia,Non-NATO,capital_city,Jakarta
Germany,Central Europe,Europe,NATO,capital_city,Berlin
Israel,Middle East,Asia,Non-NATO,capital_city,Jerusalem
Iran,Middle East,Asia,Non-NATO,capital_city,Tehran
Spain,Southern Europe,Europe,NATO,capital_city,Madrid
Australia,Asia-Pacific,Oceania,Non-NATO,capital_city,Canberra
Egypt,Africa,Africa,Non-NATO,capital_city,Cairo
Ukraine,Eastern Europe,Europe,Non-NATO,capital_city,Kyiv
Poland,Eastern Europe,Europe,NATO,capital_city,Warsaw
Taiwan,Asia-Pacific,Asia,Non-NATO,capital_city,Taipei
Vietnam,Southeast Asia,Asia,Non-NATO,capital_city,Hanoi
Saudi Arabia,Middle East,Asia,Non-NATO,capital_city,Riyadh
Thailand,Southeast Asia,Asia,Non-NATO,capital_city,Bangkok
Algeria,Africa,Africa,Non-NATO,capital_city,Algiers
Sweden,Scandinavia,Europe,NATO,capital_city,Stockholm
Canada,Northern America,North America,NATO,capital_city,Ottawa
Singapore,Southeast Asia,Asia,Non-NATO,capital_city,Singapore
Greece,Southern Europe,Europe,NATO,capital_city,Athens
Nigeria,Africa,Africa,Non-NATO,capital_city,Abuja
Mexico,Mexico,North America,Non-NATO,capital_city,Mexico City
Argentina,Latin America,South America,Non-NATO,capital_city,Buenos Aires
North Korea,Asia-Pacific,Asia,Non-NATO,capital_city,Pyongyang
Bangladesh,Asia-Pacific,Asia,Non-NATO,capital_city,Dhaka
Netherlands,Western Europe,Europe,NATO,capital_city,Amsterdam
Myanmar,Southeast Asia,Asia,Non-NATO,capital_city,Naypyidaw
Norway,Scandinavia,Europe,NATO,capital_city,Oslo
Portugal,Southern Europe,Europe,NATO,capital_city,Lisbon
South Africa,Africa,Africa,Non-NATO,capital_city,Pretoria
Philippines,Southeast Asia,Asia,Non-NATO,capital_city,Manila
Malaysia,Southeast Asia,Asia,Non-NATO,capital_city,Kuala Lumpur
Iraq,Middle East,Asia,Non-NATO,capital_city,Baghdad
Switzerland,Central Europe,Europe,Non-NATO,capital_city,Bern
Denmark,Scandinavia,Europe,NATO,capital_city,Copenhagen
Colombia,Latin America,South America,Non-NATO,capital_city,Bogotá
Chile,Latin America,South America,Non-NATO,capital_city,Santiago
Finland,Scandinavia,Europe,NATO,capital_city,Helsinki
Peru,Latin America,South America,Non-NATO,capital_city,Lima
Venezuela,Latin America,South America,Non-NATO,capital_city,Caracas
Romania,Eastern Europe,Europe,Non-NATO,capital_city,Bucharest
Ethiopia,Africa,Africa,Non-NATO,capital_city,Addis Ababa
Czechia,Eastern Europe,Europe,NATO,capital_city,Prague
United Arab Emirates,Middle East,Asia,Non-NATO,capital_city,Abu Dhabi
Hungary,Eastern Europe,Europe,NATO,capital_city,Budapest
Angola,Africa,Africa,Non-NATO,capital_city,Luanda
Kazakhstan,Asia,Asia,Non-NATO,capital_city,Nur-Sultan
Uzbekistan,Asia,Asia,Non-NATO,capital_city,Tashkent
Morocco,Africa,Africa,Non-NATO,capital_city,Rabat
Azerbaijan,Asia,Asia,Non-NATO,capital_city,Baku
Belgium,Western Europe,Europe,NATO,capital_city,Brussels
Bulgaria,Eastern Europe,Europe,NATO,capital_city,Sofia
Serbia,Balkans,Europe,Non-NATO,capital_city,Belgrade
Syria,Middle East,Asia,Non-NATO,capital_city,Damascus
Ecuador,Latin America,South America,Non-NATO,capital_city,Quito
Democratic Republic of the Congo,Africa,Africa,Non-NATO,capital_city,Kinshasa
Cuba,Central America,North America,Non-NATO,capital_city,Havana
Austria,Central Europe,Europe,Non-NATO,capital_city,Vienna
Sri Lanka,Asia-Pacific,Asia,Non-NATO,capital_city,Columbo
Belarus,Eastern Europe,Europe,Non-NATO,capital_city,Minsk
Slovakia,Eastern Europe,Europe,NATO,capital_city,Bratislava
Qatar,Middle East,Asia,Non-NATO,capital_city,Doha
Sudan,Africa,Africa,Non-NATO,capital_city,Khartoum
Croatia,Balkans,Europe,NATO,capital_city,Zagreb
Jordan,Middle East,Asia,Non-NATO,capital_city,Amman
Libya,Africa,Africa,Non-NATO,capital_city,Tripoli
Turkmenistan,Asia,Asia,Non-NATO,capital_city,Ashgabat
Albania,Balkans,Europe,NATO,capital_city,Tirana
Kuwait,Gulf Powers,Asia,Non-NATO,capital_city,Kuwait City
Bolivia,Latin America,South America,Non-NATO,capital_city,La Paz
Bahrain,Gulf Powers,Asia,Non-NATO,capital_city,Manama
Oman,Gulf Powers,Asia,Non-NATO,capital_city,Muscat
Kenya,Africa,Africa,Non-NATO,capital_city,Nairobi
Chad,Africa,Africa,Non-NATO,capital_city,N'Djamena
Yemen,Middle East,Asia,Non-NATO,capital_city,Sanaa
New Zealand,Asia-Pacific,Oceania,Non-NATO,capital_city,Wellington
Paraguay,Latin America,South America,Non-NATO,capital_city,Asunción
Lithuania,Northern Europe,Europe,NATO,capital_city,Vilnius
Mozambique,Africa,Africa,Non-NATO,capital_city,Maputo
Tunisia,Africa,Africa,Non-NATO,capital_city,Tunis
Armenia,Asia,Asia,Non-NATO,capital_city,Yerevan
Tanzania,Africa,Africa,Non-NATO,capital_city,Dodoma
Cameroon,Africa,Africa,Non-NATO,capital_city,Yaoundé
Georgia,Asia,Asia,Non-NATO,capital_city,Tbilisi
Cambodia,Southeast Asia,Asia,Non-NATO,capital_city,Pnom Penh
Slovenia,Balkans,Europe,NATO,capital_city,Ljubljana
Ireland,Northern Europe,Europe,Non-NATO,capital_city,Dublin
Mongolia,Asia-Pacific,Asia,Non-NATO,capital_city,Ulan Bator
Latvia,Northern Europe,Europe,NATO,capital_city,Riga
Uruguay,Latin America,South America,Non-NATO,capital_city,Montevideo
Honduras,Central America,North America,Non-NATO,capital_city,Tegucigalpa
Ivory Coast,Africa,Africa,Non-NATO,capital_city,Yamoussoukro
Guatemala,Central America,North America,Non-NATO,capital_city,Guatemala City
Mali,Africa,Africa,Non-NATO,capital_city,Bamako
Kyrgyzstan,Asia,Asia,Non-NATO,capital_city,Bishkek
Laos,Southeast Asia,Asia,Non-NATO,capital_city,Vientiane
Estonia,Northern Europe,Europe,NATO,capital_city,Tallinn
Tajikistan,Asia,Asia,Non-NATO,capital_city,Dushanbe
Zambia,Africa,Africa,Non-NATO,capital_city,Lusaka
Ghana,Africa,Africa,Non-NATO,capital_city,Accra
Zimbabwe,Africa,Africa,Non-NATO,capital_city,Harare
North Macedonia,Balkans,Europe,Non-NATO,capital_city,Skopje
South Sudan,Africa,Africa,Non-NATO,capital_city,Juba
Uganda,Africa,Africa,Non-NATO,capital_city,Kampala
Lebanon,Middle East,Asia,Non-NATO,capital_city,Beirut
Namibia,Africa,Africa,Non-NATO,capital_city,Windhoek
Luxembourg,Western Europe,Europe,NATO,capital_city,Luxembourg City
Afghanistan,Asia,Asia,Non-NATO,capital_city,Kabul
Niger,Africa,Africa,Non-NATO,capital_city,Niamey
Eritrea,Africa,Africa,Non-NATO,capital_city,Asmara
Republic of the Congo,Africa,Africa,Non-NATO,capital_city,Brazzaville
Botswana,Africa,Africa,Non-NATO,capital_city,Gaborone
Mauritania,Africa,Africa,Non-NATO,capital_city,Nouakchott
Dominican Republic,Central America,North America,Non-NATO,capital_city,Santo Domingo
Senegal,Africa,Africa,Non-NATO,capital_city,Dakar
Nepal,Asia-Pacific,Asia,Non-NATO,capital_city,Kathmandu
Montenegro,Balkans,Europe,NATO,capital_city,Podgorica
El Salvador,Central America,North America,Non-NATO,capital_city,San Salvador
Burkina Faso,Africa,Africa,Non-NATO,capital_city,Outagadougou
Madagascar,Africa,Africa,Non-NATO,capital_city,Antananarivo
Nicaragua,Central America,North America,Non-NATO,capital_city,Managua
Bosnia and Herzegovina,Balkans,Europe,Non-NATO,capital_city,Sarajevo
Gabon,Africa,Africa,Non-NATO,capital_city,Libreville
Moldova,Eastern Europe,Europe,Non-NATO,capital_city,Chishinau
Iceland,Scandinavia,Europe,NATO,capital_city,Reykjavik
Panama,Central America,North America,Non-NATO,capital_city,Panama City
Beliz,Central America,North America,Non-NATO,capital_city,Belmopan
Liberia,Africa,Africa,Non-NATO,capital_city,Monrovia
Suriname,Northern South America,South America,Non-NATO,capital_city,Paramaribo
Sierra Leone,Africa,Africa,Non-NATO,capital_city,Freetown
Kosovo,Southern Europe,Europe,Non-NATO,capital_city,Pristina
Somalia,Africa,Africa,Non-NATO,capital_city,Mogadishu
Central African Republic,Africa,Africa,Non-NATO,capital_city,Bangui
Benin,Africa,Africa,Non-NATO,capital_city,Porto-Novo
Bhutan,Asia,Asia,Non-NATO,capital_city,Thimphu
United States,Northern America,North America,NATO,Power_index_score,0.0744
Russia,Eastern Europe,Europe,Non-NATO,Power_index_score,0.0788
China,Asia-Pacific,Asia,Non-NATO,Power_index_score,0.0788
India,Asia-Pacific,Asia,Non-NATO,Power_index_score,0.1184
South Korea,Asia-Pacific,Asia,Non-NATO,Power_index_score,0.1656
United Kingdom,Northern Europe,Europe,NATO,Power_index_score,0.1785
France,Western Europe,Europe,NATO,Power_index_score,0.1878
Japan,Asia-Pacific,Asia,Non-NATO,Power_index_score,0.1839
Turkiye,Middle East,Asia,NATO,Power_index_score,0.1902
Italy,Southern Europe,Europe,NATO,Power_index_score,0.2164
Brazil,Latin America,South America,Non-NATO,Power_index_score,0.2415
Pakistan,Asia-Pacific,Asia,Non-NATO,Power_index_score,0.2513
Indonesia,Southeast Asia,Asia,Non-NATO,Power_index_score,0.2557
Germany,Central Europe,Europe,NATO,Power_index_score,0.2601
Israel,Middle East,Asia,Non-NATO,Power_index_score,0.2661
Iran,Middle East,Asia,Non-NATO,Power_index_score,0.3048
Spain,Southern Europe,Europe,NATO,Power_index_score,0.3242
Australia,Asia-Pacific,Oceania,Non-NATO,Power_index_score,0.3298
Egypt,Africa,Africa,Non-NATO,Power_index_score,0.3427
Ukraine,Eastern Europe,Europe,Non-NATO,Power_index_score,0.3755
Poland,Eastern Europe,Europe,NATO,Power_index_score,0.3776
Taiwan,Asia-Pacific,Asia,Non-NATO,Power_index_score,0.3988
Vietnam,Southeast Asia,Asia,Non-NATO,Power_index_score,0.4024
Saudi Arabia,Middle East,Asia,Non-NATO,Power_index_score,0.4201
Thailand,Southeast Asia,Asia,Non-NATO,Power_index_score,0.4536
Algeria,Africa,Africa,Non-NATO,Power_index_score,0.3589
Sweden,Scandinavia,Europe,NATO,Power_index_score,0.4835
Canada,Northern America,North America,NATO,Power_index_score,0.5179
Singapore,Southeast Asia,Asia,Non-NATO,Power_index_score,0.5271
Greece,Southern Europe,Europe,NATO,Power_index_score,0.5337
Nigeria,Africa,Africa,Non-NATO,Power_index_score,0.5771
Mexico,Mexico,North America,Non-NATO,Power_index_score,0.5965
Argentina,Latin America,South America,Non-NATO,Power_index_score,0.6013
North Korea,Asia-Pacific,Asia,Non-NATO,Power_index_score,0.6016
Bangladesh,Asia-Pacific,Asia,Non-NATO,Power_index_score,0.6062
Netherlands,Western Europe,Europe,NATO,Power_index_score,0.6412
Myanmar,Southeast Asia,Asia,Non-NATO,Power_index_score,0.6735
Norway,Scandinavia,Europe,NATO,Power_index_score,0.6811
Portugal,Southern Europe,Europe,NATO,Power_index_score,0.6856
South Africa,Africa,Africa,Non-NATO,Power_index_score,0.6889
Philippines,Southeast Asia,Asia,Non-NATO,Power_index_score,0.6987
Malaysia,Southeast Asia,Asia,Non-NATO,Power_index_score,0.7429
Iraq,Middle East,Asia,Non-NATO,Power_index_score,0.7738
Switzerland,Central Europe,Europe,Non-NATO,Power_index_score,0.7869
Denmark,Scandinavia,Europe,NATO,Power_index_score,0.8109
Colombia,Latin America,South America,Non-NATO,Power_index_score,0.8353
Chile,Latin America,South America,Non-NATO,Power_index_score,0.8361
Finland,Scandinavia,Europe,NATO,Power_index_score,0.8437
Peru,Latin America,South America,Non-NATO,Power_index_score,0.8588
Venezuela,Latin America,South America,Non-NATO,Power_index_score,0.8882
Romania,Eastern Europe,Europe,Non-NATO,Power_index_score,0.8984
Ethiopia,Africa,Africa,Non-NATO,Power_index_score,0.9305
Czechia,Eastern Europe,Europe,NATO,Power_index_score,0.9994
United Arab Emirates,Middle East,Asia,Non-NATO,Power_index_score,1.0186
Hungary,Eastern Europe,Europe,NATO,Power_index_score,1.0259
Angola,Africa,Africa,Non-NATO,Power_index_score,1.0961
Kazakhstan,Asia,Asia,Non-NATO,Power_index_score,1.1016
Uzbekistan,Asia,Asia,Non-NATO,Power_index_score,1.1121
Morocco,Africa,Africa,Non-NATO,Power_index_score,1.1273
Azerbaijan,Asia,Asia,Non-NATO,Power_index_score,1.2531
Belgium,Western Europe,Europe,NATO,Power_index_score,1.2564
Bulgaria,Eastern Europe,Europe,NATO,Power_index_score,1.2563
Serbia,Balkans,Europe,Non-NATO,Power_index_score,1.2576
Syria,Middle East,Asia,Non-NATO,Power_index_score,1.2771
Ecuador,Latin America,South America,Non-NATO,Power_index_score,1.3021
Democratic Republic of the Congo,Africa,Africa,Non-NATO,Power_index_score,1.3111
Cuba,Central America,North America,Non-NATO,Power_index_score,1.3286
Austria,Central Europe,Europe,Non-NATO,Power_index_score,1.3704
Sri Lanka,Asia-Pacific,Asia,Non-NATO,Power_index_score,1.3941
Belarus,Eastern Europe,Europe,Non-NATO,Power_index_score,1.3954
Slovakia,Eastern Europe,Europe,NATO,Power_index_score,1.3978
Qatar,Middle East,Asia,Non-NATO,Power_index_score,1.4307
Sudan,Africa,Africa,Non-NATO,Power_index_score,1.4756
Croatia,Balkans,Europe,NATO,Power_index_score,1.5074
Jordan,Middle East,Asia,Non-NATO,Power_index_score,1.6139
Libya,Africa,Africa,Non-NATO,Power_index_score,1.4449
Turkmenistan,Asia,Asia,Non-NATO,Power_index_score,1.6512
Albania,Balkans,Europe,NATO,Power_index_score,1.6815
Kuwait,Gulf Powers,Asia,Non-NATO,Power_index_score,1.6982
Bolivia,Latin America,South America,Non-NATO,Power_index_score,1.7221
Bahrain,Gulf Powers,Asia,Non-NATO,Power_index_score,1.7448
Oman,Gulf Powers,Asia,Non-NATO,Power_index_score,1.8047
Kenya,Africa,Africa,Non-NATO,Power_index_score,1.8135
Chad,Africa,Africa,Non-NATO,Power_index_score,1.8712
Yemen,Middle East,Asia,Non-NATO,Power_index_score,1.8901
New Zealand,Asia-Pacific,Oceania,Non-NATO,Power_index_score,1.9039
Paraguay,Latin America,South America,Non-NATO,Power_index_score,1.9044
Lithuania,Northern Europe,Europe,NATO,Power_index_score,1.9075
Mozambique,Africa,Africa,Non-NATO,Power_index_score,1.9265
Tunisia,Africa,Africa,Non-NATO,Power_index_score,1.9538
Armenia,Asia,Asia,Non-NATO,Power_index_score,2.0373
Tanzania,Africa,Africa,Non-NATO,Power_index_score,2.0416
Cameroon,Africa,Africa,Non-NATO,Power_index_score,2.0501
Georgia,Asia,Asia,Non-NATO,Power_index_score,2.0695
Cambodia,Southeast Asia,Asia,Non-NATO,Power_index_score,2.0752
Slovenia,Balkans,Europe,NATO,Power_index_score,2.1016
Ireland,Northern Europe,Europe,Non-NATO,Power_index_score,2.1103
Mongolia,Asia-Pacific,Asia,Non-NATO,Power_index_score,2.1135
Latvia,Northern Europe,Europe,NATO,Power_index_score,2.1246
Uruguay,Latin America,South America,Non-NATO,Power_index_score,2.1385
Honduras,Central America,North America,Non-NATO,Power_index_score,2.1679
Ivory Coast,Africa,Africa,Non-NATO,Power_index_score,2.1796
Guatemala,Central America,North America,Non-NATO,Power_index_score,2.1956
Mali,Africa,Africa,Non-NATO,Power_index_score,2.2379
Kyrgyzstan,Asia,Asia,Non-NATO,Power_index_score,2.2543
Laos,Southeast Asia,Asia,Non-NATO,Power_index_score,2.2663
Estonia,Northern Europe,Europe,NATO,Power_index_score,2.2917
Tajikistan,Asia,Asia,Non-NATO,Power_index_score,2.3049
Zambia,Africa,Africa,Non-NATO,Power_index_score,2.3411
Ghana,Africa,Africa,Non-NATO,Power_index_score,2.3775
Zimbabwe,Africa,Africa,Non-NATO,Power_index_score,2.3863
North Macedonia,Balkans,Europe,Non-NATO,Power_index_score,2.4042
South Sudan,Africa,Africa,Non-NATO,Power_index_score,2.4321
Uganda,Africa,Africa,Non-NATO,Power_index_score,2.4767
Lebanon,Middle East,Asia,Non-NATO,Power_index_score,2.5981
Namibia,Africa,Africa,Non-NATO,Power_index_score,2.6384
Luxembourg,Western Europe,Europe,NATO,Power_index_score,2.6415
Afghanistan,Asia,Asia,Non-NATO,Power_index_score,2.6442
Niger,Africa,Africa,Non-NATO,Power_index_score,2.6689
Eritrea,Africa,Africa,Non-NATO,Power_index_score,2.6985
Republic of the Congo,Africa,Africa,Non-NATO,Power_index_score,2.7282
Botswana,Africa,Africa,Non-NATO,Power_index_score,2.7509
Mauritania,Africa,Africa,Non-NATO,Power_index_score,2.7977
Dominican Republic,Central America,North America,Non-NATO,Power_index_score,2.8023
Senegal,Africa,Africa,Non-NATO,Power_index_score,2.8116
Nepal,Asia-Pacific,Asia,Non-NATO,Power_index_score,2.8915
Montenegro,Balkans,Europe,NATO,Power_index_score,2.9216
El Salvador,Central America,North America,Non-NATO,Power_index_score,2.9371
Burkina Faso,Africa,Africa,Non-NATO,Power_index_score,2.9734
Madagascar,Africa,Africa,Non-NATO,Power_index_score,3.0609
Nicaragua,Central America,North America,Non-NATO,Power_index_score,3.0966
Bosnia and Herzegovina,Balkans,Europe,Non-NATO,Power_index_score,3.0799
Gabon,Africa,Africa,Non-NATO,Power_index_score,3.1805
Moldova,Eastern Europe,Europe,Non-NATO,Power_index_score,3.2555
Iceland,Scandinavia,Europe,NATO,Power_index_score,3.5181
Panama,Central America,North America,Non-NATO,Power_index_score,3.6575
Beliz,Central America,North America,Non-NATO,Power_index_score,3.7191
Liberia,Africa,Africa,Non-NATO,Power_index_score,3.7781
Suriname,Northern South America,South America,Non-NATO,Power_index_score,3.9127
Sierra Leone,Africa,Africa,Non-NATO,Power_index_score,3.9701
Kosovo,Southern Europe,Europe,Non-NATO,Power_index_score,4.9141
Somalia,Africa,Africa,Non-NATO,Power_index_score,4.2037
Central African Republic,Africa,Africa,Non-NATO,Power_index_score,4.2347
Benin,Africa,Africa,Non-NATO,Power_index_score,4.3156
Bhutan,Asia,Asia,Non-NATO,Power_index_score,6.3934
United States,Northern America,North America,NATO,power_index_rank,1
Russia,Eastern Europe,Europe,Non-NATO,power_index_rank,2
China,Asia-Pacific,Asia,Non-NATO,power_index_rank,3
India,Asia-Pacific,Asia,Non-NATO,power_index_rank,4
South Korea,Asia-Pacific,Asia,Non-NATO,power_index_rank,5
United Kingdom,Northern Europe,Europe,NATO,power_index_rank,6
France,Western Europe,Europe,NATO,power_index_rank,7
Japan,Asia-Pacific,Asia,Non-NATO,power_index_rank,8
Turkiye,Middle East,Asia,NATO,power_index_rank,9
Italy,Southern Europe,Europe,NATO,power_index_rank,10
Brazil,Latin America,South America,Non-NATO,power_index_rank,11
Pakistan,Asia-Pacific,Asia,Non-NATO,power_index_rank,12
Indonesia,Southeast Asia,Asia,Non-NATO,power_index_rank,13
Germany,Central Europe,Europe,NATO,power_index_rank,14
Israel,Middle East,Asia,Non-NATO,power_index_rank,15
Iran,Middle East,Asia,Non-NATO,power_index_rank,16
Spain,Southern Europe,Europe,NATO,power_index_rank,17
Australia,Asia-Pacific,Oceania,Non-NATO,power_index_rank,18
Egypt,Africa,Africa,Non-NATO,power_index_rank,19
Ukraine,Eastern Europe,Europe,Non-NATO,power_index_rank,20
Poland,Eastern Europe,Europe,NATO,power_index_rank,21
Taiwan,Asia-Pacific,Asia,Non-NATO,power_index_rank,22
Vietnam,Southeast Asia,Asia,Non-NATO,power_index_rank,23
Saudi Arabia,Middle East,Asia,Non-NATO,power_index_rank,24
Thailand,Southeast Asia,Asia,Non-NATO,power_index_rank,25
Algeria,Africa,Africa,Non-NATO,power_index_rank,26
Sweden,Scandinavia,Europe,NATO,power_index_rank,27
Canada,Northern America,North America,NATO,power_index_rank,28
Singapore,Southeast Asia,Asia,Non-NATO,power_index_rank,29
Greece,Southern Europe,Europe,NATO,power_index_rank,30
Nigeria,Africa,Africa,Non-NATO,power_index_rank,31
Mexico,Mexico,North America,Non-NATO,power_index_rank,32
Argentina,Latin America,South America,Non-NATO,power_index_rank,33
North Korea,Asia-Pacific,Asia,Non-NATO,power_index_rank,34
Bangladesh,Asia-Pacific,Asia,Non-NATO,power_index_rank,35
Netherlands,Western Europe,Europe,NATO,power_index_rank,36
Myanmar,Southeast Asia,Asia,Non-NATO,power_index_rank,37
Norway,Scandinavia,Europe,NATO,power_index_rank,38
Portugal,Southern Europe,Europe,NATO,power_index_rank,39
South Africa,Africa,Africa,Non-NATO,power_index_rank,40
Philippines,Southeast Asia,Asia,Non-NATO,power_index_rank,41
Malaysia,Southeast Asia,Asia,Non-NATO,power_index_rank,42
Iraq,Middle East,Asia,Non-NATO,power_index_rank,43
Switzerland,Central Europe,Europe,Non-NATO,power_index_rank,44
Denmark,Scandinavia,Europe,NATO,power_index_rank,45
Colombia,Latin America,South America,Non-NATO,power_index_rank,46
Chile,Latin America,South America,Non-NATO,power_index_rank,47
Finland,Scandinavia,Europe,NATO,power_index_rank,48
Peru,Latin America,South America,Non-NATO,power_index_rank,49
Venezuela,Latin America,South America,Non-NATO,power_index_rank,50
Romania,Eastern Europe,Europe,Non-NATO,power_index_rank,51
Ethiopia,Africa,Africa,Non-NATO,power_index_rank,52
Czechia,Eastern Europe,Europe,NATO,power_index_rank,53
United Arab Emirates,Middle East,Asia,Non-NATO,power_index_rank,54
Hungary,Eastern Europe,Europe,NATO,power_index_rank,55
Angola,Africa,Africa,Non-NATO,power_index_rank,56
Kazakhstan,Asia,Asia,Non-NATO,power_index_rank,57
Uzbekistan,Asia,Asia,Non-NATO,power_index_rank,58
Morocco,Africa,Africa,Non-NATO,power_index_rank,59
Azerbaijan,Asia,Asia,Non-NATO,power_index_rank,60
Belgium,Western Europe,Europe,NATO,power_index_rank,61
Bulgaria,Eastern Europe,Europe,NATO,power_index_rank,62
Serbia,Balkans,Europe,Non-NATO,power_index_rank,63
Syria,Middle East,Asia,Non-NATO,power_index_rank,64
Ecuador,Latin America,South America,Non-NATO,power_index_rank,65
Democratic Republic of the Congo,Africa,Africa,Non-NATO,power_index_rank,66
Cuba,Central America,North America,Non-NATO,power_index_rank,67
Austria,Central Europe,Europe,Non-NATO,power_index_rank,68
Sri Lanka,Asia-Pacific,Asia,Non-NATO,power_index_rank,69
Belarus,Eastern Europe,Europe,Non-NATO,power_index_rank,70
Slovakia,Eastern Europe,Europe,NATO,power_index_rank,71
Qatar,Middle East,Asia,Non-NATO,power_index_rank,72
Sudan,Africa,Africa,Non-NATO,power_index_rank,73
Croatia,Balkans,Europe,NATO,power_index_rank,74
Jordan,Middle East,Asia,Non-NATO,power_index_rank,75
Libya,Africa,Africa,Non-NATO,power_index_rank,76
Turkmenistan,Asia,Asia,Non-NATO,power_index_rank,77
Albania,Balkans,Europe,NATO,power_index_rank,78
Kuwait,Gulf Powers,Asia,Non-NATO,power_index_rank,79
Bolivia,Latin America,South America,Non-NATO,power_index_rank,80
Bahrain,Gulf Powers,Asia,Non-NATO,power_index_rank,81
Oman,Gulf Powers,Asia,Non-NATO,power_index_rank,82
Kenya,Africa,Africa,Non-NATO,power_index_rank,83
Chad,Africa,Africa,Non-NATO,power_index_rank,84
Yemen,Middle East,Asia,Non-NATO,power_index_rank,85
New Zealand,Asia-Pacific,Oceania,Non-NATO,power_index_rank,86
Paraguay,Latin America,South America,Non-NATO,power_index_rank,87
Lithuania,Northern Europe,Europe,NATO,power_index_rank,88
Mozambique,Africa,Africa,Non-NATO,power_index_rank,89
Tunisia,Africa,Africa,Non-NATO,power_index_rank,90
Armenia,Asia,Asia,Non-NATO,power_index_rank,91
Tanzania,Africa,Africa,Non-NATO,power_index_rank,92
Cameroon,Africa,Africa,Non-NATO,power_index_rank,93
Georgia,Asia,Asia,Non-NATO,power_index_rank,94
Cambodia,Southeast Asia,Asia,Non-NATO,power_index_rank,95
Slovenia,Balkans,Europe,NATO,power_index_rank,96
Ireland,Northern Europe,Europe,Non-NATO,power_index_rank,97
Mongolia,Asia-Pacific,Asia,Non-NATO,power_index_rank,98
Latvia,Northern Europe,Europe,NATO,power_index_rank,99
Uruguay,Latin America,South America,Non-NATO,power_index_rank,100
Honduras,Central America,North America,Non-NATO,power_index_rank,101
Ivory Coast,Africa,Africa,Non-NATO,power_index_rank,102
Guatemala,Central America,North America,Non-NATO,power_index_rank,103
Mali,Africa,Africa,Non-NATO,power_index_rank,104
Kyrgyzstan,Asia,Asia,Non-NATO,power_index_rank,105
Laos,Southeast Asia,Asia,Non-NATO,power_index_rank,106
Estonia,Northern Europe,Europe,NATO,power_index_rank,107
Tajikistan,Asia,Asia,Non-NATO,power_index_rank,108
Zambia,Africa,Africa,Non-NATO,power_index_rank,109
Ghana,Africa,Africa,Non-NATO,power_index_rank,110
Zimbabwe,Africa,Africa,Non-NATO,power_index_rank,111
North Macedonia,Balkans,Europe,Non-NATO,power_index_rank,112
South Sudan,Africa,Africa,Non-NATO,power_index_rank,113
Uganda,Africa,Africa,Non-NATO,power_index_rank,114
Lebanon,Middle East,Asia,Non-NATO,power_index_rank,115
Namibia,Africa,Africa,Non-NATO,power_index_rank,116
Luxembourg,Western Europe,Europe,NATO,power_index_rank,117
Afghanistan,Asia,Asia,Non-NATO,power_index_rank,118
Niger,Africa,Africa,Non-NATO,power_index_rank,119
Eritrea,Africa,Africa,Non-NATO,power_index_rank,120
Republic of the Congo,Africa,Africa,Non-NATO,power_index_rank,121
Botswana,Africa,Africa,Non-NATO,power_index_rank,122
Mauritania,Africa,Africa,Non-NATO,power_index_rank,123
Dominican Republic,Central America,North America,Non-NATO,power_index_rank,124
Senegal,Africa,Africa,Non-NATO,power_index_rank,125
Nepal,Asia-Pacific,Asia,Non-NATO,power_index_rank,126
Montenegro,Balkans,Europe,NATO,power_index_rank,127
El Salvador,Central America,North America,Non-NATO,power_index_rank,128
Burkina Faso,Africa,Africa,Non-NATO,power_index_rank,129
Madagascar,Africa,Africa,Non-NATO,power_index_rank,130
Nicaragua,Central America,North America,Non-NATO,power_index_rank,131
Bosnia and Herzegovina,Balkans,Europe,Non-NATO,power_index_rank,132
Gabon,Africa,Africa,Non-NATO,power_index_rank,133
Moldova,Eastern Europe,Europe,Non-NATO,power_index_rank,134
Iceland,Scandinavia,Europe,NATO,power_index_rank,135
Panama,Central America,North America,Non-NATO,power_index_rank,136
Beliz,Central America,North America,Non-NATO,power_index_rank,137
Liberia,Africa,Africa,Non-NATO,power_index_rank,138
Suriname,Northern South America,South America,Non-NATO,power_index_rank,139
Sierra Leone,Africa,Africa,Non-NATO,power_index_rank,140
Kosovo,Southern Europe,Europe,Non-NATO,power_index_rank,141
Somalia,Africa,Africa,Non-NATO,power_index_rank,142
Central African Republic,Africa,Africa,Non-NATO,power_index_rank,143
Benin,Africa,Africa,Non-NATO,power_index_rank,144
Bhutan,Asia,Asia,Non-NATO,power_index_rank,145
United States,Northern America,North America,NATO,year,2025
Russia,Eastern Europe,Europe,Non-NATO,year,2025
China,Asia-Pacific,Asia,Non-NATO,year,2025
India,Asia-Pacific,Asia,Non-NATO,year,2025
South Korea,Asia-Pacific,Asia,Non-NATO,year,2025
United Kingdom,Northern Europe,Europe,NATO,year,2025
France,Western Europe,Europe,NATO,year,2025
Japan,Asia-Pacific,Asia,Non-NATO,year,2025
Turkiye,Middle East,Asia,NATO,year,2025
Italy,Southern Europe,Europe,NATO,year,2025
Brazil,Latin America,South America,Non-NATO,year,2025
Pakistan,Asia-Pacific,Asia,Non-NATO,year,2025
Indonesia,Southeast Asia,Asia,Non-NATO,year,2025
Germany,Central Europe,Europe,NATO,year,2025
Israel,Middle East,Asia,Non-NATO,year,2025
Iran,Middle East,Asia,Non-NATO,year,2025
Spain,Southern Europe,Europe,NATO,year,2025
Australia,Asia-Pacific,Oceania,Non-NATO,year,2025
Egypt,Africa,Africa,Non-NATO,year,2025
Ukraine,Eastern Europe,Europe,Non-NATO,year,2025
Poland,Eastern Europe,Europe,NATO,year,2025
Taiwan,Asia-Pacific,Asia,Non-NATO,year,2025
Vietnam,Southeast Asia,Asia,Non-NATO,year,2025
Saudi Arabia,Middle East,Asia,Non-NATO,year,2025
Thailand,Southeast Asia,Asia,Non-NATO,year,2025
Algeria,Africa,Africa,Non-NATO,year,2025
Sweden,Scandinavia,Europe,NATO,year,2025
Canada,Northern America,North America,NATO,year,2025
Singapore,Southeast Asia,Asia,Non-NATO,year,2025
Greece,Southern Europe,Europe,NATO,year,2025
Nigeria,Africa,Africa,Non-NATO,year,2025
Mexico,Mexico,North America,Non-NATO,year,2025
Argentina,Latin America,South America,Non-NATO,year,2025
North Korea,Asia-Pacific,Asia,Non-NATO,year,2025
Bangladesh,Asia-Pacific,Asia,Non-NATO,year,2025
Netherlands,Western Europe,Europe,NATO,year,2025
Myanmar,Southeast Asia,Asia,Non-NATO,year,2025
Norway,Scandinavia,Europe,NATO,year,2025
Portugal,Southern Europe,Europe,NATO,year,2025
South Africa,Africa,Africa,Non-NATO,year,2025
Philippines,Southeast Asia,Asia,Non-NATO,year,2025
Malaysia,Southeast Asia,Asia,Non-NATO,year,2025
Iraq,Middle East,Asia,Non-NATO,year,2025
Switzerland,Central Europe,Europe,Non-NATO,year,2025
Denmark,Scandinavia,Europe,NATO,year,2025
Colombia,Latin America,South America,Non-NATO,year,2025
Chile,Latin America,South America,Non-NATO,year,2025
Finland,Scandinavia,Europe,NATO,year,2025
Peru,Latin America,South America,Non-NATO,year,2025
Venezuela,Latin America,South America,Non-NATO,year,2025
Romania,Eastern Europe,Europe,Non-NATO,year,2025
Ethiopia,Africa,Africa,Non-NATO,year,2025
Czechia,Eastern Europe,Europe,NATO,year,2025
United Arab Emirates,Middle East,Asia,Non-NATO,year,2025
Hungary,Eastern Europe,Europe,NATO,year,2025
Angola,Africa,Africa,Non-NATO,year,2025
Kazakhstan,Asia,Asia,Non-NATO,year,2025
Uzbekistan,Asia,Asia,Non-NATO,year,2025
Morocco,Africa,Africa,Non-NATO,year,2025
Azerbaijan,Asia,Asia,Non-NATO,year,2025
Belgium,Western Europe,Europe,NATO,year,2025
Bulgaria,Eastern Europe,Europe,NATO,year,2025
Serbia,Balkans,Europe,Non-NATO,year,2025
Syria,Middle East,Asia,Non-NATO,year,2025
Ecuador,Latin America,South America,Non-NATO,year,2025
Democratic Republic of the Congo,Africa,Africa,Non-NATO,year,2025
Cuba,Central America,North America,Non-NATO,year,2025
Austria,Central Europe,Europe,Non-NATO,year,2025
Sri Lanka,Asia-Pacific,Asia,Non-NATO,year,2025
Belarus,Eastern Europe,Europe,Non-NATO,year,2025
Slovakia,Eastern Europe,Europe,NATO,year,2025
Qatar,Middle East,Asia,Non-NATO,year,2025
Sudan,Africa,Africa,Non-NATO,year,2025
Croatia,Balkans,Europe,NATO,year,2025
Jordan,Middle East,Asia,Non-NATO,year,2025
Libya,Africa,Africa,Non-NATO,year,2025
Turkmenistan,Asia,Asia,Non-NATO,year,2025
Albania,Balkans,Europe,NATO,year,2025
Kuwait,Gulf Powers,Asia,Non-NATO,year,2025
Bolivia,Latin America,South America,Non-NATO,year,2025
Bahrain,Gulf Powers,Asia,Non-NATO,year,2025
Oman,Gulf Powers,Asia,Non-NATO,year,2025
Kenya,Africa,Africa,Non-NATO,year,2025
Chad,Africa,Africa,Non-NATO,year,2025
Yemen,Middle East,Asia,Non-NATO,year,2025
New Zealand,Asia-Pacific,Oceania,Non-NATO,year,2025
Paraguay,Latin America,South America,Non-NATO,year,2025
Lithuania,Northern Europe,Europe,NATO,year,2025
Mozambique,Africa,Africa,Non-NATO,year,2025
Tunisia,Africa,Africa,Non-NATO,year,2025
Armenia,Asia,Asia,Non-NATO,year,2025
Tanzania,Africa,Africa,Non-NATO,year,2025
Cameroon,Africa,Africa,Non-NATO,year,2025
Georgia,Asia,Asia,Non-NATO,year,2025
Cambodia,Southeast Asia,Asia,Non-NATO,year,2025
Slovenia,Balkans,Europe,NATO,year,2025
Ireland,Northern Europe,Europe,Non-NATO,year,2025
Mongolia,Asia-Pacific,Asia,Non-NATO,year,2025
Latvia,Northern Europe,Europe,NATO,year,2025
Uruguay,Latin America,South America,Non-NATO,year,2025
Honduras,Central America,North America,Non-NATO,year,2025
Ivory Coast,Africa,Africa,Non-NATO,year,2025
Guatemala,Central America,North America,Non-NATO,year,2025
Mali,Africa,Africa,Non-NATO,year,2025
Kyrgyzstan,Asia,Asia,Non-NATO,year,2025
Laos,Southeast Asia,Asia,Non-NATO,year,2025
Estonia,Northern Europe,Europe,NATO,year,2025
Tajikistan,Asia,Asia,Non-NATO,year,2025
Zambia,Africa,Africa,Non-NATO,year,2025
Ghana,Africa,Africa,Non-NATO,year,2025
Zimbabwe,Africa,Africa,Non-NATO,year,2025
North Macedonia,Balkans,Europe,Non-NATO,year,2025
South Sudan,Africa,Africa,Non-NATO,year,2025
Uganda,Africa,Africa,Non-NATO,year,2025
Lebanon,Middle East,Asia,Non-NATO,year,2025
Namibia,Africa,Africa,Non-NATO,year,2025
Luxembourg,Western Europe,Europe,NATO,year,2025
Afghanistan,Asia,Asia,Non-NATO,year,2025
Niger,Africa,Africa,Non-NATO,year,2025
Eritrea,Africa,Africa,Non-NATO,year,2025
Republic of the Congo,Africa,Africa,Non-NATO,year,2025
Botswana,Africa,Africa,Non-NATO,year,2025
Mauritania,Africa,Africa,Non-NATO,year,2025
Dominican Republic,Central America,North America,Non-NATO,year,2025
Senegal,Africa,Africa,Non-NATO,year,2025
Nepal,Asia-Pacific,Asia,Non-NATO,year,2025
Montenegro,Balkans,Europe,NATO,year,2025
El Salvador,Central America,North America,Non-NATO,year,2025
Burkina Faso,Africa,Africa,Non-NATO,year,2025
Madagascar,Africa,Africa,Non-NATO,year,2025
Nicaragua,Central America,North America,Non-NATO,year,2025
Bosnia and Herzegovina,Balkans,Europe,Non-NATO,year,2025
Gabon,Africa,Africa,Non-NATO,year,2025
Moldova,Eastern Europe,Europe,Non-NATO,year,2025
Iceland,Scandinavia,Europe,NATO,year,2025
Panama,Central America,North America,Non-NATO,year,2025
Beliz,Central America,North America,Non-NATO,year,2025
Liberia,Africa,Africa,Non-NATO,year,2025
Suriname,Northern South America,South America,Non-NATO,year,2025
Sierra Leone,Africa,Africa,Non-NATO,year,2025
Kosovo,Southern Europe,Europe,Non-NATO,year,2025
Somalia,Africa,Africa,Non-NATO,year,2025
Central African Republic,Africa,Africa,Non-NATO,year,2025
Benin,Africa,Africa,Non-NATO,year,2025
Bhutan,Asia,Asia,Non-NATO,year,2025
United States,Northern America,North America,NATO,assets_per_capita,5.299689842838389e-05
Russia,Eastern Europe,Europe,Non-NATO,assets_per_capita,7.428589567124348e-05
China,Asia-Pacific,Asia,Non-NATO,assets_per_capita,7.676797049464077e-06
India,Asia-Pacific,Asia,Non-NATO,assets_per_capita,4.771034702151776e-06
South Korea,Asia-Pacific,Asia,Non-NATO,assets_per_capita,7.785829364304408e-05
United Kingdom,Northern Europe,Europe,NATO,assets_per_capita,1.4125231497863942e-05
France,Western Europe,Europe,NATO,assets_per_capita,1.9305417124908286e-05
Japan,Asia-Pacific,Asia,Non-NATO,assets_per_capita,1.7231870811779797e-05
Turkiye,Middle East,Asia,NATO,assets_per_capita,4.164312328369972e-05
Italy,Southern Europe,Europe,NATO,assets_per_capita,1.8453231744000496e-05
Brazil,Latin America,South America,Non-NATO,assets_per_capita,3.958164122953174e-06
Pakistan,Asia-Pacific,Asia,Non-NATO,assets_per_capita,1.6432641143756837e-05
Indonesia,Southeast Asia,Asia,Non-NATO,assets_per_capita,3.981354545961942e-06
Germany,Central Europe,Europe,NATO,assets_per_capita,1.1186520065003074e-05
Israel,Middle East,Asia,Non-NATO,assets_per_capita,0.00020983519800923505
Iran,Middle East,Asia,Non-NATO,assets_per_capita,2.6825230972762412e-05
Spain,Southern Europe,Europe,NATO,assets_per_capita,1.9669870620685727e-05
Australia,Asia-Pacific,Oceania,Non-NATO,assets_per_capita,1.6063598101028677e-05
Egypt,Africa,Africa,Non-NATO,assets_per_capita,4.3713440893387317e-05
Ukraine,Eastern Europe,Europe,Non-NATO,assets_per_capita,4.2818895476636556e-05
Poland,Eastern Europe,Europe,NATO,assets_per_capita,2.9809290226604805e-05
Taiwan,Asia-Pacific,Asia,Non-NATO,assets_per_capita,7.39978692343221e-05
Vietnam,Southeast Asia,Asia,Non-NATO,assets_per_capita,1.6357949762656077e-05
Saudi Arabia,Middle East,Asia,Non-NATO,assets_per_capita,4.895410739874428e-05
Thailand,Southeast Asia,Asia,Non-NATO,assets_per_capita,2.0322936466095634e-05
Algeria,Africa,Africa,Non-NATO,assets_per_capita,4.684993917695481e-05
Sweden,Scandinavia,Europe,NATO,assets_per_capita,5.543051426202579e-05
Canada,Northern America,North America,NATO,assets_per_capita,1.2836767636951878e-05
Singapore,Southeast Asia,Asia,Non-NATO,assets_per_capita,7.464594185678296e-05
Greece,Southern Europe,Europe,NATO,assets_per_capita,0.00020017032640285795
Nigeria,Africa,Africa,Non-NATO,assets_per_capita,2.6441714414869568e-06
Mexico,Mexico,North America,Non-NATO,assets_per_capita,4.58926369141999e-06
Argentina,Latin America,South America,Non-NATO,assets_per_capita,1.3299461484589308e-05
North Korea,Asia-Pacific,Asia,Non-NATO,assets_per_capita,0.00020578990584541436
Bangladesh,Asia-Pacific,Asia,Non-NATO,assets_per_capita,3.864913358601173e-06
Netherlands,Western Europe,Europe,NATO,assets_per_capita,1.1365952265926371e-05
Myanmar,Southeast Asia,Asia,Non-NATO,assets_per_capita,1.7278801228060376e-05
Norway,Scandinavia,Europe,NATO,assets_per_capita,3.3395447655993486e-05
Portugal,Southern Europe,Europe,NATO,assets_per_capita,3.2237672285921645e-05
South Africa,Africa,Africa,Non-NATO,assets_per_capita,7.991046454335464e-06
Philippines,Southeast Asia,Asia,Non-NATO,assets_per_capita,2.7477855110419847e-06
Malaysia,Southeast Asia,Asia,Non-NATO,assets_per_capita,8.187517883072407e-06
Iraq,Middle East,Asia,Non-NATO,assets_per_capita,3.526328030819537e-05
Switzerland,Central Europe,Europe,Non-NATO,assets_per_capita,3.9613686427086994e-05
Denmark,Scandinavia,Europe,NATO,assets_per_capita,3.5324827695200636e-05
Colombia,Latin America,South America,Non-NATO,assets_per_capita,1.349107009131196e-05
Chile,Latin America,South America,Non-NATO,assets_per_capita,4.248672838904256e-05
Finland,Scandinavia,Europe,NATO,assets_per_capita,0.00011143865346559992
Peru,Latin America,South America,Non-NATO,assets_per_capita,1.7392505192214944e-05
Venezuela,Latin America,South America,Non-NATO,assets_per_capita,1.3919863696694681e-05
Romania,Eastern Europe,Europe,Non-NATO,assets_per_capita,2.6889785766101294e-05
Ethiopia,Africa,Africa,Non-NATO,assets_per_capita,3.7199400376032798e-06
Czechia,Eastern Europe,Europe,NATO,assets_per_capita,1.3102181328653453e-05
United Arab Emirates,Middle East,Asia,Non-NATO,assets_per_capita,0.00010825129011913919
Hungary,Eastern Europe,Europe,NATO,assets_per_capita,2.8206898615984884e-05
Angola,Africa,Africa,Non-NATO,assets_per_capita,1.71495874919403e-05
Kazakhstan,Asia,Asia,Non-NATO,assets_per_capita,2.833167966485301e-05
Uzbekistan,Asia,Asia,Non-NATO,assets_per_capita,1.4567123814227222e-05
Morocco,Africa,Africa,Non-NATO,assets_per_capita,3.407548254320251e-05
Azerbaijan,Asia,Asia,Non-NATO,assets_per_capita,6.469338387617404e-05
Belgium,Western Europe,Europe,NATO,assets_per_capita,9.768206308524704e-06
Bulgaria,Eastern Europe,Europe,NATO,assets_per_capita,2.816004755657036e-05
Serbia,Balkans,Europe,Non-NATO,assets_per_capita,5.89277671848101e-05
Syria,Middle East,Asia,Non-NATO,assets_per_capita,2.509907324919403e-05
Ecuador,Latin America,South America,Non-NATO,assets_per_capita,1.0158392273854526e-05
Democratic Republic of the Congo,Africa,Africa,Non-NATO,assets_per_capita,1.4471024230586256e-06
Cuba,Central America,North America,Non-NATO,assets_per_capita,1.4864073970927328e-05
Austria,Central Europe,Europe,Non-NATO,assets_per_capita,1.5722600692106648e-05
Sri Lanka,Asia-Pacific,Asia,Non-NATO,assets_per_capita,1.8150712599706094e-05
Belarus,Eastern Europe,Europe,Non-NATO,assets_per_capita,7.283098128906836e-05
Slovakia,Eastern Europe,Europe,NATO,assets_per_capita,1.5457481232191318e-05
Qatar,Middle East,Asia,Non-NATO,assets_per_capita,0.0001822037484600844
Sudan,Africa,Africa,Non-NATO,assets_per_capita,7.826853669421203e-06
Croatia,Balkans,Europe,NATO,assets_per_capita,3.421591107332903e-05
Jordan,Middle East,Asia,Non-NATO,assets_per_capita,0.00015741867030176414
Libya,Africa,Africa,Non-NATO,assets_per_capita,2.5946634429445053e-05
Turkmenistan,Asia,Asia,Non-NATO,assets_per_capita,0.00013248258968122527
Albania,Balkans,Europe,NATO,assets_per_capita,2.7034855653181415e-05
Kuwait,Gulf Powers,Asia,Non-NATO,assets_per_capita,0.00019691844931500732
Bolivia,Latin America,South America,Non-NATO,assets_per_capita,1.5026022634550721e-05
Bahrain,Gulf Powers,Asia,Non-NATO,assets_per_capita,0.00022081986715068326
Oman,Gulf Powers,Asia,Non-NATO,assets_per_capita,7.688380704009643e-05
Kenya,Africa,Africa,Non-NATO,assets_per_capita,6.300820971219876e-06
Chad,Africa,Africa,Non-NATO,assets_per_capita,6.808565909143878e-06
Yemen,Middle East,Asia,Non-NATO,assets_per_capita,3.6402734088014903e-06
New Zealand,Asia-Pacific,Oceania,Non-NATO,assets_per_capita,1.0850166753500291e-05
Paraguay,Latin America,South America,Non-NATO,assets_per_capita,1.4755636686447637e-05
Lithuania,Northern Europe,Europe,NATO,assets_per_capita,8.751283204461172e-06
Mozambique,Africa,Africa,Non-NATO,assets_per_capita,2.5486527311932366e-06
Tunisia,Africa,Africa,Non-NATO,assets_per_capita,2.5064638965039556e-05
Armenia,Asia,Asia,Non-NATO,assets_per_capita,6.046832719411843e-05
Tanzania,Africa,Africa,Non-NATO,assets_per_capita,1.6750140423245809e-06
Cameroon,Africa,Africa,Non-NATO,assets_per_capita,2.7772301359825527e-06
Georgia,Asia,Asia,Non-NATO,assets_per_capita,4.142044794888185e-05
Cambodia,Southeast Asia,Asia,Non-NATO,assets_per_capita,4.037818595754524e-05
Slovenia,Balkans,Europe,NATO,assets_per_capita,4.528352971290717e-05
Ireland,Northern Europe,Europe,Non-NATO,assets_per_capita,5.732344236443148e-06
Mongolia,Asia-Pacific,Asia,Non-NATO,assets_per_capita,0.0001301164405017436
Latvia,Northern Europe,Europe,NATO,assets_per_capita,1.3879281341915533e-05
Uruguay,Latin America,South America,Non-NATO,assets_per_capita,2.569095532401257e-05
Honduras,Central America,North America,Non-NATO,assets_per_capita,1.5636169629563397e-05
Ivory Coast,Africa,Africa,Non-NATO,assets_per_capita,9.005475929730338e-07
Guatemala,Central America,North America,Non-NATO,assets_per_capita,3.6154050436872397e-06
Mali,Africa,Africa,Non-NATO,assets_per_capita,2.410119920746162e-06
Kyrgyzstan,Asia,Asia,Non-NATO,assets_per_capita,3.596830317585535e-05
Laos,Southeast Asia,Asia,Non-NATO,assets_per_capita,2.879215284333196e-05
Estonia,Northern Europe,Europe,NATO,assets_per_capita,1.0889678344031735e-05
Tajikistan,Asia,Asia,Non-NATO,assets_per_capita,6.061152409793936e-06
Zambia,Africa,Africa,Non-NATO,assets_per_capita,5.384844240495606e-06
Ghana,Africa,Africa,Non-NATO,assets_per_capita,1.3588098814504872e-06
Zimbabwe,Africa,Africa,Non-NATO,assets_per_capita,6.413862525970313e-06
North Macedonia,Balkans,Europe,Non-NATO,assets_per_capita,1.872990632237352e-05
South Sudan,Africa,Africa,Non-NATO,assets_per_capita,3.935856868314257e-06
Uganda,Africa,Africa,Non-NATO,assets_per_capita,6.290196256355204e-06
Lebanon,Middle East,Asia,Non-NATO,assets_per_capita,4.846693492493776e-05
Namibia,Africa,Africa,Non-NATO,assets_per_capita,1.8903861381194574e-05
Luxembourg,Western Europe,Europe,NATO,assets_per_capita,1.4897490368772452e-06
Afghanistan,Asia,Asia,Non-NATO,assets_per_capita,2.243183414240805e-07
Niger,Africa,Africa,Non-NATO,assets_per_capita,9.869875560608932e-07
Eritrea,Africa,Africa,Non-NATO,assets_per_capita,1.7024077720589484e-05
Republic of the Congo,Africa,Africa,Non-NATO,assets_per_capita,7.707868503763325e-06
Botswana,Africa,Africa,Non-NATO,assets_per_capita,3.67246807809136e-05
Mauritania,Africa,Africa,Non-NATO,assets_per_capita,1.2707830796388201e-05
Dominican Republic,Central America,North America,Non-NATO,assets_per_capita,1.09099075551757e-05
Senegal,Africa,Africa,Non-NATO,assets_per_capita,2.3345247721994605e-06
Nepal,Asia-Pacific,Asia,Non-NATO,assets_per_capita,4.819681729425188e-07
Montenegro,Balkans,Europe,NATO,assets_per_capita,4.1677155417446654e-05
El Salvador,Central America,North America,Non-NATO,assets_per_capita,9.95670042189255e-06
Burkina Faso,Africa,Africa,Non-NATO,assets_per_capita,1.0849658923612281e-06
Madagascar,Africa,Africa,Non-NATO,assets_per_capita,5.771963833282053e-07
Nicaragua,Central America,North America,Non-NATO,assets_per_capita,1.9320204380803922e-05
Bosnia and Herzegovina,Balkans,Europe,Non-NATO,assets_per_capita,1.763774751748703e-05
Gabon,Africa,Africa,Non-NATO,assets_per_capita,1.1812122088464643e-05
Moldova,Eastern Europe,Europe,Non-NATO,assets_per_capita,8.334426069195737e-07
Iceland,Scandinavia,Europe,NATO,assets_per_capita,0.0
Panama,Central America,North America,Non-NATO,assets_per_capita,1.5211707825148573e-05
Beliz,Central America,North America,Non-NATO,assets_per_capita,2.6455726341966655e-05
Liberia,Africa,Africa,Non-NATO,assets_per_capita,7.356661429336783e-07
Suriname,Northern South America,South America,Non-NATO,assets_per_capita,3.092346751025881e-05
Sierra Leone,Africa,Africa,Non-NATO,assets_per_capita,8.770920976304368e-07
Kosovo,Southern Europe,Europe,Non-NATO,assets_per_capita,0.0
Somalia,Africa,Africa,Non-NATO,assets_per_capita,7.682100544407418e-07
Central African Republic,Africa,Africa,Non-NATO,assets_per_capita,1.0617670599864764e-06
Benin,Africa,Africa,Non-NATO,assets_per_capita,4.7628599259225587e-07
Bhutan,Asia,Asia,Non-NATO,assets_per_capita,2.2610469099402378e-06
United States,Northern America,North America,NATO,budget_to_gdp_ratio,0.03623481781376518
Russia,Eastern Europe,Europe,Non-NATO,budget_to_gdp_ratio,0.021649484536082474
China,Asia-Pacific,Asia,Non-NATO,budget_to_gdp_ratio,0.008557692307692308
India,Asia-Pacific,Asia,Non-NATO,budget_to_gdp_ratio,0.0057251908396946565
South Korea,Asia-Pacific,Asia,Non-NATO,budget_to_gdp_ratio,0.01767175572519084
United Kingdom,Northern Europe,Europe,NATO,budget_to_gdp_ratio,0.01932447027027027
France,Western Europe,Europe,NATO,budget_to_gdp_ratio,0.014627659574468085
Japan,Asia-Pacific,Asia,Non-NATO,budget_to_gdp_ratio,0.009895833333333333
Turkiye,Middle East,Asia,NATO,budget_to_gdp_ratio,0.01598639455782313
Italy,Southern Europe,Europe,NATO,budget_to_gdp_ratio,0.009964516129032258
Brazil,Latin America,South America,Non-NATO,budget_to_gdp_ratio,0.006506791044776119
Pakistan,Asia-Pacific,Asia,Non-NATO,budget_to_gdp_ratio,0.005659259259259259
Indonesia,Southeast Asia,Asia,Non-NATO,budget_to_gdp_ratio,0.002710997442455243
Germany,Central Europe,Europe,NATO,budget_to_gdp_ratio,0.009560229445506692
Israel,Middle East,Asia,Non-NATO,budget_to_gdp_ratio,0.06475583864118896
Iran,Middle East,Asia,Non-NATO,budget_to_gdp_ratio,0.010729166666666666
Spain,Southern Europe,Europe,NATO,budget_to_gdp_ratio,0.010445089285714285
Australia,Asia-Pacific,Oceania,Non-NATO,budget_to_gdp_ratio,0.03525316455696203
Egypt,Africa,Africa,Non-NATO,budget_to_gdp_ratio,0.0030782722513089007
Ukraine,Eastern Europe,Europe,Non-NATO,budget_to_gdp_ratio,0.09589285714285714
Poland,Eastern Europe,Europe,NATO,budget_to_gdp_ratio,0.03006172839506173
Taiwan,Asia-Pacific,Asia,Non-NATO,budget_to_gdp_ratio,0.015666666666666666
Vietnam,Southeast Asia,Asia,Non-NATO,budget_to_gdp_ratio,0.006365925925925926
Saudi Arabia,Middle East,Asia,Non-NATO,budget_to_gdp_ratio,0.04085245901639344
Thailand,Southeast Asia,Asia,Non-NATO,budget_to_gdp_ratio,0.0038736075657894737
Algeria,Africa,Africa,Non-NATO,budget_to_gdp_ratio,0.03571428571428571
Sweden,Scandinavia,Europe,NATO,budget_to_gdp_ratio,0.019230769230769232
Canada,Northern America,North America,NATO,budget_to_gdp_ratio,0.01830357142857143
Singapore,Southeast Asia,Asia,Non-NATO,budget_to_gdp_ratio,0.019867549668874173
Greece,Southern Europe,Europe,NATO,budget_to_gdp_ratio,0.017287234042553192
Nigeria,Africa,Africa,Non-NATO,budget_to_gdp_ratio,0.00246875
Mexico,Mexico,North America,Non-NATO,budget_to_gdp_ratio,0.00264808362369338
Argentina,Latin America,South America,Non-NATO,budget_to_gdp_ratio,0.0007491104838709677
North Korea,Asia-Pacific,Asia,Non-NATO,budget_to_gdp_ratio,0.06577777777777778
Bangladesh,Asia-Pacific,Asia,Non-NATO,budget_to_gdp_ratio,0.003102127659574468
Netherlands,Western Europe,Europe,NATO,budget_to_gdp_ratio,0.021774193548387097
Myanmar,Southeast Asia,Asia,Non-NATO,budget_to_gdp_ratio,0.010130584192439862
Norway,Scandinavia,Europe,NATO,budget_to_gdp_ratio,0.01942
Portugal,Southern Europe,Europe,NATO,budget_to_gdp_ratio,0.008730188679245283
South Africa,Africa,Africa,Non-NATO,budget_to_gdp_ratio,0.0026266512166859793
Philippines,Southeast Asia,Asia,Non-NATO,budget_to_gdp_ratio,0.0038421052631578945
Malaysia,Southeast Asia,Asia,Non-NATO,budget_to_gdp_ratio,0.0041739130434782605
Iraq,Middle East,Asia,Non-NATO,budget_to_gdp_ratio,0.013827225130890053
Switzerland,Central Europe,Europe,Non-NATO,budget_to_gdp_ratio,0.03411307901907357
Denmark,Scandinavia,Europe,NATO,budget_to_gdp_ratio,0.016881930490654205
Colombia,Latin America,South America,Non-NATO,budget_to_gdp_ratio,0.010778629856850715
Chile,Latin America,South America,Non-NATO,budget_to_gdp_ratio,0.008691709844559586
Finland,Scandinavia,Europe,NATO,budget_to_gdp_ratio,0.021120439252336448
Peru,Latin America,South America,Non-NATO,budget_to_gdp_ratio,0.006602316602316602
Venezuela,Latin America,South America,Non-NATO,budget_to_gdp_ratio,0.013828108108108108
Romania,Eastern Europe,Europe,Non-NATO,budget_to_gdp_ratio,0.012564766839378239
Ethiopia,Africa,Africa,Non-NATO,budget_to_gdp_ratio,0.005908661971830986
Czechia,Eastern Europe,Europe,NATO,budget_to_gdp_ratio,0.01300578034682081
United Arab Emirates,Middle East,Asia,Non-NATO,budget_to_gdp_ratio,0.0030727227527777776
Hungary,Eastern Europe,Europe,NATO,budget_to_gdp_ratio,0.01176349614395887
Angola,Africa,Africa,Non-NATO,budget_to_gdp_ratio,0.004140451127819549
Kazakhstan,Asia,Asia,Non-NATO,budget_to_gdp_ratio,0.0029018413597733713
Uzbekistan,Asia,Asia,Non-NATO,budget_to_gdp_ratio,0.008788401253918495
Morocco,Africa,Africa,Non-NATO,budget_to_gdp_ratio,0.039762611275964393
Azerbaijan,Asia,Asia,Non-NATO,budget_to_gdp_ratio,0.023148148148148147
Belgium,Western Europe,Europe,NATO,budget_to_gdp_ratio,0.013563829787234043
Bulgaria,Eastern Europe,Europe,NATO,budget_to_gdp_ratio,0.006416971962616823
Serbia,Balkans,Europe,Non-NATO,budget_to_gdp_ratio,0.01412012962962963
Syria,Middle East,Asia,Non-NATO,budget_to_gdp_ratio,0.005217579407857923
Ecuador,Latin America,South America,Non-NATO,budget_to_gdp_ratio,0.009138461538461538
Democratic Republic of the Congo,Africa,Africa,Non-NATO,budget_to_gdp_ratio,0.005172467532467533
Cuba,Central America,North America,Non-NATO,budget_to_gdp_ratio,0.0319771914893617
Austria,Central Europe,Europe,Non-NATO,budget_to_gdp_ratio,0.00928093220338983
Sri Lanka,Asia-Pacific,Asia,Non-NATO,budget_to_gdp_ratio,0.0044090592334494775
Belarus,Eastern Europe,Europe,Non-NATO,budget_to_gdp_ratio,0.004243700787401575
Slovakia,Eastern Europe,Europe,NATO,budget_to_gdp_ratio,0.012469483568075118
Qatar,Middle East,Asia,Non-NATO,budget_to_gdp_ratio,0.030924590163934427
Sudan,Africa,Africa,Non-NATO,budget_to_gdp_ratio,0.002514705882352941
Croatia,Balkans,Europe,NATO,budget_to_gdp_ratio,0.00739622641509434
Jordan,Middle East,Asia,Non-NATO,budget_to_gdp_ratio,0.02336448598130841
Libya,Africa,Africa,Non-NATO,budget_to_gdp_ratio,0.025081967213114755
Turkmenistan,Asia,Asia,Non-NATO,budget_to_gdp_ratio,0.011372718641206878
Albania,Balkans,Europe,NATO,budget_to_gdp_ratio,0.011269205113728021
Kuwait,Gulf Powers,Asia,Non-NATO,budget_to_gdp_ratio,0.031735159817351595
Bolivia,Latin America,South America,Non-NATO,budget_to_gdp_ratio,0.004585
Bahrain,Gulf Powers,Asia,Non-NATO,budget_to_gdp_ratio,0.018682668351054497
Oman,Gulf Powers,Asia,Non-NATO,budget_to_gdp_ratio,0.04408602150537634
Kenya,Africa,Africa,Non-NATO,budget_to_gdp_ratio,0.004163642834394904
Chad,Africa,Africa,Non-NATO,budget_to_gdp_ratio,0.01175337483819269
Yemen,Middle East,Asia,Non-NATO,budget_to_gdp_ratio,0.012094553551839984
New Zealand,Asia-Pacific,Oceania,Non-NATO,budget_to_gdp_ratio,0.01188235294117647
Paraguay,Latin America,South America,Non-NATO,budget_to_gdp_ratio,0.16291666666666665
Lithuania,Northern Europe,Europe,NATO,budget_to_gdp_ratio,0.017961654135338345
Mozambique,Africa,Africa,Non-NATO,budget_to_gdp_ratio,0.00814520748158243
Tunisia,Africa,Africa,Non-NATO,budget_to_gdp_ratio,0.00909090909090909
Armenia,Asia,Asia,Non-NATO,budget_to_gdp_ratio,0.029448447893569846
Tanzania,Africa,Africa,Non-NATO,budget_to_gdp_ratio,0.006011732196581196
Cameroon,Africa,Africa,Non-NATO,budget_to_gdp_ratio,0.003992462467625899
Georgia,Asia,Asia,Non-NATO,budget_to_gdp_ratio,0.005924608575595295
Cambodia,Southeast Asia,Asia,Non-NATO,budget_to_gdp_ratio,0.010011641443538999
Slovenia,Balkans,Europe,NATO,budget_to_gdp_ratio,0.008694705882352941
Ireland,Northern Europe,Europe,Non-NATO,budget_to_gdp_ratio,0.0024671052631578946
Mongolia,Asia-Pacific,Asia,Non-NATO,budget_to_gdp_ratio,0.002934558509881985
Latvia,Northern Europe,Europe,NATO,budget_to_gdp_ratio,0.015993478933018522
Uruguay,Latin America,South America,Non-NATO,budget_to_gdp_ratio,0.007356190476190476
Honduras,Central America,North America,Non-NATO,budget_to_gdp_ratio,0.006007421500566416
Ivory Coast,Africa,Africa,Non-NATO,budget_to_gdp_ratio,0.003298526773399015
Guatemala,Central America,North America,Non-NATO,budget_to_gdp_ratio,0.0018324439461883408
Mali,Africa,Africa,Non-NATO,budget_to_gdp_ratio,0.01136343146675985
Kyrgyzstan,Asia,Asia,Non-NATO,budget_to_gdp_ratio,0.004878907195178285
Laos,Southeast Asia,Asia,Non-NATO,budget_to_gdp_ratio,0.002103688467112337
Estonia,Northern Europe,Europe,NATO,budget_to_gdp_ratio,0.025504296146539554
Tajikistan,Asia,Asia,Non-NATO,budget_to_gdp_ratio,0.009598209481997978
Zambia,Africa,Africa,Non-NATO,budget_to_gdp_ratio,0.005153935654242872
Ghana,Africa,Africa,Non-NATO,budget_to_gdp_ratio,0.001341304347826087
Zimbabwe,Africa,Africa,Non-NATO,budget_to_gdp_ratio,0.009060648993735383
North Macedonia,Balkans,Europe,Non-NATO,budget_to_gdp_ratio,0.00915139242295731
South Sudan,Africa,Africa,Non-NATO,budget_to_gdp_ratio,0.008760619690154922
Uganda,Africa,Africa,Non-NATO,budget_to_gdp_ratio,0.007245588235294117
Lebanon,Middle East,Asia,Non-NATO,budget_to_gdp_ratio,0.011672343811723237
Namibia,Africa,Africa,Non-NATO,budget_to_gdp_ratio,0.012373096446700508
Luxembourg,Western Europe,Europe,NATO,budget_to_gdp_ratio,0.008201381688184068
Afghanistan,Asia,Asia,Non-NATO,budget_to_gdp_ratio,0.005294608445448189
Niger,Africa,Africa,Non-NATO,budget_to_gdp_ratio,0.007549202217185432
Eritrea,Africa,Africa,Non-NATO,budget_to_gdp_ratio,0.02040816326530612
Republic of the Congo,Africa,Africa,Non-NATO,budget_to_gdp_ratio,0.00802871891622776
Botswana,Africa,Africa,Non-NATO,budget_to_gdp_ratio,0.009961062855675837
Mauritania,Africa,Africa,Non-NATO,budget_to_gdp_ratio,0.008595163678236551
Dominican Republic,Central America,North America,Non-NATO,budget_to_gdp_ratio,0.003094656488549618
Senegal,Africa,Africa,Non-NATO,budget_to_gdp_ratio,0.006011087849887571
Nepal,Asia-Pacific,Asia,Non-NATO,budget_to_gdp_ratio,0.002840972222222222
Montenegro,Balkans,Europe,NATO,budget_to_gdp_ratio,0.008653228162430616
El Salvador,Central America,North America,Non-NATO,budget_to_gdp_ratio,0.004650277248912545
Burkina Faso,Africa,Africa,Non-NATO,budget_to_gdp_ratio,0.0014221724524076148
Madagascar,Africa,Africa,Non-NATO,budget_to_gdp_ratio,0.002189249829284948
Nicaragua,Central America,North America,Non-NATO,budget_to_gdp_ratio,0.001800814281240213
Bosnia and Herzegovina,Balkans,Europe,Non-NATO,budget_to_gdp_ratio,0.003393498408317521
Gabon,Africa,Africa,Non-NATO,budget_to_gdp_ratio,0.005701541461795398
Moldova,Eastern Europe,Europe,Non-NATO,budget_to_gdp_ratio,0.04388103364212579
Iceland,Scandinavia,Europe,NATO,budget_to_gdp_ratio,0.011944178933282356
Panama,Central America,North America,Non-NATO,budget_to_gdp_ratio,0.0057325125
Beliz,Central America,North America,Non-NATO,budget_to_gdp_ratio,0.005618793988967092
Liberia,Africa,Africa,Non-NATO,budget_to_gdp_ratio,0.041062584421431784
Suriname,Northern South America,South America,Non-NATO,budget_to_gdp_ratio,0.012178619756427604
Sierra Leone,Africa,Africa,Non-NATO,budget_to_gdp_ratio,0.015622223740859701
Kosovo,Southern Europe,Europe,Non-NATO,budget_to_gdp_ratio,0.01095718038160881
Somalia,Africa,Africa,Non-NATO,budget_to_gdp_ratio,0.006489406474137604
Central African Republic,Africa,Africa,Non-NATO,budget_to_gdp_ratio,0.00786288254402462
Benin,Africa,Africa,Non-NATO,budget_to_gdp_ratio,0.0018729765758903065
Bhutan,Asia,Asia,Non-NATO,budget_to_gdp_ratio,0.0012749294235497677
United States,Northern America,North America,NATO,personnel_density,0.0038834564428016226
Russia,Eastern Europe,Europe,Non-NATO,personnel_density,0.009373614595740501
China,Asia-Pacific,Asia,Non-NATO,personnel_density,0.0014381185672152626
India,Asia-Pacific,Asia,Non-NATO,personnel_density,0.0010329435610169594
South Korea,Asia-Pacific,Asia,Non-NATO,personnel_density,0.011520339379981863
United Kingdom,Northern Europe,Europe,NATO,personnel_density,0.002700300201339326
France,Western Europe,Europe,NATO,personnel_density,0.00292506320074368
Japan,Asia-Pacific,Asia,Non-NATO,personnel_density,0.0020060559920543463
Turkiye,Middle East,Asia,NATO,personnel_density,0.004222562772015455
Italy,Southern Europe,Europe,NATO,personnel_density,0.00271467542545074
Brazil,Latin America,South America,Non-NATO,personnel_density,0.0016359805789473512
Pakistan,Asia-Pacific,Asia,Non-NATO,personnel_density,0.0025914992302910472
Indonesia,Southeast Asia,Asia,Non-NATO,personnel_density,0.001420643905784814
Germany,Central Europe,Europe,NATO,personnel_density,0.002158843829760423
Israel,Middle East,Asia,Non-NATO,personnel_density,0.018080072813770887
Iran,Middle East,Asia,Non-NATO,personnel_density,0.0069014723295592875
Spain,Southern Europe,Europe,NATO,personnel_density,0.002818967415124984
Australia,Asia-Pacific,Oceania,Non-NATO,personnel_density,0.002142435700218592
Egypt,Africa,Africa,Non-NATO,personnel_density,0.003955154018731322
Ukraine,Eastern Europe,Europe,Non-NATO,personnel_density,0.02523707002552253
Poland,Eastern Europe,Europe,NATO,personnel_density,0.005215980566923663
Taiwan,Asia-Pacific,Asia,Non-NATO,personnel_density,0.009111994206975515
Vietnam,Southeast Asia,Asia,Non-NATO,personnel_density,0.0056732773743315874
Saudi Arabia,Middle East,Asia,Non-NATO,personnel_density,0.007032535271926932
Thailand,Southeast Asia,Asia,Non-NATO,personnel_density,0.0051608245065380785
Algeria,Africa,Africa,Non-NATO,personnel_density,0.00691158884816628
Sweden,Scandinavia,Europe,NATO,personnel_density,0.002304096333889999
Canada,Northern America,North America,NATO,personnel_density,0.0017528116452062805
Singapore,Southeast Asia,Asia,Non-NATO,personnel_density,0.008459873410435402
Greece,Southern Europe,Europe,NATO,personnel_density,0.013641024631178524
Nigeria,Africa,Africa,Non-NATO,personnel_density,0.0009715006893642174
Mexico,Mexico,North America,Non-NATO,personnel_density,0.0031512944014417264
Argentina,Latin America,South America,Non-NATO,personnel_density,0.0022981469445370324
North Korea,Asia-Pacific,Asia,Non-NATO,personnel_density,0.05019265996229619
Bangladesh,Asia-Pacific,Asia,Non-NATO,personnel_density,0.0009662283396502932
Netherlands,Western Europe,Europe,NATO,personnel_density,0.0023283322018021447
Myanmar,Southeast Asia,Asia,Non-NATO,personnel_density,0.002607464974053377
Norway,Scandinavia,Europe,NATO,personnel_density,0.004219805206531786
Portugal,Southern Europe,Europe,NATO,personnel_density,0.002255697186186937
South Africa,Africa,Africa,Non-NATO,personnel_density,0.0011785552674422085
Philippines,Southeast Asia,Asia,Non-NATO,personnel_density,0.001268208697403993
Malaysia,Southeast Asia,Asia,Non-NATO,personnel_density,0.0032692209215094774
Iraq,Middle East,Asia,Non-NATO,personnel_density,0.004586127425526756
Switzerland,Central Europe,Europe,Non-NATO,personnel_density,0.011464720005724231
Denmark,Scandinavia,Europe,NATO,personnel_density,0.003348324900019018
Colombia,Latin America,South America,Non-NATO,personnel_density,0.005912678252276034
Chile,Latin America,South America,Non-NATO,personnel_density,0.004286176886662553
Finland,Scandinavia,Europe,NATO,personnel_density,0.004265594391027748
Peru,Latin America,South America,Non-NATO,personnel_density,0.0036809534798338504
Venezuela,Latin America,South America,Non-NATO,personnel_density,0.0034879658458384375
Romania,Eastern Europe,Europe,Non-NATO,personnel_density,0.004479794227016465
Ethiopia,Africa,Africa,Non-NATO,personnel_density,0.001366508585242021
Czechia,Eastern Europe,Europe,NATO,personnel_density,0.00258352871269223
United Arab Emirates,Middle East,Asia,Non-NATO,personnel_density,0.006479128782453083
Hungary,Eastern Europe,Europe,NATO,personnel_density,0.004220888425989105
Angola,Africa,Africa,Non-NATO,personnel_density,0.00287618473610911
Kazakhstan,Asia,Asia,Non-NATO,personnel_density,0.00542941596364779
Uzbekistan,Asia,Asia,Non-NATO,personnel_density,0.0013143269606821553
Morocco,Africa,Africa,Non-NATO,personnel_density,0.005237032560407418
Azerbaijan,Asia,Asia,Non-NATO,personnel_density,0.011868278261173293
Belgium,Western Europe,Europe,NATO,personnel_density,0.0020872235701975862
Bulgaria,Eastern Europe,Europe,NATO,personnel_density,0.005455087746560751
Serbia,Balkans,Europe,Non-NATO,personnel_density,0.0037581484173986033
Syria,Middle East,Asia,Non-NATO,personnel_density,0.007123276214295468
Ecuador,Latin America,South America,Non-NATO,personnel_density,0.002252869254282254
Democratic Republic of the Congo,Africa,Africa,Non-NATO,personnel_density,0.001443463003791053
Cuba,Central America,North America,Non-NATO,personnel_density,0.0041491740225594684
Austria,Central Europe,Europe,Non-NATO,personnel_density,0.0017841249012319601
Sri Lanka,Asia-Pacific,Asia,Non-NATO,personnel_density,0.015739715687965686
Belarus,Eastern Europe,Europe,Non-NATO,personnel_density,0.006630566215623275
Slovakia,Eastern Europe,Europe,NATO,personnel_density,0.0035048940003224497
Qatar,Middle East,Asia,Non-NATO,personnel_density,0.026076687010792722
Sudan,Africa,Africa,Non-NATO,personnel_density,0.0018229633862955716
Croatia,Balkans,Europe,NATO,personnel_density,0.0034517107473622417
Jordan,Middle East,Asia,Non-NATO,personnel_density,0.008994074113318531
Libya,Africa,Africa,Non-NATO,personnel_density,0.004347080113833726
Turkmenistan,Asia,Asia,Non-NATO,personnel_density,0.006354289781031173
Albania,Balkans,Europe,NATO,personnel_density,0.0021241672298928254
Kuwait,Gulf Powers,Asia,Non-NATO,personnel_density,0.022941955260000854
Bolivia,Latin America,South America,Non-NATO,personnel_density,0.0032488697588217773
Bahrain,Gulf Powers,Asia,Non-NATO,personnel_density,0.011743021836914948
Oman,Gulf Powers,Asia,Non-NATO,personnel_density,0.010917500599693692
Kenya,Africa,Africa,Non-NATO,personnel_density,0.0008584224756430348
Chad,Africa,Africa,Non-NATO,personnel_density,0.001741421665223338
Yemen,Middle East,Asia,Non-NATO,personnel_density,0.0020752669774962342
New Zealand,Asia-Pacific,Oceania,Non-NATO,personnel_density,0.0016798383170151343
Paraguay,Latin America,South America,Non-NATO,personnel_density,0.002080411839125275
Lithuania,Northern Europe,Europe,NATO,personnel_density,0.008751283204461172
Mozambique,Africa,Africa,Non-NATO,personnel_density,0.00033582247752193237
Tunisia,Africa,Africa,Non-NATO,personnel_density,0.00745299529490249
Armenia,Asia,Asia,Non-NATO,personnel_density,0.019316271187010053
Tanzania,Africa,Africa,Non-NATO,personnel_density,0.0004002245941837494
Cameroon,Africa,Africa,Non-NATO,personnel_density,0.001291734946968629
Georgia,Asia,Asia,Non-NATO,personnel_density,0.01122228885314533
Cambodia,Southeast Asia,Asia,Non-NATO,personnel_density,0.012951493609023944
Slovenia,Balkans,Europe,NATO,personnel_density,0.003479681756886551
Ireland,Northern Europe,Europe,Non-NATO,personnel_density,0.0014837217665327016
Mongolia,Asia-Pacific,Asia,Non-NATO,personnel_density,0.010665282008339638
Latvia,Northern Europe,Europe,NATO,personnel_density,0.009576704125921718
Uruguay,Latin America,South America,Non-NATO,personnel_density,0.007298566853412662
Honduras,Central America,North America,Non-NATO,personnel_density,0.0054805299255298555
Ivory Coast,Africa,Africa,Non-NATO,personnel_density,0.0007337795202002498
Guatemala,Central America,North America,Non-NATO,personnel_density,0.005812804406148906
Mali,Africa,Africa,Non-NATO,personnel_density,0.0018189584307518206
Kyrgyzstan,Asia,Asia,Non-NATO,personnel_density,0.003726445824525554
Laos,Southeast Asia,Asia,Non-NATO,personnel_density,0.012572992508005223
Estonia,Northern Europe,Europe,NATO,personnel_density,0.00645004024992649
Tajikistan,Asia,Asia,Non-NATO,personnel_density,0.0009139832998895618
Zambia,Africa,Africa,Non-NATO,personnel_density,0.0007283963414598967
Ghana,Africa,Africa,Non-NATO,personnel_density,0.0004481181523932458
Zimbabwe,Africa,Africa,Non-NATO,personnel_density,0.0016909273932103552
North Macedonia,Balkans,Europe,Non-NATO,personnel_density,0.004214228922534042
South Sudan,Africa,Africa,Non-NATO,personnel_density,0.014562670412762754
Uganda,Africa,Africa,Non-NATO,personnel_density,0.0009130930049547876
Lebanon,Middle East,Asia,Non-NATO,personnel_density,0.011184677290370253
Namibia,Africa,Africa,Non-NATO,personnel_density,0.004636796187840179
Luxembourg,Western Europe,Europe,NATO,personnel_density,0.0014897490368772452
Afghanistan,Asia,Asia,Non-NATO,personnel_density,0.0
Niger,Africa,Africa,Non-NATO,personnel_density,0.0009490264962123973
Eritrea,Africa,Africa,Non-NATO,personnel_density,0.018915641911766094
Republic of the Congo,Africa,Africa,Non-NATO,personnel_density,0.0013939762187657077
Botswana,Africa,Africa,Non-NATO,personnel_density,0.008569092182213174
Mauritania,Africa,Africa,Non-NATO,personnel_density,0.00728736333305607
Dominican Republic,Central America,North America,Non-NATO,personnel_density,0.004622842184396483
Senegal,Africa,Africa,Non-NATO,personnel_density,0.0009019754801679733
Nepal,Asia-Pacific,Asia,Non-NATO,personnel_density,0.0030524650953026194
Montenegro,Balkans,Europe,NATO,personnel_density,0.0039176526092399855
El Salvador,Central America,North America,Non-NATO,personnel_density,0.003771477432535057
Burkina Faso,Africa,Africa,Non-NATO,personnel_density,0.0005207836283333896
Madagascar,Africa,Africa,Non-NATO,personnel_density,0.0004583618338194572
Nicaragua,Central America,North America,Non-NATO,personnel_density,0.006739606179350205
Bosnia and Herzegovina,Balkans,Europe,Non-NATO,personnel_density,0.003361702026840439
Gabon,Africa,Africa,Non-NATO,personnel_density,0.001955109862918286
Moldova,Eastern Europe,Europe,Non-NATO,personnel_density,0.002361420719605459
Iceland,Scandinavia,Europe,NATO,personnel_density,0.0
Panama,Central America,North America,Non-NATO,personnel_density,0.0
Beliz,Central America,North America,Non-NATO,personnel_density,0.0039683589512949985
Liberia,Africa,Africa,Non-NATO,personnel_density,0.0002758748036001294
Suriname,Northern South America,South America,Non-NATO,personnel_density,0.003092346751025881
Sierra Leone,Africa,Africa,Non-NATO,personnel_density,0.0014252746586494599
Kosovo,Southern Europe,Europe,Non-NATO,personnel_density,0.005057931012855741
Somalia,Africa,Africa,Non-NATO,personnel_density,0.0011523150816611127
Central African Republic,Africa,Africa,Non-NATO,personnel_density,0.0017696117666441274
Benin,Africa,Africa,Non-NATO,personnel_density,0.0003231940664018879
Bhutan,Asia,Asia,Non-NATO,personnel_density,0.008478925912275892
United States,Northern America,North America,NATO,budget_per_soldier,673945.7831325297
Russia,Eastern Europe,Europe,Non-NATO,budget_per_soldier,95454.54545454538
China,Asia-Pacific,Asia,Non-NATO,budget_per_soldier,131203.93120393113
India,Asia-Pacific,Asia,Non-NATO,budget_per_soldier,51526.91422486342
South Korea,Asia-Pacific,Asia,Non-NATO,budget_per_soldier,77166.66666666653
United Kingdom,Northern Europe,Europe,NATO,budget_per_soldier,386782.10537704
France,Western Europe,Europe,NATO,budget_per_soldier,274999.99999999866
Japan,Asia-Pacific,Asia,Non-NATO,budget_per_soldier,230629.17256726592
Turkiye,Middle East,Asia,NATO,budget_per_soldier,132319.81981981944
Italy,Southern Europe,Europe,NATO,budget_per_soldier,186646.52567975718
Brazil,Latin America,South America,Non-NATO,budget_per_soldier,72659.16666666647
Pakistan,Asia-Pacific,Asia,Non-NATO,budget_per_soldier,11681.957186544323
Indonesia,Southeast Asia,Asia,Non-NATO,budget_per_soldier,26499.999999999935
Germany,Central Europe,Europe,NATO,budget_per_soldier,275330.3964757694
Israel,Middle East,Asia,Non-NATO,budget_per_soldier,179411.7647058813
Iran,Middle East,Asia,Non-NATO,budget_per_soldier,25327.868852458974
Spain,Southern Europe,Europe,NATO,budget_per_soldier,175545.0848576689
Australia,Asia-Pacific,Oceania,Non-NATO,budget_per_soldier,971229.2938099221
Egypt,Africa,Africa,Non-NATO,budget_per_soldier,13362.499999999969
Ukraine,Eastern Europe,Europe,Non-NATO,budget_per_soldier,59666.6666666666
Poland,Eastern Europe,Europe,NATO,budget_per_soldier,240969.8169223145
Taiwan,Asia-Pacific,Asia,Non-NATO,budget_per_soldier,91813.95348837167
Vietnam,Southeast Asia,Asia,Non-NATO,budget_per_soldier,14323.333333333308
Saudi Arabia,Middle East,Asia,Non-NATO,budget_per_soldier,290894.94163424015
Thailand,Southeast Asia,Asia,Non-NATO,budget_per_soldier,16316.706387695674
Algeria,Africa,Africa,Non-NATO,budget_per_soldier,76923.07692307669
Sweden,Scandinavia,Europe,NATO,budget_per_soldier,532786.8852458798
Canada,Northern America,North America,NATO,budget_per_soldier,602941.1764705793
Singapore,Southeast Asia,Asia,Non-NATO,budget_per_soldier,294117.6470588178
Greece,Southern Europe,Europe,NATO,budget_per_soldier,45550.10511562687
Nigeria,Africa,Africa,Non-NATO,budget_per_soldier,13739.13043478255
Mexico,Mexico,North America,Non-NATO,budget_per_soldier,18446.60194174753
Argentina,Latin America,South America,Non-NATO,budget_per_soldier,8600.898148148068
North Korea,Asia-Pacific,Asia,Non-NATO,budget_per_soldier,3587.8787878787853
Bangladesh,Asia-Pacific,Asia,Non-NATO,budget_per_soldier,26834.355828220698
Netherlands,Western Europe,Europe,NATO,budget_per_soldier,652489.1251812313
Myanmar,Southeast Asia,Asia,Non-NATO,budget_per_soldier,19653.333333333205
Norway,Scandinavia,Europe,NATO,budget_per_soldier,417634.4086021326
Portugal,Southern Europe,Europe,NATO,budget_per_soldier,192791.66666665862
South Africa,Africa,Africa,Non-NATO,budget_per_soldier,31821.436091808355
Philippines,Southeast Asia,Asia,Non-NATO,budget_per_soldier,29199.999999999807
Malaysia,Southeast Asia,Asia,Non-NATO,budget_per_soldier,42477.876106194315
Iraq,Middle East,Asia,Non-NATO,budget_per_soldier,41051.81347150238
Switzerland,Central Europe,Europe,Non-NATO,budget_per_soldier,246485.66703417618
Denmark,Scandinavia,Europe,NATO,budget_per_soldier,361273.31249998196
Colombia,Latin America,South America,Non-NATO,budget_per_soldier,35953.2742155524
Chile,Latin America,South America,Non-NATO,budget_per_soldier,62906.24999999921
Finland,Scandinavia,Europe,NATO,budget_per_soldier,282485.87499998824
Peru,Latin America,South America,Non-NATO,budget_per_soldier,28499.99999999976
Venezuela,Latin America,South America,Non-NATO,budget_per_soldier,37551.55963302718
Romania,Eastern Europe,Europe,Non-NATO,budget_per_soldier,119311.19311192965
Ethiopia,Africa,Africa,Non-NATO,budget_per_soldier,12947.993827160415
Czechia,Eastern Europe,Europe,NATO,budget_per_soldier,241071.42857141997
United Arab Emirates,Middle East,Asia,Non-NATO,budget_per_soldier,34036.313569230246
Hungary,Eastern Europe,Europe,NATO,budget_per_soldier,109999.99999999737
Angola,Africa,Africa,Non-NATO,budget_per_soldier,10293.084112149436
Kazakhstan,Asia,Asia,Non-NATO,budget_per_soldier,18624.545454545285
Uzbekistan,Asia,Asia,Non-NATO,budget_per_soldier,58406.249999998785
Morocco,Africa,Africa,Non-NATO,budget_per_soldier,68437.18079673102
Azerbaijan,Asia,Asia,Non-NATO,budget_per_soldier,39556.96202531614
Belgium,Western Europe,Europe,NATO,budget_per_soldier,407999.9999999837
Bulgaria,Eastern Europe,Europe,NATO,budget_per_soldier,37114.378378377376
Serbia,Balkans,Europe,Non-NATO,budget_per_soldier,91498.43999999634
Syria,Middle East,Asia,Non-NATO,budget_per_soldier,1716.764705882343
Ecuador,Latin America,South America,Non-NATO,budget_per_soldier,57599.99999999861
Democratic Republic of the Congo,Africa,Africa,Non-NATO,budget_per_soldier,4781.846560211281
Cuba,Central America,North America,Non-NATO,budget_per_soldier,99094.15384615168
Austria,Central Europe,Europe,Non-NATO,budget_per_soldier,342234.3749999786
Sri Lanka,Asia-Pacific,Asia,Non-NATO,budget_per_soldier,3657.2254335260013
Belarus,Eastern Europe,Europe,Non-NATO,budget_per_soldier,17109.52380952354
Slovakia,Eastern Europe,Europe,NATO,budget_per_soldier,136205.1282051212
Qatar,Middle East,Asia,Non-NATO,budget_per_soldier,141728.02404207148
Sudan,Africa,Africa,Non-NATO,budget_per_soldier,3717.3913043477855
Croatia,Balkans,Europe,NATO,budget_per_soldier,82094.2408376906
Jordan,Middle East,Asia,Non-NATO,budget_per_soldier,24875.621890547016
Libya,Africa,Africa,Non-NATO,budget_per_soldier,95624.99999999702
Turkmenistan,Asia,Asia,Non-NATO,budget_per_soldier,29534.794520547137
Albania,Balkans,Europe,NATO,budget_per_soldier,84676.1242424114
Kuwait,Gulf Powers,Asia,Non-NATO,budget_per_soldier,96527.77777777643
Bolivia,Latin America,South America,Non-NATO,budget_per_soldier,13754.999999999658
Bahrain,Gulf Powers,Asia,Non-NATO,budget_per_soldier,86804.34782608223
Oman,Gulf Powers,Asia,Non-NATO,budget_per_soldier,192488.26291079362
Kenya,Africa,Africa,Non-NATO,budget_per_soldier,26147.67699999948
Chad,Africa,Africa,Non-NATO,budget_per_soldier,11469.172932330483
Yemen,Middle East,Asia,Non-NATO,budget_per_soldier,12149.550224887373
New Zealand,Asia-Pacific,Oceania,Non-NATO,budget_per_soldier,349480.96885809116
Paraguay,Latin America,South America,Non-NATO,budget_per_soldier,1124281.1501596726
Lithuania,Northern Europe,Europe,NATO,budget_per_soldier,103865.21739129983
Mozambique,Africa,Africa,Non-NATO,budget_per_soldier,36821.428571425284
Tunisia,Africa,Africa,Non-NATO,budget_per_soldier,15590.200445434124
Armenia,Asia,Asia,Non-NATO,budget_per_soldier,29565.217391303835
Tanzania,Africa,Africa,Non-NATO,budget_per_soldier,52101.67903703511
Cameroon,Africa,Africa,Non-NATO,budget_per_soldier,13873.807074999655
Georgia,Asia,Asia,Non-NATO,budget_per_soldier,9011.4373636362
Cambodia,Southeast Asia,Asia,Non-NATO,budget_per_soldier,3891.402714932109
Slovenia,Balkans,Europe,NATO,budget_per_soldier,121487.67123286007
Ireland,Northern Europe,Europe,Non-NATO,budget_per_soldier,193174.5009658476
Mongolia,Asia-Pacific,Asia,Non-NATO,budget_per_soldier,4717.428571428437
Latvia,Northern Europe,Europe,NATO,budget_per_soldier,65971.0144927498
Uruguay,Latin America,South America,Non-NATO,budget_per_soldier,30895.999999998763
Honduras,Central America,North America,Non-NATO,budget_per_soldier,7920.248922929481
Ivory Coast,Africa,Africa,Non-NATO,budget_per_soldier,30436.406136362253
Guatemala,Central America,North America,Non-NATO,budget_per_soldier,3850.9056297943357
Mali,Africa,Africa,Non-NATO,budget_per_soldier,16259.649999999594
Kyrgyzstan,Asia,Asia,Non-NATO,budget_per_soldier,9643.478260869146
Laos,Southeast Asia,Asia,Non-NATO,budget_per_soldier,1349.9999999999864
Estonia,Northern Europe,Europe,NATO,budget_per_soldier,190046.75324672856
Tajikistan,Asia,Asia,Non-NATO,budget_per_soldier,46947.368421047686
Zambia,Africa,Africa,Non-NATO,budget_per_soldier,26022.442244222704
Ghana,Africa,Africa,Non-NATO,budget_per_soldier,19903.22580645033
Zimbabwe,Africa,Africa,Non-NATO,budget_per_soldier,18303.448275861436
North Macedonia,Balkans,Europe,Non-NATO,budget_per_soldier,43157.96666666187
South Sudan,Africa,Africa,Non-NATO,budget_per_soldier,947.5675675675625
Uganda,Africa,Africa,Non-NATO,budget_per_soldier,21897.777777777294
Lebanon,Middle East,Asia,Non-NATO,budget_per_soldier,12804.17208333312
Namibia,Africa,Africa,Non-NATO,budget_per_soldier,28499.999999997806
Luxembourg,Western Europe,Europe,NATO,budget_per_soldier,726092.924999274
Afghanistan,Asia,Asia,Non-NATO,budget_per_soldier,2.9e+17
Niger,Africa,Africa,Non-NATO,budget_per_soldier,13455.999999999462
Eritrea,Africa,Africa,Non-NATO,budget_per_soldier,1649.9999999999861
Republic of the Congo,Africa,Africa,Non-NATO,budget_per_soldier,36047.05882352517
Botswana,Africa,Africa,Non-NATO,budget_per_soldier,22171.428571427514
Mauritania,Africa,Africa,Non-NATO,budget_per_soldier,8283.13253012022
Dominican Republic,Central America,North America,Non-NATO,budget_per_soldier,16215.999999999676
Senegal,Africa,Africa,Non-NATO,budget_per_soldier,27361.76470588074
Nepal,Asia-Pacific,Asia,Non-NATO,budget_per_soldier,4306.315789473639
Montenegro,Balkans,Europe,NATO,budget_per_soldier,63021.27659571786
El Salvador,Central America,North America,Non-NATO,budget_per_soldier,13384.799999999464
Burkina Faso,Africa,Africa,Non-NATO,budget_per_soldier,6773.333333332768
Madagascar,Africa,Africa,Non-NATO,budget_per_soldier,8311.851851851236
Nicaragua,Central America,North America,Non-NATO,budget_per_soldier,2044.444444444399
Bosnia and Herzegovina,Balkans,Europe,Non-NATO,budget_per_soldier,16945.96711041371
Gabon,Africa,Africa,Non-NATO,budget_per_soldier,57254.16666665473
Moldova,Eastern Europe,Europe,Non-NATO,budget_per_soldier,201176.4705882116
Iceland,Scandinavia,Europe,NATO,budget_per_soldier,3.124e+17
Panama,Central America,North America,Non-NATO,budget_per_soldier,9.17202e+17
Beliz,Central America,North America,Non-NATO,budget_per_soldier,17901.81818180733
Liberia,Africa,Africa,Non-NATO,budget_per_soldier,243199.99999983786
Suriname,Northern South America,South America,Non-NATO,budget_per_soldier,71999.999999964
Sierra Leone,Africa,Africa,Non-NATO,budget_per_soldier,17584.61538461403
Kosovo,Southern Europe,Europe,Non-NATO,budget_per_soldier,26071.51499999739
Somalia,Africa,Africa,Non-NATO,budget_per_soldier,11400.156666665906
Central African Republic,Africa,Africa,Non-NATO,budget_per_soldier,4598.99999999954
Benin,Africa,Africa,Non-NATO,budget_per_soldier,20705.263157890375
Bhutan,Asia,Asia,Non-NATO,budget_per_soldier,1866.6666666664178
United States,Northern America,North America,NATO,power_index_rank_gap,0
Russia,Eastern Europe,Europe,Non-NATO,power_index_rank_gap,1
China,Asia-Pacific,Asia,Non-NATO,power_index_rank_gap,2
India,Asia-Pacific,Asia,Non-NATO,power_index_rank_gap,3
South Korea,Asia-Pacific,Asia,Non-NATO,power_index_rank_gap,4
United Kingdom,Northern Europe,Europe,NATO,power_index_rank_gap,5
France,Western Europe,Europe,NATO,power_index_rank_gap,6
Japan,Asia-Pacific,Asia,Non-NATO,power_index_rank_gap,7
Turkiye,Middle East,Asia,NATO,power_index_rank_gap,8
Italy,Southern Europe,Europe,NATO,power_index_rank_gap,9
Brazil,Latin America,South America,Non-NATO,power_index_rank_gap,10
Pakistan,Asia-Pacific,Asia,Non-NATO,power_index_rank_gap,11
Indonesia,Southeast Asia,Asia,Non-NATO,power_index_rank_gap,12
Germany,Central Europe,Europe,NATO,power_index_rank_gap,13
Israel,Middle East,Asia,Non-NATO,power_index_rank_gap,14
Iran,Middle East,Asia,Non-NATO,power_index_rank_gap,15
Spain,Southern Europe,Europe,NATO,power_index_rank_gap,16
Australia,Asia-Pacific,Oceania,Non-NATO,power_index_rank_gap,17
Egypt,Africa,Africa,Non-NATO,power_index_rank_gap,18
Ukraine,Eastern Europe,Europe,Non-NATO,power_index_rank_gap,19
Poland,Eastern Europe,Europe,NATO,power_index_rank_gap,20
Taiwan,Asia-Pacific,Asia,Non-NATO,power_index_rank_gap,21
Vietnam,Southeast Asia,Asia,Non-NATO,power_index_rank_gap,22
Saudi Arabia,Middle East,Asia,Non-NATO,power_index_rank_gap,23
Thailand,Southeast Asia,Asia,Non-NATO,power_index_rank_gap,24
Algeria,Africa,Africa,Non-NATO,power_index_rank_gap,25
Sweden,Scandinavia,Europe,NATO,power_index_rank_gap,26
Canada,Northern America,North America,NATO,power_index_rank_gap,27
Singapore,Southeast Asia,Asia,Non-NATO,power_index_rank_gap,28
Greece,Southern Europe,Europe,NATO,power_index_rank_gap,29
Nigeria,Africa,Africa,Non-NATO,power_index_rank_gap,30
Mexico,Mexico,North America,Non-NATO,power_index_rank_gap,31
Argentina,Latin America,South America,Non-NATO,power_index_rank_gap,32
North Korea,Asia-Pacific,Asia,Non-NATO,power_index_rank_gap,33
Bangladesh,Asia-Pacific,Asia,Non-NATO,power_index_rank_gap,34
Netherlands,Western Europe,Europe,NATO,power_index_rank_gap,35
Myanmar,Southeast Asia,Asia,Non-NATO,power_index_rank_gap,36
Norway,Scandinavia,Europe,NATO,power_index_rank_gap,37
Portugal,Southern Europe,Europe,NATO,power_index_rank_gap,38
South Africa,Africa,Africa,Non-NATO,power_index_rank_gap,39
Philippines,Southeast Asia,Asia,Non-NATO,power_index_rank_gap,40
Malaysia,Southeast Asia,Asia,Non-NATO,power_index_rank_gap,41
Iraq,Middle East,Asia,Non-NATO,power_index_rank_gap,42
Switzerland,Central Europe,Europe,Non-NATO,power_index_rank_gap,43
Denmark,Scandinavia,Europe,NATO,power_index_rank_gap,44
Colombia,Latin America,South America,Non-NATO,power_index_rank_gap,45
Chile,Latin America,South America,Non-NATO,power_index_rank_gap,46
Finland,Scandinavia,Europe,NATO,power_index_rank_gap,47
Peru,Latin America,South America,Non-NATO,power_index_rank_gap,48
Venezuela,Latin America,South America,Non-NATO,power_index_rank_gap,49
Romania,Eastern Europe,Europe,Non-NATO,power_index_rank_gap,50
Ethiopia,Africa,Africa,Non-NATO,power_index_rank_gap,51
Czechia,Eastern Europe,Europe,NATO,power_index_rank_gap,52
United Arab Emirates,Middle East,Asia,Non-NATO,power_index_rank_gap,53
Hungary,Eastern Europe,Europe,NATO,power_index_rank_gap,54
Angola,Africa,Africa,Non-NATO,power_index_rank_gap,55
Kazakhstan,Asia,Asia,Non-NATO,power_index_rank_gap,56
Uzbekistan,Asia,Asia,Non-NATO,power_index_rank_gap,57
Morocco,Africa,Africa,Non-NATO,power_index_rank_gap,58
Azerbaijan,Asia,Asia,Non-NATO,power_index_rank_gap,59
Belgium,Western Europe,Europe,NATO,power_index_rank_gap,60
Bulgaria,Eastern Europe,Europe,NATO,power_index_rank_gap,61
Serbia,Balkans,Europe,Non-NATO,power_index_rank_gap,62
Syria,Middle East,Asia,Non-NATO,power_index_rank_gap,63
Ecuador,Latin America,South America,Non-NATO,power_index_rank_gap,64
Democratic Republic of the Congo,Africa,Africa,Non-NATO,power_index_rank_gap,65
Cuba,Central America,North America,Non-NATO,power_index_rank_gap,66
Austria,Central Europe,Europe,Non-NATO,power_index_rank_gap,67
Sri Lanka,Asia-Pacific,Asia,Non-NATO,power_index_rank_gap,68
Belarus,Eastern Europe,Europe,Non-NATO,power_index_rank_gap,69
Slovakia,Eastern Europe,Europe,NATO,power_index_rank_gap,70
Qatar,Middle East,Asia,Non-NATO,power_index_rank_gap,71
Sudan,Africa,Africa,Non-NATO,power_index_rank_gap,72
Croatia,Balkans,Europe,NATO,power_index_rank_gap,73
Jordan,Middle East,Asia,Non-NATO,power_index_rank_gap,74
Libya,Africa,Africa,Non-NATO,power_index_rank_gap,75
Turkmenistan,Asia,Asia,Non-NATO,power_index_rank_gap,76
Albania,Balkans,Europe,NATO,power_index_rank_gap,77
Kuwait,Gulf Powers,Asia,Non-NATO,power_index_rank_gap,78
Bolivia,Latin America,South America,Non-NATO,power_index_rank_gap,79
Bahrain,Gulf Powers,Asia,Non-NATO,power_index_rank_gap,80
Oman,Gulf Powers,Asia,Non-NATO,power_index_rank_gap,81
Kenya,Africa,Africa,Non-NATO,power_index_rank_gap,82
Chad,Africa,Africa,Non-NATO,power_index_rank_gap,83
Yemen,Middle East,Asia,Non-NATO,power_index_rank_gap,84
New Zealand,Asia-Pacific,Oceania,Non-NATO,power_index_rank_gap,85
Paraguay,Latin America,South America,Non-NATO,power_index_rank_gap,86
Lithuania,Northern Europe,Europe,NATO,power_index_rank_gap,87
Mozambique,Africa,Africa,Non-NATO,power_index_rank_gap,88
Tunisia,Africa,Africa,Non-NATO,power_index_rank_gap,89
Armenia,Asia,Asia,Non-NATO,power_index_rank_gap,90
Tanzania,Africa,Africa,Non-NATO,power_index_rank_gap,91
Cameroon,Africa,Africa,Non-NATO,power_index_rank_gap,92
Georgia,Asia,Asia,Non-NATO,power_index_rank_gap,93
Cambodia,Southeast Asia,Asia,Non-NATO,power_index_rank_gap,94
Slovenia,Balkans,Europe,NATO,power_index_rank_gap,95
Ireland,Northern Europe,Europe,Non-NATO,power_index_rank_gap,96
Mongolia,Asia-Pacific,Asia,Non-NATO,power_index_rank_gap,97
Latvia,Northern Europe,Europe,NATO,power_index_rank_gap,98
Uruguay,Latin America,South America,Non-NATO,power_index_rank_gap,99
Honduras,Central America,North America,Non-NATO,power_index_rank_gap,100
Ivory Coast,Africa,Africa,Non-NATO,power_index_rank_gap,101
Guatemala,Central America,North America,Non-NATO,power_index_rank_gap,102
Mali,Africa,Africa,Non-NATO,power_index_rank_gap,103
Kyrgyzstan,Asia,Asia,Non-NATO,power_index_rank_gap,104
Laos,Southeast Asia,Asia,Non-NATO,power_index_rank_gap,105
Estonia,Northern Europe,Europe,NATO,power_index_rank_gap,106
Tajikistan,Asia,Asia,Non-NATO,power_index_rank_gap,107
Zambia,Africa,Africa,Non-NATO,power_index_rank_gap,108
Ghana,Africa,Africa,Non-NATO,power_index_rank_gap,109
Zimbabwe,Africa,Africa,Non-NATO,power_index_rank_gap,110
North Macedonia,Balkans,Europe,Non-NATO,power_index_rank_gap,111
South Sudan,Africa,Africa,Non-NATO,power_index_rank_gap,112
Uganda,Africa,Africa,Non-NATO,power_index_rank_gap,113
Lebanon,Middle East,Asia,Non-NATO,power_index_rank_gap,114
Namibia,Africa,Africa,Non-NATO,power_index_rank_gap,115
Luxembourg,Western Europe,Europe,NATO,power_index_rank_gap,116
Afghanistan,Asia,Asia,Non-NATO,power_index_rank_gap,117
Niger,Africa,Africa,Non-NATO,power_index_rank_gap,118
Eritrea,Africa,Africa,Non-NATO,power_index_rank_gap,119
Republic of the Congo,Africa,Africa,Non-NATO,power_index_rank_gap,120
Botswana,Africa,Africa,Non-NATO,power_index_rank_gap,121
Mauritania,Africa,Africa,Non-NATO,power_index_rank_gap,122
Dominican Republic,Central America,North America,Non-NATO,power_index_rank_gap,123
Senegal,Africa,Africa,Non-NATO,power_index_rank_gap,124
Nepal,Asia-Pacific,Asia,Non-NATO,power_index_rank_gap,125
Montenegro,Balkans,Europe,NATO,power_index_rank_gap,126
El Salvador,Central America,North America,Non-NATO,power_index_rank_gap,127
Burkina Faso,Africa,Africa,Non-NATO,power_index_rank_gap,128
Madagascar,Africa,Africa,Non-NATO,power_index_rank_gap,129
Nicaragua,Central America,North America,Non-NATO,power_index_rank_gap,130
Bosnia and Herzegovina,Balkans,Europe,Non-NATO,power_index_rank_gap,131
Gabon,Africa,Africa,Non-NATO,power_index_rank_gap,132
Moldova,Eastern Europe,Europe,Non-NATO,power_index_rank_gap,133
Iceland,Scandinavia,Europe,NATO,power_index_rank_gap,134
Panama,Central America,North America,Non-NATO,power_index_rank_gap,135
Beliz,Central America,North America,Non-NATO,power_index_rank_gap,136
Liberia,Africa,Africa,Non-NATO,power_index_rank_gap,137
Suriname,Northern South America,South America,Non-NATO,power_index_rank_gap,138
Sierra Leone,Africa,Africa,Non-NATO,power_index_rank_gap,139
Kosovo,Southern Europe,Europe,Non-NATO,power_index_rank_gap,140
Somalia,Africa,Africa,Non-NATO,power_index_rank_gap,141
Central African Republic,Africa,Africa,Non-NATO,power_index_rank_gap,142
Benin,Africa,Africa,Non-NATO,power_index_rank_gap,143
Bhutan,Asia,Asia,Non-NATO,power_index_rank_gap,144
United States,Northern America,North America,NATO,air_power_ratio,0.009821536144578306
Russia,Eastern Europe,Europe,Non-NATO,air_power_ratio,0.0032515151515151493
China,Asia-Pacific,Asia,Non-NATO,air_power_ratio,0.0016260442260442253
India,Asia-Pacific,Asia,Non-NATO,air_power_ratio,0.0015313798907629409
South Korea,Asia-Pacific,Asia,Non-NATO,air_power_ratio,0.0026533333333333287
United Kingdom,Northern Europe,Europe,NATO,air_power_ratio,0.0034133939197230154
France,Western Europe,Europe,NATO,air_power_ratio,0.0048799999999999755
Japan,Asia-Pacific,Asia,Non-NATO,air_power_ratio,0.00583855957920289
Turkiye,Middle East,Asia,NATO,air_power_ratio,0.003048986486486478
Italy,Southern Europe,Europe,NATO,air_power_ratio,0.00440483383685798
Brazil,Latin America,South America,Non-NATO,air_power_ratio,0.0014249999999999961
Pakistan,Asia-Pacific,Asia,Non-NATO,air_power_ratio,0.0021391437308868467
Indonesia,Southeast Asia,Asia,Non-NATO,air_power_ratio,0.0011474999999999973
Germany,Central Europe,Europe,NATO,air_power_ratio,0.0032158590308369868
Israel,Middle East,Asia,Non-NATO,air_power_ratio,0.0035941176470588028
Iran,Middle East,Asia,Non-NATO,air_power_ratio,0.0009032786885245886
Spain,Southern Europe,Europe,NATO,air_power_ratio,0.0034588316501852957
Australia,Asia-Pacific,Oceania,Non-NATO,air_power_ratio,0.0057018308631210865
Egypt,Africa,Africa,Non-NATO,air_power_ratio,0.0024840909090909037
Ukraine,Eastern Europe,Europe,Non-NATO,air_power_ratio,0.0003599999999999996
Poland,Eastern Europe,Europe,NATO,air_power_ratio,0.002370113805046995
Taiwan,Asia-Pacific,Asia,Non-NATO,air_power_ratio,0.003539534883720914
Vietnam,Southeast Asia,Asia,Non-NATO,air_power_ratio,0.0004099999999999993
Saudi Arabia,Middle East,Asia,Non-NATO,air_power_ratio,0.003568093385213994
Thailand,Southeast Asia,Asia,Non-NATO,air_power_ratio,0.0013662186504087533
Algeria,Africa,Africa,Non-NATO,air_power_ratio,0.0018707692307692251
Sweden,Scandinavia,Europe,NATO,air_power_ratio,0.006926229508196437
Canada,Northern America,North America,NATO,air_power_ratio,0.005161764705882276
Singapore,Southeast Asia,Asia,Non-NATO,air_power_ratio,0.004509803921568539
Greece,Southern Europe,Europe,NATO,air_power_ratio,0.003910301331464584
Nigeria,Africa,Africa,Non-NATO,air_power_ratio,0.00070869565217391
Mexico,Mexico,North America,Non-NATO,air_power_ratio,0.0010509708737864052
Argentina,Latin America,South America,Non-NATO,air_power_ratio,0.002212962962962942
North Korea,Asia-Pacific,Asia,Non-NATO,air_power_ratio,0.0006522727272727268
Bangladesh,Asia-Pacific,Asia,Non-NATO,air_power_ratio,0.001312883435582814
Netherlands,Western Europe,Europe,NATO,air_power_ratio,0.0028999516674721388
Myanmar,Southeast Asia,Asia,Non-NATO,air_power_ratio,0.0021133333333333195
Norway,Scandinavia,Europe,NATO,air_power_ratio,0.0041720430107525085
Portugal,Southern Europe,Europe,NATO,air_power_ratio,0.004791666666666467
South Africa,Africa,Africa,Non-NATO,air_power_ratio,0.002554923843616164
Philippines,Southeast Asia,Asia,Non-NATO,air_power_ratio,0.0013466666666666577
Malaysia,Southeast Asia,Asia,Non-NATO,air_power_ratio,0.001194690265486715
Iraq,Middle East,Asia,Non-NATO,air_power_ratio,0.002025906735751285
Switzerland,Central Europe,Europe,Non-NATO,air_power_ratio,0.0014372342101118144
Denmark,Scandinavia,Europe,NATO,air_power_ratio,0.005849999999999707
Colombia,Latin America,South America,Non-NATO,air_power_ratio,0.0014870395634379212
Chile,Latin America,South America,Non-NATO,air_power_ratio,0.0034624999999999565
Finland,Scandinavia,Europe,NATO,air_power_ratio,0.006791666666666384
Peru,Latin America,South America,Non-NATO,air_power_ratio,0.0021333333333333157
Venezuela,Latin America,South America,Non-NATO,air_power_ratio,0.0021009174311926414
Romania,Eastern Europe,Europe,Non-NATO,air_power_ratio,0.0017220172201721803
Ethiopia,Africa,Africa,Non-NATO,air_power_ratio,0.0006358024691357985
Czechia,Eastern Europe,Europe,NATO,air_power_ratio,0.0035357142857141595
United Arab Emirates,Middle East,Asia,Non-NATO,air_power_ratio,0.008476923076922946
Hungary,Eastern Europe,Europe,NATO,air_power_ratio,0.0016586538461538065
Angola,Africa,Africa,Non-NATO,air_power_ratio,0.0027850467289719364
Kazakhstan,Asia,Asia,Non-NATO,air_power_ratio,0.0017999999999999835
Uzbekistan,Asia,Asia,Non-NATO,air_power_ratio,0.003999999999999917
Morocco,Africa,Africa,Non-NATO,air_power_ratio,0.0013278855975485122
Azerbaijan,Asia,Asia,Non-NATO,air_power_ratio,0.0012183544303797371
Belgium,Western Europe,Europe,NATO,air_power_ratio,0.0043199999999998275
Bulgaria,Eastern Europe,Europe,NATO,air_power_ratio,0.0017567567567567093
Serbia,Balkans,Europe,Non-NATO,air_power_ratio,0.004399999999999824
Syria,Middle East,Asia,Non-NATO,air_power_ratio,0.0012176470588235223
Ecuador,Latin America,South America,Non-NATO,air_power_ratio,0.002472727272727213
Democratic Republic of the Congo,Africa,Africa,Non-NATO,air_power_ratio,0.00027614359466922637
Cuba,Central America,North America,Non-NATO,air_power_ratio,0.0006813186813186664
Austria,Central Europe,Europe,Non-NATO,air_power_ratio,0.005312499999999668
Sri Lanka,Asia-Pacific,Asia,Non-NATO,air_power_ratio,0.00024566473988439234
Belarus,Eastern Europe,Europe,Non-NATO,air_power_ratio,0.00293650793650789
Slovakia,Eastern Europe,Europe,NATO,air_power_ratio,0.0021025641025639945
Qatar,Middle East,Asia,Non-NATO,air_power_ratio,0.0037716003005258633
Sudan,Africa,Africa,Non-NATO,air_power_ratio,0.0017934782608695456
Croatia,Balkans,Europe,NATO,air_power_ratio,0.004677137870854822
Jordan,Middle East,Asia,Non-NATO,air_power_ratio,0.002726368159203953
Libya,Africa,Africa,Non-NATO,air_power_ratio,0.00446874999999986
Turkmenistan,Asia,Asia,Non-NATO,air_power_ratio,0.002493150684931439
Albania,Balkans,Europe,NATO,air_power_ratio,0.0028787878787874424
Kuwait,Gulf Powers,Asia,Non-NATO,air_power_ratio,0.001777777777777753
Bolivia,Latin America,South America,Non-NATO,air_power_ratio,0.0015999999999999602
Bahrain,Gulf Powers,Asia,Non-NATO,air_power_ratio,0.007173913043477871
Oman,Gulf Powers,Asia,Non-NATO,air_power_ratio,0.003004694835680681
Kenya,Africa,Africa,Non-NATO,air_power_ratio,0.003119999999999938
Chad,Africa,Africa,Non-NATO,air_power_ratio,0.0012030075187969564
Yemen,Middle East,Asia,Non-NATO,air_power_ratio,0.0012593703148425597
New Zealand,Asia-Pacific,Oceania,Non-NATO,air_power_ratio,0.005536332179930157
Paraguay,Latin America,South America,Non-NATO,air_power_ratio,0.0024920127795525562
Lithuania,Northern Europe,Europe,NATO,air_power_ratio,0.00039130434782606995
Mozambique,Africa,Africa,Non-NATO,air_power_ratio,0.0019642857142855388
Tunisia,Africa,Africa,Non-NATO,air_power_ratio,0.0017149220489977536
Armenia,Asia,Asia,Non-NATO,air_power_ratio,0.0012347826086956308
Tanzania,Africa,Africa,Non-NATO,air_power_ratio,0.0014444444444443908
Cameroon,Africa,Africa,Non-NATO,air_power_ratio,0.0008749999999999782
Georgia,Asia,Asia,Non-NATO,air_power_ratio,0.001109090909090889
Cambodia,Southeast Asia,Asia,Non-NATO,air_power_ratio,0.00011312217194570085
Slovenia,Balkans,Europe,NATO,air_power_ratio,0.005342465753423925
Ireland,Northern Europe,Europe,Non-NATO,air_power_ratio,0.0028332260141657652
Mongolia,Asia-Pacific,Asia,Non-NATO,air_power_ratio,0.0001999999999999943
Latvia,Northern Europe,Europe,NATO,air_power_ratio,0.00040579710144925184
Uruguay,Latin America,South America,Non-NATO,air_power_ratio,0.0017199999999999312
Honduras,Central America,North America,Non-NATO,air_power_ratio,0.0007659167065581472
Ivory Coast,Africa,Africa,Non-NATO,air_power_ratio,0.0008636363636363244
Guatemala,Central America,North America,Non-NATO,air_power_ratio,0.0003392577793693543
Mali,Africa,Africa,Non-NATO,air_power_ratio,0.0010749999999999731
Kyrgyzstan,Asia,Asia,Non-NATO,air_power_ratio,0.00030434782608694327
Laos,Southeast Asia,Asia,Non-NATO,air_power_ratio,0.0003299999999999967
Estonia,Northern Europe,Europe,NATO,air_power_ratio,0.000649350649350565
Tajikistan,Asia,Asia,Non-NATO,air_power_ratio,0.002631578947368144
Zambia,Africa,Africa,Non-NATO,air_power_ratio,0.005082508250824747
Ghana,Africa,Africa,Non-NATO,air_power_ratio,0.001225806451612824
Zimbabwe,Africa,Africa,Non-NATO,air_power_ratio,0.003275862068965404
North Macedonia,Balkans,Europe,Non-NATO,air_power_ratio,0.002222222222221975
South Sudan,Africa,Africa,Non-NATO,air_power_ratio,0.00010810810810810752
Uganda,Africa,Africa,Non-NATO,air_power_ratio,0.0011333333333333083
Lebanon,Middle East,Asia,Non-NATO,air_power_ratio,0.0013333333333333112
Namibia,Africa,Africa,Non-NATO,air_power_ratio,0.002615384615384414
Luxembourg,Western Europe,Europe,NATO,air_power_ratio,0.000999999999999
Afghanistan,Asia,Asia,Non-NATO,air_power_ratio,9000000000.0
Niger,Africa,Africa,Non-NATO,air_power_ratio,0.0010399999999999583
Eritrea,Africa,Africa,Non-NATO,air_power_ratio,0.00016666666666666528
Republic of the Congo,Africa,Africa,Non-NATO,air_power_ratio,0.0015294117647057022
Botswana,Africa,Africa,Non-NATO,air_power_ratio,0.0021428571428570406
Mauritania,Africa,Africa,Non-NATO,air_power_ratio,0.0007609384908053024
Dominican Republic,Central America,North America,Non-NATO,air_power_ratio,0.0015799999999999686
Senegal,Africa,Africa,Non-NATO,air_power_ratio,0.0023529411764704497
Nepal,Asia-Pacific,Asia,Non-NATO,air_power_ratio,0.00015789473684210358
Montenegro,Balkans,Europe,NATO,air_power_ratio,0.004680851063827795
El Salvador,Central America,North America,Non-NATO,air_power_ratio,0.0020799999999999166
Burkina Faso,Africa,Africa,Non-NATO,air_power_ratio,0.00208333333333316
Madagascar,Africa,Africa,Non-NATO,air_power_ratio,0.0003703703703703429
Nicaragua,Central America,North America,Non-NATO,air_power_ratio,0.0003777777777777694
Bosnia and Herzegovina,Balkans,Europe,Non-NATO,air_power_ratio,0.0017227877838683068
Gabon,Africa,Africa,Non-NATO,air_power_ratio,0.0049999999999989575
Moldova,Eastern Europe,Europe,Non-NATO,air_power_ratio,0.0003529411764705467
Iceland,Scandinavia,Europe,NATO,air_power_ratio,0.0
Panama,Central America,North America,Non-NATO,air_power_ratio,38000000000.0
Beliz,Central America,North America,Non-NATO,air_power_ratio,0.0018181818181807162
Liberia,Africa,Africa,Non-NATO,air_power_ratio,0.0
Suriname,Northern South America,South America,Non-NATO,air_power_ratio,0.00149999999999925
Sierra Leone,Africa,Africa,Non-NATO,air_power_ratio,7.6923076923071e-05
Kosovo,Southern Europe,Europe,Non-NATO,air_power_ratio,0.0
Somalia,Africa,Africa,Non-NATO,air_power_ratio,0.0
Central African Republic,Africa,Africa,Non-NATO,air_power_ratio,0.00059999999999994
Benin,Africa,Africa,Non-NATO,air_power_ratio,0.0010526315789471468
Bhutan,Asia,Asia,Non-NATO,air_power_ratio,0.0002666666666666311
United States,Northern America,North America,NATO,armor_intensity_index,0.00047185559347688106
Russia,Eastern Europe,Europe,Non-NATO,armor_intensity_index,0.0003362918831070469
China,Asia-Pacific,Asia,Non-NATO,armor_intensity_index,0.0007085577099414813
India,Asia-Pacific,Asia,Non-NATO,armor_intensity_index,0.0012779628523790154
South Korea,Asia-Pacific,Asia,Non-NATO,armor_intensity_index,0.022422783794624725
United Kingdom,Northern Europe,Europe,NATO,armor_intensity_index,0.000931817248881405
France,Western Europe,Europe,NATO,armor_intensity_index,0.00033395412557607034
Japan,Asia-Pacific,Asia,Non-NATO,armor_intensity_index,0.0013786168847492125
Turkiye,Middle East,Asia,NATO,armor_intensity_index,0.002856187512921756
Italy,Southern Europe,Europe,NATO,armor_intensity_index,0.0006637021304838367
Brazil,Latin America,South America,Non-NATO,armor_intensity_index,3.4524182780887685e-05
Pakistan,Asia-Pacific,Asia,Non-NATO,armor_intensity_index,0.0032998574290756715
Indonesia,Southeast Asia,Asia,Non-NATO,armor_intensity_index,0.00017379260084565056
Germany,Central Europe,Europe,NATO,armor_intensity_index,0.0008290805608617934
Israel,Middle East,Asia,Non-NATO,armor_intensity_index,0.059260609928428715
Iran,Middle East,Asia,Non-NATO,armor_intensity_index,0.0010393187699271015
Spain,Southern Europe,Europe,NATO,armor_intensity_index,0.0006272631933039147
Australia,Asia-Pacific,Oceania,Non-NATO,armor_intensity_index,7.621537690441557e-06
Egypt,Africa,Africa,Non-NATO,armor_intensity_index,0.003614758600029953
Ukraine,Eastern Europe,Europe,Non-NATO,armor_intensity_index,0.0018457460028166648
Poland,Eastern Europe,Europe,NATO,armor_intensity_index,0.001963637526584256
Taiwan,Asia-Pacific,Asia,Non-NATO,armor_intensity_index,0.0246803779877703
Vietnam,Southeast Asia,Asia,Non-NATO,armor_intensity_index,0.004148425470245451
Saudi Arabia,Middle East,Asia,Non-NATO,armor_intensity_index,0.0003907540156952861
Thailand,Southeast Asia,Asia,Non-NATO,armor_intensity_index,0.001237527284066103
Algeria,Africa,Africa,Non-NATO,armor_intensity_index,0.0006234937482680726
Sweden,Scandinavia,Europe,NATO,armor_intensity_index,0.00024428430251279665
Canada,Northern America,North America,NATO,armor_intensity_index,7.41136161735941e-06
Singapore,Southeast Asia,Asia,Non-NATO,armor_intensity_index,0.23643949930426086
Greece,Southern Europe,Europe,NATO,armor_intensity_index,0.01018513606705207
Nigeria,Africa,Africa,Non-NATO,armor_intensity_index,0.0003572325518961467
Mexico,Mexico,North America,Non-NATO,armor_intensity_index,0.0
Argentina,Latin America,South America,Non-NATO,armor_intensity_index,0.00012300388433318941
North Korea,Asia-Pacific,Asia,Non-NATO,armor_intensity_index,0.03603842771574079
Bangladesh,Asia-Pacific,Asia,Non-NATO,armor_intensity_index,0.0021554627509093216
Netherlands,Western Europe,Europe,NATO,armor_intensity_index,0.00043328599282669927
Myanmar,Southeast Asia,Asia,Non-NATO,armor_intensity_index,0.0006577216521967893
Norway,Scandinavia,Europe,NATO,armor_intensity_index,0.00013588551028097376
Portugal,Southern Europe,Europe,NATO,armor_intensity_index,0.0003692040395265461
South Africa,Africa,Africa,Non-NATO,armor_intensity_index,0.00020671156354329853
Philippines,Southeast Asia,Asia,Non-NATO,armor_intensity_index,3.3333333333333227e-05
Malaysia,Southeast Asia,Asia,Non-NATO,armor_intensity_index,0.00014552201475229382
Iraq,Middle East,Asia,Non-NATO,armor_intensity_index,0.002338490179481968
Switzerland,Central Europe,Europe,Non-NATO,armor_intensity_index,0.004966446204908183
Denmark,Scandinavia,Europe,NATO,armor_intensity_index,0.0010210238084187818
Colombia,Latin America,South America,Non-NATO,armor_intensity_index,0.0
Chile,Latin America,South America,Non-NATO,armor_intensity_index,0.0005105131318261286
Finland,Scandinavia,Europe,NATO,armor_intensity_index,0.0005914622425290908
Peru,Latin America,South America,Non-NATO,armor_intensity_index,0.0001867390384184447
Venezuela,Latin America,South America,Non-NATO,armor_intensity_index,0.00018858615207499566
Romania,Eastern Europe,Europe,Non-NATO,armor_intensity_index,0.0013758908683633134
Ethiopia,Africa,Africa,Non-NATO,armor_intensity_index,0.00030607624739654055
Czechia,Eastern Europe,Europe,NATO,armor_intensity_index,0.0005452217023596619
United Arab Emirates,Middle East,Asia,Non-NATO,armor_intensity_index,0.0042344497607655
Hungary,Eastern Europe,Europe,NATO,armor_intensity_index,0.0020291262135922134
Angola,Africa,Africa,Non-NATO,armor_intensity_index,0.00024785433544557614
Kazakhstan,Asia,Asia,Non-NATO,armor_intensity_index,0.00012844508055341475
Uzbekistan,Asia,Asia,Non-NATO,armor_intensity_index,0.0007599463567277587
Morocco,Africa,Africa,Non-NATO,armor_intensity_index,0.0012619663196142808
Azerbaijan,Asia,Asia,Non-NATO,armor_intensity_index,0.005739030023094622
Belgium,Western Europe,Europe,NATO,armor_intensity_index,0.0
Bulgaria,Eastern Europe,Europe,NATO,armor_intensity_index,0.0008116883116883044
Serbia,Balkans,Europe,Non-NATO,armor_intensity_index,0.0033817796938327258
Syria,Middle East,Asia,Non-NATO,armor_intensity_index,0.0019473209665114043
Ecuador,Latin America,South America,Non-NATO,armor_intensity_index,0.0001904358865848491
Democratic Republic of the Congo,Africa,Africa,Non-NATO,armor_intensity_index,4.4778830956927863e-05
Cuba,Central America,North America,Non-NATO,armor_intensity_index,0.0010193036261951919
Austria,Central Europe,Europe,Non-NATO,armor_intensity_index,0.0006676920508876647
Sri Lanka,Asia-Pacific,Asia,Non-NATO,armor_intensity_index,0.0006706294772138291
Belarus,Eastern Europe,Europe,Non-NATO,armor_intensity_index,0.002442196531791896
Slovakia,Eastern Europe,Europe,NATO,armor_intensity_index,0.0009177118384826978
Qatar,Middle East,Asia,Non-NATO,armor_intensity_index,0.008544795442775026
Sudan,Africa,Africa,Non-NATO,armor_intensity_index,0.00012033409903066579
Croatia,Balkans,Europe,NATO,armor_intensity_index,0.0007951372937060326
Jordan,Middle East,Asia,Non-NATO,armor_intensity_index,0.016319312305522415
Libya,Africa,Africa,Non-NATO,armor_intensity_index,2.4438205440058183e-05
Turkmenistan,Asia,Asia,Non-NATO,armor_intensity_index,0.0013398893669330028
Albania,Balkans,Europe,NATO,armor_intensity_index,0.0016001113120912203
Kuwait,Gulf Powers,Asia,Non-NATO,armor_intensity_index,0.02059714895049834
Bolivia,Latin America,South America,Non-NATO,armor_intensity_index,4.915431816133717e-05
Bahrain,Gulf Powers,Asia,Non-NATO,armor_intensity_index,0.19736842105237187
Oman,Gulf Powers,Asia,Non-NATO,armor_intensity_index,0.0004846526655896592
Kenya,Africa,Africa,Non-NATO,armor_intensity_index,0.0003239329596617307
Chad,Africa,Africa,Non-NATO,armor_intensity_index,7.009345794392518e-05
Yemen,Middle East,Asia,Non-NATO,armor_intensity_index,0.0
New Zealand,Asia-Pacific,Oceania,Non-NATO,armor_intensity_index,0.0
Paraguay,Latin America,South America,Non-NATO,armor_intensity_index,0.0
Lithuania,Northern Europe,Europe,NATO,armor_intensity_index,0.0
Mozambique,Africa,Africa,Non-NATO,armor_intensity_index,3.7529085040906655e-05
Tunisia,Africa,Africa,Non-NATO,armor_intensity_index,0.0005500886253896428
Armenia,Asia,Asia,Non-NATO,armor_intensity_index,0.0036647278351207456
Tanzania,Africa,Africa,Non-NATO,armor_intensity_index,6.544917132904035e-05
Cameroon,Africa,Africa,Non-NATO,armor_intensity_index,0.0
Georgia,Asia,Asia,Non-NATO,armor_intensity_index,0.0017647058823529157
Cambodia,Southeast Asia,Asia,Non-NATO,armor_intensity_index,0.0035573231695528295
Slovenia,Balkans,Europe,NATO,armor_intensity_index,0.0026636412963052993
Ireland,Northern Europe,Europe,Non-NATO,armor_intensity_index,0.0
Mongolia,Asia-Pacific,Asia,Non-NATO,armor_intensity_index,0.00026852228351349885
Latvia,Northern Europe,Europe,NATO,armor_intensity_index,0.0
Uruguay,Latin America,South America,Non-NATO,armor_intensity_index,0.00017592145958062497
Honduras,Central America,North America,Non-NATO,armor_intensity_index,9.813542688910609e-05
Ivory Coast,Africa,Africa,Non-NATO,armor_intensity_index,1.5505654912346486e-05
Guatemala,Central America,North America,Non-NATO,armor_intensity_index,4.591832049150928e-05
Mali,Africa,Africa,Non-NATO,armor_intensity_index,8.063267623077711e-06
Kyrgyzstan,Asia,Asia,Non-NATO,armor_intensity_index,0.0010752634395426825
Laos,Southeast Asia,Asia,Non-NATO,armor_intensity_index,0.0006756756756756729
Estonia,Northern Europe,Europe,NATO,armor_intensity_index,0.0
Tajikistan,Asia,Asia,Non-NATO,armor_intensity_index,0.0002637057598889642
Zambia,Africa,Africa,Non-NATO,armor_intensity_index,4.650433553276689e-05
Ghana,Africa,Africa,Non-NATO,armor_intensity_index,0.0
Zimbabwe,Africa,Africa,Non-NATO,armor_intensity_index,3.8387028255411835e-05
North Macedonia,Balkans,Europe,Non-NATO,armor_intensity_index,0.0007778166686111781
South Sudan,Africa,Africa,Non-NATO,armor_intensity_index,4.656006481161014e-05
Uganda,Africa,Africa,Non-NATO,armor_intensity_index,0.0010745193703897266
Lebanon,Middle East,Asia,Non-NATO,armor_intensity_index,0.011153846153845081
Namibia,Africa,Africa,Non-NATO,armor_intensity_index,4.852649303887451e-06
Luxembourg,Western Europe,Europe,NATO,armor_intensity_index,0.0
Afghanistan,Asia,Asia,Non-NATO,armor_intensity_index,0.0
Niger,Africa,Africa,Non-NATO,armor_intensity_index,0.0
Eritrea,Africa,Africa,Non-NATO,armor_intensity_index,0.0005527210884353694
Republic of the Congo,Africa,Africa,Non-NATO,armor_intensity_index,8.771929824561378e-05
Botswana,Africa,Africa,Non-NATO,armor_intensity_index,7.735547418905664e-05
Mauritania,Africa,Africa,Non-NATO,armor_intensity_index,2.4255360434656033e-05
Dominican Republic,Central America,North America,Non-NATO,armor_intensity_index,0.00010347682119205084
Senegal,Africa,Africa,Non-NATO,armor_intensity_index,0.0
Nepal,Asia-Pacific,Asia,Non-NATO,armor_intensity_index,0.0
Montenegro,Balkans,Europe,NATO,armor_intensity_index,0.0
El Salvador,Central America,North America,Non-NATO,armor_intensity_index,0.0
Burkina Faso,Africa,Africa,Non-NATO,armor_intensity_index,0.0
Madagascar,Africa,Africa,Non-NATO,armor_intensity_index,1.0220768601798836e-05
Nicaragua,Central America,North America,Non-NATO,armor_intensity_index,0.0006826723939556594
Bosnia and Herzegovina,Balkans,Europe,Non-NATO,armor_intensity_index,0.0008789577514307308
Gabon,Africa,Africa,Non-NATO,armor_intensity_index,0.0
Moldova,Eastern Europe,Europe,Non-NATO,armor_intensity_index,0.0
Iceland,Scandinavia,Europe,NATO,armor_intensity_index,0.0
Panama,Central America,North America,Non-NATO,armor_intensity_index,0.0
Beliz,Central America,North America,Non-NATO,armor_intensity_index,0.0
Liberia,Africa,Africa,Non-NATO,armor_intensity_index,0.0
Suriname,Northern South America,South America,Non-NATO,armor_intensity_index,0.0
Sierra Leone,Africa,Africa,Non-NATO,armor_intensity_index,0.0
Kosovo,Southern Europe,Europe,Non-NATO,armor_intensity_index,0.0
Somalia,Africa,Africa,Non-NATO,armor_intensity_index,0.0
Central African Republic,Africa,Africa,Non-NATO,armor_intensity_index,0.0
Benin,Africa,Africa,Non-NATO,armor_intensity_index,0.0
Bhutan,Asia,Asia,Non-NATO,armor_intensity_index,0.0
United States,Northern America,North America,NATO,naval_strength_per_coastline,0.02208391889178769
Russia,Eastern Europe,Europe,Non-NATO,naval_strength_per_coastline,0.011127931373329852
China,Asia-Pacific,Asia,Non-NATO,naval_strength_per_coastline,0.05199999999999641
India,Asia-Pacific,Asia,Non-NATO,naval_strength_per_coastline,0.041857142857136875
South Korea,Asia-Pacific,Asia,Non-NATO,naval_strength_per_coastline,0.09407376709486362
United Kingdom,Northern Europe,Europe,NATO,naval_strength_per_coastline,0.00876981253519923
France,Western Europe,Europe,NATO,naval_strength_per_coastline,0.02658149598186141
Japan,Asia-Pacific,Asia,Non-NATO,naval_strength_per_coastline,0.005344358172834347
Turkiye,Middle East,Asia,NATO,naval_strength_per_coastline,0.025277777777774266
Italy,Southern Europe,Europe,NATO,naval_strength_per_coastline,0.025789473684207132
Brazil,Latin America,South America,Non-NATO,naval_strength_per_coastline,0.008543585636095509
Pakistan,Asia-Pacific,Asia,Non-NATO,naval_strength_per_coastline,0.11567877629052038
Indonesia,Southeast Asia,Asia,Non-NATO,naval_strength_per_coastline,0.006049418817164887
Germany,Central Europe,Europe,NATO,naval_strength_per_coastline,0.02553369610714712
Israel,Middle East,Asia,Non-NATO,naval_strength_per_coastline,0.22710622710539521
Iran,Middle East,Asia,Non-NATO,naval_strength_per_coastline,0.043852459016375474
Spain,Southern Europe,Europe,NATO,naval_strength_per_coastline,0.030620467365022032
Australia,Asia-Pacific,Oceania,Non-NATO,naval_strength_per_coastline,0.0017080745341614243
Egypt,Africa,Africa,Non-NATO,naval_strength_per_coastline,0.06122448979589338
Ukraine,Eastern Europe,Europe,Non-NATO,naval_strength_per_coastline,0.03199137311285694
Poland,Eastern Europe,Europe,NATO,naval_strength_per_coastline,0.14090909090877066
Taiwan,Asia-Pacific,Asia,Non-NATO,naval_strength_per_coastline,0.06194125159638446
Vietnam,Southeast Asia,Asia,Non-NATO,naval_strength_per_coastline,0.03193960511032754
Saudi Arabia,Middle East,Asia,Non-NATO,naval_strength_per_coastline,0.01212121212120753
Thailand,Southeast Asia,Asia,Non-NATO,naval_strength_per_coastline,0.09102205653926965
Algeria,Africa,Africa,Non-NATO,naval_strength_per_coastline,0.11022044088165309
Sweden,Scandinavia,Europe,NATO,naval_strength_per_coastline,0.09571162212551407
Canada,Northern America,North America,NATO,naval_strength_per_coastline,0.0003612430720506712
Singapore,Southeast Asia,Asia,Non-NATO,naval_strength_per_coastline,0.2590673575116111
Greece,Southern Europe,Europe,NATO,naval_strength_per_coastline,0.014039192746416055
Nigeria,Africa,Africa,Non-NATO,naval_strength_per_coastline,0.1559202813597234
Mexico,Mexico,North America,Non-NATO,naval_strength_per_coastline,0.01789924973204524
Argentina,Latin America,South America,Non-NATO,naval_strength_per_coastline,0.00881940268590723
North Korea,Asia-Pacific,Asia,Non-NATO,naval_strength_per_coastline,0.0829659318636942
Bangladesh,Asia-Pacific,Asia,Non-NATO,naval_strength_per_coastline,0.2034482758617182
Netherlands,Western Europe,Europe,NATO,naval_strength_per_coastline,0.14190687361387605
Myanmar,Southeast Asia,Asia,Non-NATO,naval_strength_per_coastline,0.12020725388594808
Norway,Scandinavia,Europe,NATO,naval_strength_per_coastline,0.001709877525051626
Portugal,Southern Europe,Europe,NATO,naval_strength_per_coastline,0.10819854991628099
South Africa,Africa,Africa,Non-NATO,naval_strength_per_coastline,0.01751250893494728
Philippines,Southeast Asia,Asia,Non-NATO,naval_strength_per_coastline,0.0031138912618147896
Malaysia,Southeast Asia,Asia,Non-NATO,naval_strength_per_coastline,0.021390374331546225
Iraq,Middle East,Asia,Non-NATO,naval_strength_per_coastline,1.1724137930832343
Switzerland,Central Europe,Europe,Non-NATO,naval_strength_per_coastline,0.0
Denmark,Scandinavia,Europe,NATO,naval_strength_per_coastline,0.006836204539238879
Colombia,Latin America,South America,Non-NATO,naval_strength_per_coastline,0.0726309226932442
Chile,Latin America,South America,Non-NATO,naval_strength_per_coastline,0.02020202020201706
Finland,Scandinavia,Europe,NATO,naval_strength_per_coastline,0.21119999999983105
Peru,Latin America,South America,Non-NATO,naval_strength_per_coastline,0.029411764705870168
Venezuela,Latin America,South America,Non-NATO,naval_strength_per_coastline,0.012142857142852806
Romania,Eastern Europe,Europe,Non-NATO,naval_strength_per_coastline,0.08888888888849383
Ethiopia,Africa,Africa,Non-NATO,naval_strength_per_coastline,0.0
Czechia,Eastern Europe,Europe,NATO,naval_strength_per_coastline,0.0
United Arab Emirates,Middle East,Asia,Non-NATO,naval_strength_per_coastline,0.13732928679807488
Hungary,Eastern Europe,Europe,NATO,naval_strength_per_coastline,0.0
Angola,Africa,Africa,Non-NATO,naval_strength_per_coastline,0.01937499999998789
Kazakhstan,Asia,Asia,Non-NATO,naval_strength_per_coastline,0.9999999999615384
Uzbekistan,Asia,Asia,Non-NATO,naval_strength_per_coastline,0.0
Morocco,Africa,Africa,Non-NATO,naval_strength_per_coastline,0.060490463215225894
Azerbaijan,Asia,Asia,Non-NATO,naval_strength_per_coastline,0.05329593267874713
Belgium,Western Europe,Europe,NATO,naval_strength_per_coastline,0.13432835820695033
Bulgaria,Eastern Europe,Europe,NATO,naval_strength_per_coastline,0.10169491525395001
Serbia,Balkans,Europe,Non-NATO,naval_strength_per_coastline,20000000000.0
Syria,Middle East,Asia,Non-NATO,naval_strength_per_coastline,0.13989637305626998
Ecuador,Latin America,South America,Non-NATO,naval_strength_per_coastline,0.01341081805989566
Democratic Republic of the Congo,Africa,Africa,Non-NATO,naval_strength_per_coastline,0.4324324324207451
Cuba,Central America,North America,Non-NATO,naval_strength_per_coastline,0.005087014725567581
Austria,Central Europe,Europe,Non-NATO,naval_strength_per_coastline,0.0
Sri Lanka,Asia-Pacific,Asia,Non-NATO,naval_strength_per_coastline,0.20149253731328248
Belarus,Eastern Europe,Europe,Non-NATO,naval_strength_per_coastline,0.0
Slovakia,Eastern Europe,Europe,NATO,naval_strength_per_coastline,0.0
Qatar,Middle East,Asia,Non-NATO,naval_strength_per_coastline,0.20426287744191074
Sudan,Africa,Africa,Non-NATO,naval_strength_per_coastline,0.007033997655325868
Croatia,Balkans,Europe,NATO,naval_strength_per_coastline,0.005141388174806316
Jordan,Middle East,Asia,Non-NATO,naval_strength_per_coastline,1.0384615384215976
Libya,Africa,Africa,Non-NATO,naval_strength_per_coastline,0.002824858757060551
Turkmenistan,Asia,Asia,Non-NATO,naval_strength_per_coastline,0.00904977375565099
Albania,Balkans,Europe,NATO,naval_strength_per_coastline,0.05248618784515888
Kuwait,Gulf Powers,Asia,Non-NATO,naval_strength_per_coastline,0.24649298597144992
Bolivia,Latin America,South America,Non-NATO,naval_strength_per_coastline,66999999999.99999
Bahrain,Gulf Powers,Asia,Non-NATO,naval_strength_per_coastline,0.39751552794784156
Oman,Gulf Powers,Asia,Non-NATO,naval_strength_per_coastline,0.010516252390052334
Kenya,Africa,Africa,Non-NATO,naval_strength_per_coastline,0.042910447761113975
Chad,Africa,Africa,Non-NATO,naval_strength_per_coastline,0.0
Yemen,Middle East,Asia,Non-NATO,naval_strength_per_coastline,0.017313746065048628
New Zealand,Asia-Pacific,Oceania,Non-NATO,naval_strength_per_coastline,0.0005286110744019737
Paraguay,Latin America,South America,Non-NATO,naval_strength_per_coastline,72000000000.0
Lithuania,Northern Europe,Europe,NATO,naval_strength_per_coastline,0.15555555555382716
Mozambique,Africa,Africa,Non-NATO,naval_strength_per_coastline,0.013360323886634266
Tunisia,Africa,Africa,Non-NATO,naval_strength_per_coastline,0.05052264808357968
Armenia,Asia,Asia,Non-NATO,naval_strength_per_coastline,0.0
Tanzania,Africa,Africa,Non-NATO,naval_strength_per_coastline,0.008426966292128914
Cameroon,Africa,Africa,Non-NATO,naval_strength_per_coastline,0.12749999999968126
Georgia,Asia,Asia,Non-NATO,naval_strength_per_coastline,0.061290322580447455
Cambodia,Southeast Asia,Asia,Non-NATO,naval_strength_per_coastline,0.04514672686220057
Slovenia,Balkans,Europe,NATO,naval_strength_per_coastline,0.04255319148845632
Ireland,Northern Europe,Europe,Non-NATO,naval_strength_per_coastline,0.005524861878449223
Mongolia,Asia-Pacific,Asia,Non-NATO,naval_strength_per_coastline,0.0
Latvia,Northern Europe,Europe,NATO,naval_strength_per_coastline,0.03614457831318044
Uruguay,Latin America,South America,Non-NATO,naval_strength_per_coastline,0.021212121212089072
Honduras,Central America,North America,Non-NATO,naval_strength_per_coastline,0.11778846153831997
Ivory Coast,Africa,Africa,Non-NATO,naval_strength_per_coastline,0.005825242718435291
Guatemala,Central America,North America,Non-NATO,naval_strength_per_coastline,0.06249999999984375
Mali,Africa,Africa,Non-NATO,naval_strength_per_coastline,0.0
Kyrgyzstan,Asia,Asia,Non-NATO,naval_strength_per_coastline,0.0
Laos,Southeast Asia,Asia,Non-NATO,naval_strength_per_coastline,36000000000.0
Estonia,Northern Europe,Europe,NATO,naval_strength_per_coastline,0.0021085925144960177
Tajikistan,Asia,Asia,Non-NATO,naval_strength_per_coastline,0.0
Zambia,Africa,Africa,Non-NATO,naval_strength_per_coastline,0.0
Ghana,Africa,Africa,Non-NATO,naval_strength_per_coastline,0.05194805194795557
Zimbabwe,Africa,Africa,Non-NATO,naval_strength_per_coastline,0.0
North Macedonia,Balkans,Europe,Non-NATO,naval_strength_per_coastline,0.0
South Sudan,Africa,Africa,Non-NATO,naval_strength_per_coastline,0.0
Uganda,Africa,Africa,Non-NATO,naval_strength_per_coastline,0.0
Lebanon,Middle East,Asia,Non-NATO,naval_strength_per_coastline,0.28444444444318023
Namibia,Africa,Africa,Non-NATO,naval_strength_per_coastline,0.009541984732818358
Luxembourg,Western Europe,Europe,NATO,naval_strength_per_coastline,0.0
Afghanistan,Asia,Asia,Non-NATO,naval_strength_per_coastline,0.0
Niger,Africa,Africa,Non-NATO,naval_strength_per_coastline,0.0
Eritrea,Africa,Africa,Non-NATO,naval_strength_per_coastline,0.010295434198742034
Republic of the Congo,Africa,Africa,Non-NATO,naval_strength_per_coastline,0.02366863905311439
Botswana,Africa,Africa,Non-NATO,naval_strength_per_coastline,0.0
Mauritania,Africa,Africa,Non-NATO,naval_strength_per_coastline,0.007957559681687059
Dominican Republic,Central America,North America,Non-NATO,naval_strength_per_coastline,0.026397515527929814
Senegal,Africa,Africa,Non-NATO,naval_strength_per_coastline,0.007532956685484872
Nepal,Asia-Pacific,Asia,Non-NATO,naval_strength_per_coastline,0.0
Montenegro,Balkans,Europe,NATO,naval_strength_per_coastline,0.04761904761888565
El Salvador,Central America,North America,Non-NATO,naval_strength_per_coastline,0.04560260586304364
Burkina Faso,Africa,Africa,Non-NATO,naval_strength_per_coastline,0.0
Madagascar,Africa,Africa,Non-NATO,naval_strength_per_coastline,0.0012427506213750531
Nicaragua,Central America,North America,Non-NATO,naval_strength_per_coastline,0.025274725274697502
Bosnia and Herzegovina,Balkans,Europe,Non-NATO,naval_strength_per_coastline,0.0
Gabon,Africa,Africa,Non-NATO,naval_strength_per_coastline,0.00564971751411791
Moldova,Eastern Europe,Europe,Non-NATO,naval_strength_per_coastline,0.0
Iceland,Scandinavia,Europe,NATO,naval_strength_per_coastline,0.0
Panama,Central America,North America,Non-NATO,naval_strength_per_coastline,0.012048192771079498
Beliz,Central America,North America,Non-NATO,naval_strength_per_coastline,0.020725388600982577
Liberia,Africa,Africa,Non-NATO,naval_strength_per_coastline,0.006908462867000158
Suriname,Northern South America,South America,Non-NATO,naval_strength_per_coastline,0.04404145077708798
Sierra Leone,Africa,Africa,Non-NATO,naval_strength_per_coastline,0.01741293532333977
Kosovo,Southern Europe,Europe,Non-NATO,naval_strength_per_coastline,0.0
Somalia,Africa,Africa,Non-NATO,naval_strength_per_coastline,0.003305785123965849
Central African Republic,Africa,Africa,Non-NATO,naval_strength_per_coastline,0.0
Benin,Africa,Africa,Non-NATO,naval_strength_per_coastline,0.01652892561969811
Bhutan,Asia,Asia,Non-NATO,naval_strength_per_coastline,0.0
United States,Northern America,North America,NATO,military_burden_index,2617.239093605009
Russia,Eastern Europe,Europe,Non-NATO,military_burden_index,894.7541205025025
China,Asia-Pacific,Asia,Non-NATO,military_burden_index,188.68680955600743
India,Asia-Pacific,Asia,Non-NATO,military_burden_index,53.22439426764588
South Korea,Asia-Pacific,Asia,Non-NATO,military_burden_index,888.9861888219338
United Kingdom,Northern Europe,Europe,NATO,military_burden_index,1044.4277970240753
France,Western Europe,Europe,NATO,military_burden_index,804.3923802045119
Japan,Asia-Pacific,Asia,Non-NATO,military_burden_index,462.6550335711015
Turkiye,Middle East,Asia,NATO,military_burden_index,558.728745170964
Italy,Southern Europe,Europe,NATO,military_burden_index,506.68473650860034
Brazil,Latin America,South America,Non-NATO,military_burden_index,118.86898554916542
Pakistan,Asia-Pacific,Asia,Non-NATO,military_burden_index,30.27378305722263
Indonesia,Southeast Asia,Asia,Non-NATO,military_burden_index,37.647063503297574
Germany,Central Europe,Europe,NATO,military_burden_index,594.395327577209
Israel,Middle East,Asia,Non-NATO,military_burden_index,3243.7777695294826
Iran,Middle East,Asia,Non-NATO,military_burden_index,174.79958605195245
Spain,Southern Europe,Europe,NATO,military_burden_index,494.85587409912256
Australia,Asia-Pacific,Oceania,Non-NATO,military_burden_index,2080.7963121565053
Egypt,Africa,Africa,Non-NATO,military_burden_index,52.85074557529729
Ukraine,Eastern Europe,Europe,Non-NATO,military_burden_index,1505.8118448561777
Poland,Eastern Europe,Europe,NATO,military_burden_index,1256.8938822819514
Taiwan,Asia-Pacific,Asia,Non-NATO,military_burden_index,836.608212305566
Vietnam,Southeast Asia,Asia,Non-NATO,military_burden_index,81.26024292500944
Saudi Arabia,Middle East,Asia,Non-NATO,military_burden_index,2045.7289374679278
Thailand,Southeast Asia,Asia,Non-NATO,military_burden_index,84.20765819160647
Algeria,Africa,Africa,Non-NATO,military_burden_index,531.6606806281753
Sweden,Scandinavia,Europe,NATO,military_burden_index,1227.5923090397534
Canada,Northern America,North America,NATO,military_burden_index,1056.8423154920222
Singapore,Southeast Asia,Asia,Non-NATO,military_burden_index,2488.198061892765
Greece,Southern Europe,Europe,NATO,military_burden_index,621.3501058350414
Nigeria,Africa,Africa,Non-NATO,military_burden_index,13.347574688656204
Mexico,Mexico,North America,Non-NATO,military_burden_index,58.1306734246532
Argentina,Latin America,South America,Non-NATO,military_burden_index,19.766127799440888
North Korea,Asia-Pacific,Asia,Non-NATO,military_burden_index,180.0851799859354
Bangladesh,Asia-Pacific,Asia,Non-NATO,military_burden_index,25.928115077487007
Netherlands,Western Europe,Europe,NATO,military_burden_index,1519.211441485208
Myanmar,Southeast Asia,Asia,Non-NATO,military_burden_index,51.24537829006236
Norway,Scandinavia,Europe,NATO,military_burden_index,1762.335851846178
Portugal,Southern Europe,Europe,NATO,military_burden_index,434.8796200202899
South Africa,Africa,Africa,Non-NATO,military_burden_index,37.50332112357687
Philippines,Southeast Asia,Asia,Non-NATO,military_burden_index,37.03169396419659
Malaysia,Southeast Asia,Asia,Non-NATO,military_burden_index,138.8695612676592
Iraq,Middle East,Asia,Non-NATO,military_burden_index,188.2688476292668
Switzerland,Central Europe,Europe,Non-NATO,military_burden_index,2825.8891579710294
Denmark,Scandinavia,Europe,NATO,military_burden_index,1209.660427956102
Colombia,Latin America,South America,Non-NATO,military_burden_index,212.58014255241406
Chile,Latin America,South America,Non-NATO,military_burden_index,269.62731477661623
Finland,Scandinavia,Europe,NATO,military_burden_index,1204.9701639445655
Peru,Latin America,South America,Non-NATO,military_burden_index,104.90717417526473
Venezuela,Latin America,South America,Non-NATO,military_burden_index,130.97855745796537
Romania,Eastern Europe,Europe,Non-NATO,military_burden_index,534.4895941212757
Ethiopia,Africa,Africa,Non-NATO,military_burden_index,17.69354472647551
Czechia,Eastern Europe,Europe,NATO,military_burden_index,622.8149575240197
United Arab Emirates,Middle East,Asia,Non-NATO,military_burden_index,220.5256588950015
Hungary,Eastern Europe,Europe,NATO,military_burden_index,464.2977268588016
Angola,Africa,Africa,Non-NATO,military_burden_index,29.604811410851674
Kazakhstan,Asia,Asia,Non-NATO,military_burden_index,101.12040440659297
Uzbekistan,Asia,Asia,Non-NATO,military_burden_index,76.76490904734214
Morocco,Africa,Africa,Non-NATO,military_burden_index,358.40774417497147
Azerbaijan,Asia,Asia,Non-NATO,military_burden_index,469.47303248312073
Belgium,Western Europe,Europe,NATO,military_burden_index,851.5872166406152
Bulgaria,Eastern Europe,Europe,NATO,military_burden_index,202.46219071311117
Serbia,Balkans,Europe,Non-NATO,military_burden_index,343.8647174804411
Syria,Middle East,Asia,Non-NATO,military_burden_index,12.228989194953721
Ecuador,Latin America,South America,Non-NATO,military_burden_index,129.76526904665783
Democratic Republic of the Congo,Africa,Africa,Non-NATO,military_burden_index,6.902418599470532
Cuba,Central America,North America,Non-NATO,military_burden_index,411.15888892597303
Austria,Central Europe,Europe,Non-NATO,military_burden_index,610.5888704950567
Sri Lanka,Asia-Pacific,Asia,Non-NATO,military_burden_index,57.56368853049647
Belarus,Eastern Europe,Europe,Non-NATO,military_burden_index,113.44583053683061
Slovakia,Eastern Europe,Europe,NATO,military_burden_index,477.38453665930393
Qatar,Middle East,Asia,Non-NATO,military_burden_index,3695.79732360326
Sudan,Africa,Africa,Non-NATO,military_burden_index,6.776668240359625
Croatia,Balkans,Europe,NATO,military_burden_index,283.3655733960207
Jordan,Middle East,Asia,Non-NATO,military_burden_index,223.7331868984709
Libya,Africa,Africa,Non-NATO,military_burden_index,415.68953588535004
Turkmenistan,Asia,Asia,Non-NATO,military_burden_index,187.67264300677328
Albania,Balkans,Europe,NATO,military_burden_index,179.86624827009103
Kuwait,Gulf Powers,Asia,Non-NATO,military_burden_index,2214.535959125082
Bolivia,Latin America,South America,Non-NATO,military_burden_index,44.68820353259355
Bahrain,Gulf Powers,Asia,Non-NATO,military_burden_index,1019.3453520608997
Oman,Gulf Powers,Asia,Non-NATO,military_burden_index,2101.4907257626355
Kenya,Africa,Africa,Non-NATO,military_burden_index,22.445753622654443
Chad,Africa,Africa,Non-NATO,military_burden_index,19.972666226553983
Yemen,Middle East,Asia,Non-NATO,military_burden_index,25.213560373141092
New Zealand,Asia-Pacific,Oceania,Non-NATO,military_burden_index,587.0715225554621
Paraguay,Latin America,South America,Non-NATO,military_burden_index,2338.9678152977135
Lithuania,Northern Europe,Europe,NATO,military_burden_index,908.9539324842302
Mozambique,Africa,Africa,Non-NATO,military_burden_index,12.365463368754009
Tunisia,Africa,Africa,Non-NATO,military_burden_index,116.19369056640853
Armenia,Asia,Asia,Non-NATO,military_burden_index,571.0897568333407
Tanzania,Africa,Africa,Non-NATO,military_burden_index,20.85237334889011
Cameroon,Africa,Africa,Non-NATO,military_burden_index,17.921281446278115
Georgia,Asia,Asia,Non-NATO,military_burden_index,101.1289530767537
Cambodia,Southeast Asia,Asia,Non-NATO,military_burden_index,50.399477392581865
Slovenia,Balkans,Europe,NATO,military_burden_index,422.7384332756721
Ireland,Northern Europe,Europe,Non-NATO,military_burden_index,286.6172118221574
Mongolia,Asia-Pacific,Asia,Non-NATO,military_burden_index,50.3127060684845
Latvia,Northern Europe,Europe,NATO,military_burden_index,631.7848866839951
Uruguay,Latin America,South America,Non-NATO,military_burden_index,225.4965215030376
Honduras,Central America,North America,Non-NATO,military_burden_index,43.40716123976145
Ivory Coast,Africa,Africa,Non-NATO,military_burden_index,22.33361149136085
Guatemala,Central America,North America,Non-NATO,military_burden_index,22.384561212532354
Mali,Africa,Africa,Non-NATO,military_burden_index,29.57562744857384
Kyrgyzstan,Asia,Asia,Non-NATO,military_burden_index,35.935899299120344
Laos,Southeast Asia,Asia,Non-NATO,military_burden_index,16.97353988580705
Estonia,Northern Europe,Europe,NATO,military_burden_index,1225.8092078094062
Tajikistan,Asia,Asia,Non-NATO,military_burden_index,42.90911071060469
Zambia,Africa,Africa,Non-NATO,military_burden_index,18.954651726544533
Ghana,Africa,Africa,Non-NATO,military_burden_index,8.918996775052667
Zimbabwe,Africa,Africa,Non-NATO,military_burden_index,30.949802079864018
North Macedonia,Balkans,Europe,Non-NATO,military_burden_index,181.87755136442678
South Sudan,Africa,Africa,Non-NATO,military_burden_index,13.799114180309788
Uganda,Africa,Africa,Non-NATO,military_burden_index,19.99470771294328
Lebanon,Middle East,Asia,Non-NATO,military_burden_index,143.2105327224511
Namibia,Africa,Africa,Non-NATO,military_burden_index,132.1486913534451
Luxembourg,Western Europe,Europe,NATO,military_burden_index,1081.6962357021318
Afghanistan,Asia,Asia,Non-NATO,military_burden_index,7.228035445887039
Niger,Africa,Africa,Non-NATO,military_burden_index,12.770100533034018
Eritrea,Africa,Africa,Non-NATO,military_burden_index,31.210809154414054
Republic of the Congo,Africa,Africa,Non-NATO,military_burden_index,50.248742756448564
Botswana,Africa,Africa,Non-NATO,military_burden_index,189.98901523992635
Mauritania,Africa,Africa,Non-NATO,military_burden_index,60.362196282843954
Dominican Republic,Central America,North America,Non-NATO,military_burden_index,74.96400886217337
Senegal,Africa,Africa,Non-NATO,military_burden_index,24.67964085883134
Nepal,Asia-Pacific,Asia,Non-NATO,military_burden_index,13.144878636718964
Montenegro,Balkans,Europe,NATO,military_burden_index,246.89546869295395
El Salvador,Central America,North America,Non-NATO,military_burden_index,50.48047113899523
Burkina Faso,Africa,Africa,Non-NATO,military_burden_index,3.5274411092448252
Madagascar,Africa,Africa,Non-NATO,military_burden_index,3.809835657250466
Nicaragua,Central America,North America,Non-NATO,military_burden_index,13.778750411115976
Bosnia and Herzegovina,Balkans,Europe,Non-NATO,military_burden_index,56.96729198185364
Gabon,Africa,Africa,Non-NATO,military_burden_index,111.93818594316735
Moldova,Eastern Europe,Europe,Non-NATO,military_burden_index,475.062285944157
Iceland,Scandinavia,Europe,NATO,military_burden_index,858.1568855827422
Panama,Central America,North America,Non-NATO,military_burden_index,205.17954177414592
Beliz,Central America,North America,Non-NATO,military_burden_index,71.04084042627373
Liberia,Africa,Africa,Non-NATO,military_burden_index,67.09275223555146
Suriname,Northern South America,South America,Non-NATO,military_burden_index,222.64896607386342
Sierra Leone,Africa,Africa,Non-NATO,military_burden_index,25.062906689789735
Kosovo,Southern Europe,Europe,Non-NATO,military_burden_index,131.86792427063364
Somalia,Africa,Africa,Non-NATO,military_burden_index,13.136572460299478
Central African Republic,Africa,Africa,Non-NATO,military_burden_index,8.138444514796342
Benin,Africa,Africa,Non-NATO,military_burden_index,6.691818195921194
Bhutan,Asia,Asia,Non-NATO,military_burden_index,15.827328369581664
United States,Northern America,North America,NATO,total_assets,18123
Russia,Eastern Europe,Europe,Non-NATO,total_assets,10461
China,Asia-Pacific,Asia,Non-NATO,total_assets,10863
India,Asia-Pacific,Asia,Non-NATO,total_assets,6723
South Korea,Asia-Pacific,Asia,Non-NATO,total_assets,4055
United Kingdom,Northern Europe,Europe,NATO,total_assets,967
France,Western Europe,Europe,NATO,total_assets,1320
Japan,Asia-Pacific,Asia,Non-NATO,total_assets,2123
Turkiye,Middle East,Asia,NATO,total_assets,3503
Italy,Southern Europe,Europe,NATO,total_assets,1125
Brazil,Latin America,South America,Non-NATO,total_assets,871
Pakistan,Asia-Pacific,Asia,Non-NATO,total_assets,4147
Indonesia,Southeast Asia,Asia,Non-NATO,total_assets,1121
Germany,Central Europe,Europe,NATO,total_assets,941
Israel,Middle East,Asia,Non-NATO,total_assets,1973
Iran,Middle East,Asia,Non-NATO,total_assets,2371
Spain,Southern Europe,Europe,NATO,total_assets,930
Australia,Asia-Pacific,Oceania,Non-NATO,total_assets,430
Egypt,Africa,Africa,Non-NATO,total_assets,4863
Ukraine,Eastern Europe,Europe,Non-NATO,total_assets,1527
Poland,Eastern Europe,Europe,NATO,total_assets,1155
Taiwan,Asia-Pacific,Asia,Non-NATO,total_assets,1746
Vietnam,Southeast Asia,Asia,Non-NATO,total_assets,1730
Saudi Arabia,Middle East,Asia,Non-NATO,total_assets,1789
Thailand,Southeast Asia,Asia,Non-NATO,total_assets,1421
Algeria,Africa,Africa,Non-NATO,total_assets,2203
Sweden,Scandinavia,Europe,NATO,total_assets,587
Canada,Northern America,North America,NATO,total_assets,498
Singapore,Southeast Asia,Asia,Non-NATO,total_assets,450
Greece,Southern Europe,Europe,NATO,total_assets,2094
Nigeria,Africa,Africa,Non-NATO,total_assets,626
Mexico,Mexico,North America,Non-NATO,total_assets,600
Argentina,Latin America,South America,Non-NATO,total_assets,625
North Korea,Asia-Pacific,Asia,Non-NATO,total_assets,5412
Bangladesh,Asia-Pacific,Asia,Non-NATO,total_assets,652
Netherlands,Western Europe,Europe,NATO,total_assets,202
Myanmar,Southeast Asia,Asia,Non-NATO,total_assets,994
Norway,Scandinavia,Europe,NATO,total_assets,184
Portugal,Southern Europe,Europe,NATO,total_assets,343
South Africa,Africa,Africa,Non-NATO,total_assets,483
Philippines,Southeast Asia,Asia,Non-NATO,total_assets,325
Malaysia,Southeast Asia,Asia,Non-NATO,total_assets,283
Iraq,Middle East,Asia,Non-NATO,total_assets,1484
Switzerland,Central Europe,Europe,Non-NATO,total_assets,351
Denmark,Scandinavia,Europe,NATO,total_assets,211
Colombia,Latin America,South America,Non-NATO,total_assets,669
Chile,Latin America,South America,Non-NATO,total_assets,793
Finland,Scandinavia,Europe,NATO,total_assets,627
Peru,Latin America,South America,Non-NATO,total_assets,567
Venezuela,Latin America,South America,Non-NATO,total_assets,435
Romania,Eastern Europe,Europe,Non-NATO,total_assets,488
Ethiopia,Africa,Africa,Non-NATO,total_assets,441
Czechia,Eastern Europe,Europe,NATO,total_assets,142
United Arab Emirates,Middle East,Asia,Non-NATO,total_assets,1086
Hungary,Eastern Europe,Europe,NATO,total_assets,278
Angola,Africa,Africa,Non-NATO,total_assets,638
Kazakhstan,Asia,Asia,Non-NATO,total_assets,574
Uzbekistan,Asia,Asia,Non-NATO,total_assets,532
Morocco,Africa,Africa,Non-NATO,total_assets,1274
Azerbaijan,Asia,Asia,Non-NATO,total_assets,689
Belgium,Western Europe,Europe,NATO,total_assets,117
Bulgaria,Eastern Europe,Europe,NATO,total_assets,191
Serbia,Balkans,Europe,Non-NATO,total_assets,392
Syria,Middle East,Asia,Non-NATO,total_assets,599
Ecuador,Latin America,South America,Non-NATO,total_assets,186
Democratic Republic of the Congo,Africa,Africa,Non-NATO,total_assets,167
Cuba,Central America,North America,Non-NATO,total_assets,163
Austria,Central Europe,Europe,Non-NATO,total_assets,141
Sri Lanka,Asia-Pacific,Asia,Non-NATO,total_assets,399
Belarus,Eastern Europe,Europe,Non-NATO,total_assets,692
Slovakia,Eastern Europe,Europe,NATO,total_assets,86
Qatar,Middle East,Asia,Non-NATO,total_assets,465
Sudan,Africa,Africa,Non-NATO,total_assets,395
Croatia,Balkans,Europe,NATO,total_assets,142
Jordan,Middle East,Asia,Non-NATO,total_assets,1759
Libya,Africa,Africa,Non-NATO,total_assets,191
Turkmenistan,Asia,Asia,Non-NATO,total_assets,761
Albania,Balkans,Europe,NATO,total_assets,84
Kuwait,Gulf Powers,Asia,Non-NATO,total_assets,618
Bolivia,Latin America,South America,Non-NATO,total_assets,185
Bahrain,Gulf Powers,Asia,Non-NATO,total_assets,346
Oman,Gulf Powers,Asia,Non-NATO,total_assets,300
Kenya,Africa,Africa,Non-NATO,total_assets,367
Chad,Africa,Africa,Non-NATO,total_assets,130
Yemen,Middle East,Asia,Non-NATO,total_assets,117
New Zealand,Asia-Pacific,Oceania,Non-NATO,total_assets,56
Paraguay,Latin America,South America,Non-NATO,total_assets,111
Lithuania,Northern Europe,Europe,NATO,total_assets,23
Mozambique,Africa,Africa,Non-NATO,total_assets,85
Tunisia,Africa,Africa,Non-NATO,total_assets,302
Armenia,Asia,Asia,Non-NATO,total_assets,180
Tanzania,Africa,Africa,Non-NATO,total_assets,113
Cameroon,Africa,Africa,Non-NATO,total_assets,86
Georgia,Asia,Asia,Non-NATO,total_assets,203
Cambodia,Southeast Asia,Asia,Non-NATO,total_assets,689
Slovenia,Balkans,Europe,NATO,total_assets,95
Ireland,Northern Europe,Europe,Non-NATO,total_assets,30
Mongolia,Asia-Pacific,Asia,Non-NATO,total_assets,427
Latvia,Northern Europe,Europe,NATO,total_assets,25
Uruguay,Latin America,South America,Non-NATO,total_assets,88
Honduras,Central America,North America,Non-NATO,total_assets,149
Ivory Coast,Africa,Africa,Non-NATO,total_assets,27
Guatemala,Central America,North America,Non-NATO,total_assets,66
Mali,Africa,Africa,Non-NATO,total_assets,53
Kyrgyzstan,Asia,Asia,Non-NATO,total_assets,222
Laos,Southeast Asia,Asia,Non-NATO,total_assets,229
Estonia,Northern Europe,Europe,NATO,total_assets,13
Tajikistan,Asia,Asia,Non-NATO,total_assets,63
Zambia,Africa,Africa,Non-NATO,total_assets,112
Ghana,Africa,Africa,Non-NATO,total_assets,47
Zimbabwe,Africa,Africa,Non-NATO,total_assets,110
North Macedonia,Balkans,Europe,Non-NATO,total_assets,40
South Sudan,Africa,Africa,Non-NATO,total_assets,50
Uganda,Africa,Africa,Non-NATO,total_assets,310
Lebanon,Middle East,Asia,Non-NATO,total_assets,260
Namibia,Africa,Africa,Non-NATO,total_assets,53
Luxembourg,Western Europe,Europe,NATO,total_assets,1
Afghanistan,Asia,Asia,Non-NATO,total_assets,9
Niger,Africa,Africa,Non-NATO,total_assets,26
Eritrea,Africa,Africa,Non-NATO,total_assets,108
Republic of the Congo,Africa,Africa,Non-NATO,total_assets,47
Botswana,Africa,Africa,Non-NATO,total_assets,90
Mauritania,Africa,Africa,Non-NATO,total_assets,55
Dominican Republic,Central America,North America,Non-NATO,total_assets,118
Senegal,Africa,Africa,Non-NATO,total_assets,44
Nepal,Asia-Pacific,Asia,Non-NATO,total_assets,15
Montenegro,Balkans,Europe,NATO,total_assets,25
El Salvador,Central America,North America,Non-NATO,total_assets,66
Burkina Faso,Africa,Africa,Non-NATO,total_assets,25
Madagascar,Africa,Africa,Non-NATO,total_assets,17
Nicaragua,Central America,North America,Non-NATO,total_assets,129
Bosnia and Herzegovina,Balkans,Europe,Non-NATO,total_assets,67
Gabon,Africa,Africa,Non-NATO,total_assets,29
Moldova,Eastern Europe,Europe,Non-NATO,total_assets,3
Iceland,Scandinavia,Europe,NATO,total_assets,0
Panama,Central America,North America,Non-NATO,total_assets,68
Beliz,Central America,North America,Non-NATO,total_assets,11
Liberia,Africa,Africa,Non-NATO,total_assets,4
Suriname,Northern South America,South America,Non-NATO,total_assets,20
Sierra Leone,Africa,Africa,Non-NATO,total_assets,8
Kosovo,Southern Europe,Europe,Non-NATO,total_assets,0
Somalia,Africa,Africa,Non-NATO,total_assets,10
Central African Republic,Africa,Africa,Non-NATO,total_assets,6
Benin,Africa,Africa,Non-NATO,total_assets,7
Bhutan,Asia,Asia,Non-NATO,total_assets,2
