Country,total-population-by-country,available-military-manpower,manpower-fit-for-military-service,manpower-reaching-military-age-annually,active-military-manpower,active-reserve-military-manpower,manpower-paramilitary,aircraft-total,aircraft-total-fighters,aircraft-total-attack-types,aircraft-total-transports,aircraft-total-trainers,aircraft-total-special-mission,aircraft-total-tanker-fleet,aircraft-helicopters-total,aircraft-helicopters-attack,armor-tanks-total,armor-apc-total,armor-self-propelled-guns-total,armor-towed-artillery-total,armor-mlrs-total,navy-ships,navy-force-by-tonnage,navy-aircraft-carriers,navy-helo-carriers,navy-submarines,navy-destroyers,navy-frigates,navy-corvettes,navy-patrol-coastal-craft,navy-mine-warfare-craft,defense-spending-budget,external-debt-by-country,purchasing-power-parity,reserves-of-foreign-exchange-and-gold,major-serviceable-airports-by-country,labor-force-by-country,major-ports-and-terminals,railway-coverage,roadway-coverage,oil-production-by-country,oil-consumption-by-country,proven-oil-reserves-by-country,natural-gas-production-by-country,natural-gas-consumption-by-country,proven-natural-gas-reserves-by-country,coal-production-by-country,coal-consumption-by-country,proven-coal-reserves-by-country,square-land-area,coastline-coverage,border-coverage,waterway-coverage,Capital,Captal Population,power_index_rank
China,1415043270,764123366,626864169,19810606,2035000,510000,625000,3309,1212,371,289,402,112,10,913,281,6800,144017,3490,1000,2750,754,2857143,3,4,61,50,47,72,150,36,$                        							266850000000,$                        							1218458500000,$                        							31227000000000,$                        							3450000000000,531,779246000,66,"150000                        						
							km","5200000                        						
							km","4984000                        						
							bbl","15148000                        						
							bbl","26023000000                        						
							bbl","225341000000                        						
							Cu.M","366160000000                        						
							Cu.M","6654000000000                        						
							Cu.M","4827000000                        						
							Cu.M","5313000000                        						
							mt","143197000000                        						
							Cu.M","9596960                        						
							km","14500                        						
							km","22457                        						
							km","27700                        						
							km",Tokyo,"37,274,000",3
India,1409128296,662290299,522786598,23955181,1455550,1155000,2527000,2229,513,130,270,351,74,6,899,80,4201,148594,100,3975,264,293,593603,2,0,18,13,14,18,135,0,$                        							75000000000,$                        							371020500000,$                        							13104000000000,$                        							627793000000,311,593729000,56,"65554                        						
							km","6371847                        						
							km","795000                        						
							bbl","5049000                        						
							bbl","4605000000                        						
							bbl","33170000000                        						
							Cu.M","58867000000                        						
							Cu.M","1381000000000                        						
							Cu.M","985671000                        						
							Cu.M","1200000000                        						
							mt","111052000000                        						
							Cu.M","3287263                        						
							km","7000                        						
							km","13888                        						
							km","14500                        						
							km",New Delhi,"32,066,000",4
United States,341963408,150463900,124816644,4445524,1328000,799500,0,13043,1790,889,918,2647,647,605,5843,1002,4640,391963,671,1212,641,440,4168037,11,9,70,81,0,26,0,8,$                        							895000000000,$                        							22303546100000,$                        							24662000000000,$                        							773426000000,15873,170549000,666,"293564                        						
							km","6586610                        						
							km","20879000                        						
							bbl","20245000                        						
							bbl","38212000000                        						
							bbl","1029000000000                        						
							Cu.M","914301000000                        						
							Cu.M","13402000000000                        						
							Cu.M","548849000                        						
							Cu.M","476044000                        						
							mt","248941000000                        						
							Cu.M","9833517                        						
							km","19924                        						
							km","12002                        						
							km","41009                        						
							km",Dhaka,"22,478,000",1
Indonesia,281562465,137965608,114595923,4786562,400000,400000,250000,459,41,34,70,112,17,1,214,15,331,20440,153,396,63,331,304168,0,0,4,0,7,25,211,12,$                        							10600000000,$                        							440000000000,$                        							3906000000000,$                        							146359000000,513,140931000,123,"8159                        						
							km","496607                        						
							km","865000                        						
							bbl","1728000                        						
							bbl","2480000000                        						
							bbl","57410000000                        						
							Cu.M","36061000000                        						
							Cu.M","1408000000000                        						
							Cu.M","659357000                        						
							Cu.M","202283000                        						
							mt","34869000000                        						
							Cu.M","1904569                        						
							km","54716                        						
							km","2958                        						
							km","21579                        						
							km",Mexico City,"22,281,000",13
Pakistan,252363571,108516336,85803614,4794908,654000,550000,500000,1399,328,90,64,565,27,4,373,57,2627,17516,662,2629,600,121,111715,0,0,8,0,9,9,69,3,$                        							7640000000,$                        							92426000000,$                        							1347000000000,$                        							13730000000,116,80990000,3,"11881                        						
							km","264175                        						
							km","101000                        						
							bbl","473000                        						
							bbl","540000000                        						
							bbl","36937000000                        						
							Cu.M","46448000000                        						
							Cu.M","592219000000                        						
							Cu.M","12712000                        						
							Cu.M","34027000                        						
							mt","3064000000                        						
							Cu.M","796095                        						
							km","1046                        						
							km","7257                        						
							km","0                        						
							km",Cairo,"21,750,000",12
Nigeria,236747130,125475979,90437404,4261448,230000,0,50000,163,14,24,23,28,11,0,66,15,330,8962,40,339,37,133,,0,0,0,0,1,0,109,2,$                        							3160000000,$                        							32455500000,$                        							1275000000000,$                        							41349000000,47,75721000,28,"3798                        						
							km","195000                        						
							km","1541000                        						
							bbl","515000                        						
							bbl","36890000000                        						
							bbl","39951000000                        						
							Cu.M","20719000000                        						
							Cu.M","5761000000000                        						
							Cu.M","3043000                        						
							Cu.M","3044000                        						
							mt","2144000000                        						
							Cu.M","923768                        						
							km","853                        						
							km","4477                        						
							km","8600                        						
							km",Beijing,"21,333,000",31
Brazil,220051512,112226271,88680759,3520824,360000,340000,200000,513,43,38,109,133,25,0,191,0,294,22464,109,412,38,64,135737,0,1,4,0,6,2,23,3,$                        							26157300000,$                        							432224000000,$                        							4016000000000,$                        							355021000000,4919,108695000,45,"29850                        						
							km","2000000                        						
							km","4221000                        						
							bbl","3027000                        						
							bbl","12715000000                        						
							bbl","22670000000                        						
							Cu.M","31654000000                        						
							Cu.M","363985000000                        						
							Cu.M","15644000                        						
							Cu.M","32787000                        						
							mt","6596000000                        						
							Cu.M","8515770                        						
							km","7491                        						
							km","16145                        						
							km","50000                        						
							km",Kinshasa,"15,628,000",11
Bangladesh,168697184,82661620,66129296,3205246,163000,0,6800000,214,42,0,17,86,4,0,65,0,320,11584,56,546,110,118,75280,0,0,2,0,7,6,61,5,$                        							4374000000,$                        							51965000000,$                        							1413000000000,$                        							21860000000,17,74914000,2,"2460                        						
							km","369105                        						
							km","13000                        						
							bbl","160000                        						
							bbl","28000000                        						
							bbl","24620000000                        						
							Cu.M","30384000000                        						
							Cu.M","126293000000                        						
							Cu.M","754000                        						
							Cu.M","7514000                        						
							mt","3260000000                        						
							Cu.M","148460                        						
							km","580                        						
							km","4413                        						
							km","8370                        						
							km",Buenos Aires,"15,370,000",35
Russia,140820810,69002197,46189226,1267387,1320000,2000000,250000,4292,833,689,456,611,141,19,1651,557,5750,131527,5168,8505,3005,419,1260447,1,0,63,10,12,83,123,47,$                        							126000000000,$                        							317650500000,$                        							5816000000000,$                        							597217000000,904,72408000,67,"85494                        						
							km","1283387                        						
							km","10727000                        						
							bbl","3684000                        						
							bbl","80000000000                        						
							bbl","617830000000                        						
							Cu.M","472239000000                        						
							Cu.M","47805000000000                        						
							Cu.M","508190000                        						
							Cu.M","310958000                        						
							mt","162166000000                        						
							Cu.M","17098242                        						
							km","37653                        						
							km","22407                        						
							km","102000                        						
							km",Manila,"14,667,000",2
Mexico,130739927,61447766,49811912,2222579,412000,98655,120000,433,3,33,41,176,25,0,178,0,0,19658,20,70,0,167,,0,0,0,5,1,3,140,0,$                        							7600000000,$                        							371359000000,$                        							2873000000000,$                        							214317000000,1485,60042000,35,"23389                        						
							km","704884                        						
							km","2101000                        						
							bbl","1737000                        						
							bbl","5786000000                        						
							bbl","31422000000                        						
							Cu.M","90566000000                        						
							Cu.M","180322000000                        						
							Cu.M","7453000                        						
							Cu.M","18423000                        						
							mt","1211000000                        						
							Cu.M","1964375                        						
							km","9330                        						
							km","4389                        						
							km","2900                        						
							km",Moscow,"11,920,000",32
Japan,123201945,52976836,42874277,1108818,247150,56000,25000,1443,217,38,55,401,141,10,596,119,521,31964,149,480,54,159,769882,0,4,24,42,6,0,6,22,$                        							57000000000,$                        							4679698100000,$                        							5761000000000,$                        							1295000000000,279,69349000,163,"27311                        						
							km","1218772                        						
							km","8000                        						
							bbl","3289000                        						
							bbl","44115000                        						
							bbl","2220000000                        						
							Cu.M","92843000000                        						
							Cu.M","20898000000                        						
							Cu.M","29141000                        						
							Cu.M","216332000                        						
							mt","350000000                        						
							Cu.M","377915                        						
							km","29751                        						
							km","0                        						
							km","1770                        						
							km",Bogota,"11,344,000",8
Ethiopia,118550298,56904143,35327989,2726657,162000,0,0,103,25,0,8,34,0,0,33,7,338,7256,35,309,40,0,,0,0,0,0,0,0,0,0,$                        							2097575000,$                        							25761000000,$                        							354604000000,$                        							3131288000,57,61664000,0,"659                        						
							km","120171                        						
							km","0                        						
							bbl","110000                        						
							bbl","428000                        						
							bbl","0                        						
							Cu.M","0                        						
							Cu.M","24919000000                        						
							Cu.M","8000                        						
							Cu.M","660000                        						
							mt","0                        						
							Cu.M","1104300                        						
							km","0                        						
							km","5925                        						
							km","0                        						
							km",Lima,"11,204,000",52
Philippines,118277063,50859137,41751803,2128987,150000,1200000,35000,202,0,25,26,23,8,0,122,2,10,11878,12,294,0,113,76313,0,0,0,0,2,1,58,0,$                        							4380000000,$                        							90200000000,$                        							1138000000000,$                        							103742000000,246,49477000,70,"77                        						
							km","216387                        						
							km","10000                        						
							bbl","453000                        						
							bbl","138500000                        						
							bbl","2251000000                        						
							Cu.M","2251000000                        						
							Cu.M","98543000000                        						
							Cu.M","14483000                        						
							Cu.M","37130000                        						
							mt","361000000                        						
							Cu.M","300000                        						
							km","36289                        						
							km","0                        						
							km","3219                        						
							km",Paris,"11,142,000",41
Democratic Republic of the Congo,115403027,39237029,31389623,2538867,166580,31000,10000,46,1,6,6,1,0,0,32,8,105,916,8,60,25,16,,0,0,0,0,0,0,16,0,$                        							796560000,$                        							4994000000,$                        							154012000000,$                        							3898125000,272,35983000,3,"4007                        						
							km","152373                        						
							km","19000                        						
							bbl","26000                        						
							bbl","180000000                        						
							bbl","380000                        						
							Cu.M","380000                        						
							Cu.M","991090000                        						
							Cu.M","0                        						
							Cu.M","23000                        						
							mt","987999000                        						
							Cu.M","2344858                        						
							km","37                        						
							km","10481                        						
							km","15000                        						
							km",Jakarta,"11,075,000",66
Egypt,111247248,45611372,38269053,1668709,440000,480000,300000,1093,238,90,61,345,11,0,348,100,3620,41012,1056,962,528,150,235989,0,2,8,0,13,7,62,17,$                        							5879500000,$                        							103750000000,$                        							1912000000000,$                        							33070000000,73,33431000,31,"5085                        						
							km","65050                        						
							km","667000                        						
							bbl","851000                        						
							bbl","3300000000                        						
							bbl","64817000000                        						
							Cu.M","60089000000                        						
							Cu.M","1784000000000                        						
							Cu.M","289000                        						
							Cu.M","3083000                        						
							mt","182000000                        						
							Cu.M","1001450                        						
							km","2450                        						
							km","2612                        						
							km","3500                        						
							km",Bangkok,"11,070,000",19
Vietnam,105758975,54994667,45053323,1797903,600000,5000000,250000,246,41,32,9,60,3,0,101,0,1374,11912,40,535,474,110,107813,0,0,9,0,9,16,35,8,$                        							8594000000,$                        							110000000000,$                        							1354000000000,$                        							97955500000,42,56149000,16,"2600                        						
							km","195468                        						
							km","187000                        						
							bbl","494000                        						
							bbl","4400000000                        						
							bbl","7676000000                        						
							Cu.M","7676000000                        						
							Cu.M","699426000000                        						
							Cu.M","43614000                        						
							Cu.M","83116000                        						
							mt","3360000000                        						
							Cu.M","331210                        						
							km","3444                        						
							km","4616                        						
							km","47130                        						
							km",Seoul,"9,988,000",23
Iran,88386937,49496685,41541860,1414191,610000,350000,220000,551,188,21,87,103,10,6,128,13,1713,65825,392,2070,1517,107,223395,0,0,25,0,7,3,21,1,$                        							15450000000,$                        							4134926000,$                        							1440000000000,$                        							120600000000,173,29159000,18,"8484                        						
							km","223485                        						
							km","3985000                        						
							bbl","2136000                        						
							bbl","208600000000                        						
							bbl","263280000000                        						
							Cu.M","244890000000                        						
							Cu.M","33987000000000                        						
							Cu.M","2791000                        						
							Cu.M","3531000                        						
							mt","1203000000                        						
							Cu.M","1648195                        						
							km","2440                        						
							km","5894                        						
							km","850                        						
							km",London,"9,648,000",16
Turkiye,84119531,42985080,36087279,1430032,355200,378700,150000,1083,201,0,84,287,28,7,508,111,2238,61173,1038,1707,296,182,325729,0,1,13,0,17,9,41,11,$                        							47000000000,$                        							294441000000,$                        							2936000000000,$                        							140858000000,115,35071000,54,"11497                        						
							km","67333                        						
							km","83000                        						
							bbl","1077000                        						
							bbl","366000000                        						
							bbl","379701000                        						
							Cu.M","2887000000                        						
							Cu.M","3794000000                        						
							Cu.M","88746000                        						
							Cu.M","123976000                        						
							mt","11525000000                        						
							Cu.M","783562                        						
							km","7200                        						
							km","2816                        						
							km","1200                        						
							km",Tehran,"9,382,000",9
Germany,84119100,38694786,30955829,841191,181600,34000,0,584,129,63,50,35,26,3,309,54,296,83260,134,0,33,61,228552,0,0,6,0,11,5,0,12,$                        							50000000000,$                        							6238609300000,$                        							5230000000000,$                        							322700000000,838,44784000,35,"39379                        						
							km","830000                        						
							km","131000                        						
							bbl","2052000                        						
							bbl","115200000                        						
							bbl","4824000000                        						
							Cu.M","77516000000                        						
							Cu.M","23390000000                        						
							Cu.M","138981000                        						
							Cu.M","186725000                        						
							mt","35900000000                        						
							Cu.M","357022                        						
							km","2389                        						
							km","3694                        						
							km","7300                        						
							km",Luanda,"8,952,000",14
Thailand,69920998,36358919,27968399,1118736,360850,200000,25000,493,72,20,54,135,26,0,258,7,635,16935,50,589,26,293,130988,0,1,0,0,7,6,49,5,$                        							5887883500,$                        							102694000000,$                        							1516000000000,$                        							224470000000,108,40814000,21,"4127                        						
							km","180053                        						
							km","386000                        						
							bbl","1248000                        						
							bbl","252750000                        						
							bbl","30797000000                        						
							Cu.M","48898000000                        						
							Cu.M","138243000000                        						
							Cu.M","13642000                        						
							Cu.M","36030000                        						
							mt","1063000000                        						
							Cu.M","513120                        						
							km","3219                        						
							km","5673                        						
							km","4000                        						
							km",Kuala Lumpur,"8,420,000",25
United Kingdom,68459055,31491165,25192932,753050,184860,924000,0,631,113,31,29,203,28,9,266,37,227,38200,71,126,29,109,394043,2,0,9,6,8,0,26,7,$                        							71500540000,$                        							9593749000000,$                        							3700000000000,$                        							177915000000,1043,35275000,185,"16390                        						
							km","394428                        						
							km","753000                        						
							bbl","1397000                        						
							bbl","2500000000                        						
							bbl","37758000000                        						
							Cu.M","70141000000                        						
							Cu.M","180661000000                        						
							Cu.M","1891000                        						
							Cu.M","8568000                        						
							mt","26000000                        						
							Cu.M","243610                        						
							km","12429                        						
							km","443                        						
							km","3200                        						
							km",Dar es Salaam,"7,776,000",6
France,68374591,30084820,23794358,752121,200000,26000,150000,976,226,0,119,141,44,16,448,68,215,110932,96,0,9,129,428765,1,3,9,11,11,0,20,17,$                        							55000000000,$                        							6992104900000,$                        							3764000000000,$                        							240792000000,689,31825000,66,"27860                        						
							km","1053215                        						
							km","80000                        						
							bbl","1554000                        						
							bbl","61719000                        						
							bbl","20132000                        						
							Cu.M","37001000000                        						
							Cu.M","7787000000                        						
							Cu.M","2419000                        						
							Cu.M","12985000                        						
							mt","160000000                        						
							Cu.M","643801                        						
							km","4853                        						
							km","4072                        						
							km","8501                        						
							km",Riyadh,"7,682,000",7
Tanzania,67462121,12143182,6678750,607159,27000,80000,6500,39,14,0,6,7,0,0,12,0,62,1072,0,0,0,12,,0,0,0,0,0,0,10,0,$                        							1406745334,$                        							18983500000,$                        							234050000000,$                        							5693050000,206,31219000,8,"4097                        						
							km","145203                        						
							km","0                        						
							bbl","58000                        						
							bbl","0                        						
							bbl","1808000000                        						
							Cu.M","1808000000                        						
							Cu.M","6513000000                        						
							Cu.M","2511000                        						
							Cu.M","802000                        						
							mt","1410000000                        						
							Cu.M","947300                        						
							km","1424                        						
							km","4161                        						
							km","0                        						
							km",Baghdad,"7,512,000",92
Italy,60964931,27434219,22191235,548684,165500,18500,105000,729,89,67,30,162,23,8,392,37,200,73480,64,108,21,196,359417,2,0,8,3,10,0,19,10,$                        							30890000000,$                        							2750000000000,$                        							3097000000000,$                        							247396000000,636,25669000,123,"18475                        						
							km","487700                        						
							km","116000                        						
							bbl","1246000                        						
							bbl","497934000                        						
							bbl","3117000000                        						
							Cu.M","68735000000                        						
							Cu.M","45750000000                        						
							Cu.M","1618000                        						
							Cu.M","13127000                        						
							mt","609999000                        						
							Cu.M","301340                        						
							km","7600                        						
							km","1836                        						
							km","2400                        						
							km",Santiago,"6,857,000",10
South Africa,60442647,27803618,14989776,1027525,71235,29350,50000,182,2,0,12,81,0,0,87,10,252,18692,49,134,101,49,40186,0,0,3,0,4,0,33,2,$                        							2266800000,$                        							58773000000,$                        							862981000000,$                        							62492000000,575,25158000,8,"20986                        						
							km","750000                        						
							km","95000                        						
							bbl","601000                        						
							bbl","15000000                        						
							bbl","59128000                        						
							Cu.M","4487000000                        						
							Cu.M","0                        						
							Cu.M","245467000                        						
							Cu.M","176148000                        						
							mt","9893000000                        						
							Cu.M","1219090                        						
							km","2798                        						
							km","5244                        						
							km","0                        						
							km",Madrid,"6,751,000",40
Kenya,58246378,21551160,14037377,931942,50000,0,25000,156,17,0,21,31,2,0,85,2,188,4128,18,53,0,23,,0,0,0,0,0,0,7,0,$                        							1307383850,$                        							30514500000,$                        							314063000000,$                        							7342000000,370,25502000,4,"3819                        						
							km","161452                        						
							km","0                        						
							bbl","119000                        						
							bbl","0                        						
							bbl","0                        						
							Cu.M","0                        						
							Cu.M","0                        						
							Cu.M","0                        						
							Cu.M","1168000                        						
							mt","0                        						
							Cu.M","580367                        						
							km","536                        						
							km","3457                        						
							km","0                        						
							km",Khartoum,"6,344,000",83
Myanmar,57527139,30489384,21975367,1035489,150000,20000,55000,317,58,26,30,119,5,0,83,9,445,5980,95,210,180,232,89240,0,0,3,0,6,3,146,2,$                        							2948000000,$                        							7253400000,$                        							290507000000,$                        							8590400000,73,22884000,7,"5031                        						
							km","157000                        						
							km","7000                        						
							bbl","148000                        						
							bbl","139000000                        						
							bbl","16780000000                        						
							Cu.M","3788000000                        						
							Cu.M","637129000000                        						
							Cu.M","1268000                        						
							Cu.M","1453000                        						
							mt","252000000                        						
							Cu.M","676578                        						
							km","1930                        						
							km","6522                        						
							km","12800                        						
							km",Singapore,"6,081,000",37
South Korea,52081799,26040900,21353538,416654,600000,3100000,120000,1592,315,98,41,318,36,4,807,111,2236,58880,3270,4400,426,227,344786,0,2,22,13,17,5,35,14,$                        							46300000000,$                        							503519500000,$                        							2615000000000,$                        							420930000000,89,29611000,15,"3979                        						
							km","100428                        						
							km","38000                        						
							bbl","2452000                        						
							bbl","0                        						
							bbl","55127000                        						
							Cu.M","59480000000                        						
							Cu.M","7079000000                        						
							Cu.M","15595000                        						
							Cu.M","136413000                        						
							mt","326000000                        						
							Cu.M","99720                        						
							km","2413                        						
							km","237                        						
							km","1600                        						
							km",Rangoon,"5,610,000",5
Sudan,50467278,26747657,17108407,1312149,92000,85000,17500,165,37,27,13,15,0,0,64,35,224,2900,100,287,192,6,,0,0,0,0,0,0,6,0,$                        							342000000,$                        							37846000000,$                        							136039000000,$                        							206763700,41,13590000,4,"7251                        						
							km","31000                        						
							km","68000                        						
							bbl","127000                        						
							bbl","1250000000                        						
							bbl","0                        						
							Cu.M","0                        						
							Cu.M","84951000000                        						
							Cu.M","0                        						
							Cu.M","0                        						
							mt","0                        						
							Cu.M","1861484                        						
							km","853                        						
							km","6819                        						
							km","4068                        						
							km","Washington, D.C.","5,434,000",73
Colombia,49588357,24298295,19190694,843002,293200,35000,150000,436,16,24,86,72,23,1,257,0,0,3460,6,110,0,233,31090,0,0,4,0,7,2,217,0,$                        							10541500000,$                        							116779500000,$                        							978024000000,$                        							59041000000,662,26003000,14,"2141                        						
							km","205379                        						
							km","800000                        						
							bbl","320000                        						
							bbl","2036000000                        						
							bbl","11290000000                        						
							Cu.M","11451000000                        						
							Cu.M","87782000000                        						
							Cu.M","58747000                        						
							Cu.M","7880000                        						
							mt","4554000000                        						
							Cu.M","1138910                        						
							km","3208                        						
							km","6672                        						
							km","24725                        						
							km",Ankara,"5,397,000",46
Uganda,49283041,16756234,9905891,985661,45000,0,10000,51,6,0,0,12,0,0,30,6,259,3862,6,26,12,0,,0,0,0,0,0,0,0,0,$                        							985400000,$                        							11818000000,$                        							135668000000,$                        							3506500000,39,18881000,0,"1244                        						
							km","20544                        						
							km","0                        						
							bbl","43000                        						
							bbl","2500000000                        						
							bbl","0                        						
							Cu.M","0                        						
							Cu.M","14158000000                        						
							Cu.M","0                        						
							Cu.M","0                        						
							mt","800000000                        						
							Cu.M","241038                        						
							km","0                        						
							km","2729                        						
							km","0                        						
							km",Hanoi,"5,253,000",114
Spain,47280433,21748999,17635602,330963,133282,15150,78470,461,137,12,51,140,8,0,153,17,317,17626,95,287,0,152,215346,1,0,2,0,11,0,22,6,$                        							23397000000,$                        							2572738300000,$                        							2242000000000,$                        							103089000000,363,24108000,52,"15489                        						
							km","683175                        						
							km","47000                        						
							bbl","1269000                        						
							bbl","150000000                        						
							bbl","41009000                        						
							Cu.M","32833000000                        						
							Cu.M","2549000000                        						
							Cu.M","1293000                        						
							Cu.M","8255000                        						
							mt","1187000000                        						
							Cu.M","505370                        						
							km","4964                        						
							km","1953                        						
							km","1000                        						
							km",Addis Ababa,"5,228,000",17
Algeria,47022473,22570787,19185169,752360,325000,135000,150000,608,102,42,63,87,10,5,299,74,1485,26000,224,483,266,110,82880,0,0,6,0,8,8,75,2,$                        							25000000000,$                        							3335624000,$                        							699947000000,$                        							81217000000,85,13425000,17,"4020                        						
							km","104000                        						
							km","1443000                        						
							bbl","428000                        						
							bbl","12200000000                        						
							bbl","100726000000                        						
							Cu.M","47963000000                        						
							Cu.M","4504000000000                        						
							Cu.M","0                        						
							Cu.M","167000                        						
							mt","233000000                        						
							Cu.M","2381740                        						
							km","998                        						
							km","6734                        						
							km","0                        						
							km",Nairobi,"5,119,000",26
Argentina,46994384,20677529,17575900,704916,108000,0,20000,239,23,11,52,71,13,2,94,0,342,21724,55,172,26,44,122128,0,0,2,3,0,6,13,0,$                        							928897000,$                        							178940000000,$                        							1235000000000,$                        							23081000000,756,21906000,37,"17866                        						
							km","281290                        						
							km","807000                        						
							bbl","706000                        						
							bbl","2483000000                        						
							bbl","43280000000                        						
							Cu.M","46228000000                        						
							Cu.M","396464000000                        						
							Cu.M","1318000                        						
							Cu.M","3391000                        						
							mt","799999000                        						
							Cu.M","2780400                        						
							km","4989                        						
							km","11968                        						
							km","11000                        						
							km",Brasilia,"4,804,000",33
Iraq,42083436,17675043,14308368,715418,193000,0,100000,391,26,36,15,139,17,0,197,39,1025,37288,434,610,572,68,,0,0,0,0,0,2,26,0,$                        							7923000000,$                        							45032500000,$                        							572939000000,$                        							112233000000,71,11812000,6,"2272                        						
							km","59623                        						
							km","4437000                        						
							bbl","918000                        						
							bbl","145019000000                        						
							bbl","9860000000                        						
							Cu.M","19298000000                        						
							Cu.M","3729000000000                        						
							Cu.M","0                        						
							Cu.M","0                        						
							mt","0                        						
							Cu.M","438317                        						
							km","58                        						
							km","3809                        						
							km","5279                        						
							km",Kabul,"4,435,000",43
Afghanistan,40121552,15647405,8826741,842553,0,0,80000,9,0,0,3,0,0,0,6,1,0,5202,0,0,0,0,,0,0,0,0,0,0,0,0,$                        							290000000,$                        							1142500000,$                        							54772700000,$                        							8852092000,67,8921000,0,"0                        						
							km","34903                        						
							km","0                        						
							bbl","2700                        						
							bbl","0                        						
							bbl","80200000                        						
							Cu.M","80200000                        						
							Cu.M","49554000000                        						
							Cu.M","4885000                        						
							Cu.M","1545000                        						
							mt","66000000                        						
							Cu.M","652230                        						
							km","0                        						
							km","5987                        						
							km","1200                        						
							km",Rome,"4,298,000",118
Canada,38794813,16681770,13500595,426743,68000,27000,5500,351,66,0,28,95,33,6,145,0,74,21704,0,0,0,73,119637,0,0,4,0,12,0,24,0,$                        							41000000000,$                        							2337375700000,$                        							2238000000000,$                        							117551000000,1425,22110000,284,"4942                        						
							km","1042300                        						
							km","5692000                        						
							bbl","2454000                        						
							bbl","170300000000                        						
							bbl","187686000000                        						
							Cu.M","130316000000                        						
							Cu.M","2067126000000                        						
							Cu.M","43024000                        						
							Cu.M","17138000                        						
							mt","6582000000                        						
							Cu.M","9984670                        						
							km","202080                        						
							km","8893                        						
							km","636                        						
							km",Yaounde,"4,164,000",28
Poland,38746310,18985692,15576017,464956,202100,350000,50000,479,59,44,49,105,11,0,216,29,614,23138,677,0,196,62,,0,0,1,0,2,2,3,26,$                        							48700000000,$                        							386947000000,$                        							1616000000000,$                        							193783000000,288,18387000,10,"19461                        						
							km","420000                        						
							km","24000                        						
							bbl","722000                        						
							bbl","113000000                        						
							bbl","5551000000                        						
							Cu.M","20056000000                        						
							Cu.M","91492000000                        						
							Cu.M","116682000                        						
							Cu.M","123782000                        						
							mt","28531000000                        						
							Cu.M","312685                        						
							km","440                        						
							km","2845                        						
							km","3997                        						
							km",Kampala,"3,846,000",21
Morocco,37387585,17946041,15254135,635589,195800,150000,50000,260,83,0,31,75,4,2,78,0,903,7877,396,153,129,111,,0,0,0,0,6,1,105,0,$                        							13400000000,$                        							45645000000,$                        							337480000000,$                        							36328000000,49,12284000,12,"2067                        						
							km","57300                        						
							km","25                        						
							bbl","318000                        						
							bbl","684000                        						
							bbl","82595000                        						
							Cu.M","243201000                        						
							Cu.M","1444000000                        						
							Cu.M","0                        						
							Cu.M","11940000                        						
							mt","96000000                        						
							Cu.M","715550                        						
							km","1835                        						
							km","2363                        						
							km","0                        						
							km",Abuja,"3,840,000",59
Angola,37202061,7440412,3720206,372021,107000,0,10000,298,71,12,31,66,2,0,116,15,309,5500,25,575,113,31,,0,0,0,0,0,0,29,0,$                        							1101360000,$                        							45774500000,$                        							265868000000,$                        							13942000000,106,15223000,21,"2761                        						
							km","26000                        						
							km","1175000                        						
							bbl","127000                        						
							bbl","7783000000                        						
							bbl","5514000000                        						
							Cu.M","1397000000                        						
							Cu.M","343002000000                        						
							Cu.M","0                        						
							Cu.M","0                        						
							mt","0                        						
							Cu.M","1246700                        						
							km","1600                        						
							km","5369                        						
							km","1300                        						
							km",Antananarivo,"3,700,000",56
Saudi Arabia,36544431,19003104,17468238,621255,257000,0,150000,917,283,81,49,202,16,22,264,34,840,19040,332,467,321,32,49727,0,0,0,0,7,9,9,3,$                        							74760000000,$                        							225610000000,$                        							1831000000000,$                        							457949000000,86,16934000,16,"5410                        						
							km","221372                        						
							km","11113000                        						
							bbl","3649000                        						
							bbl","258600000000                        						
							bbl","121870000000                        						
							Cu.M","121870000000                        						
							Cu.M","9423000000000                        						
							Cu.M","0                        						
							Cu.M","164000                        						
							mt","0                        						
							Cu.M","2149690                        						
							km","2640                        						
							km","4272                        						
							km","0                        						
							km",Berlin,"3,571,000",24
Uzbekistan,36520593,18990708,15959499,730412,48000,0,20000,192,58,13,13,7,0,0,101,34,340,2970,147,236,108,0,,0,0,0,0,0,0,0,0,$                        							2803500000,$                        							19652500000,$                        							319174000000,$                        							34558000000,74,14270000,0,"4642                        						
							km","86496                        						
							km","64000                        						
							bbl","91000                        						
							bbl","594000000                        						
							bbl","47500000000                        						
							Cu.M","43227000000                        						
							Cu.M","1841000000000                        						
							Cu.M","5356000                        						
							Cu.M","7396000                        						
							mt","1375000000                        						
							Cu.M","447400                        						
							km","420                        						
							km","6893                        						
							km","1100                        						
							km",Asuncion,"3,511,000",58
Ukraine,35661826,18187531,12731272,392280,900000,1200000,100000,324,70,36,24,73,3,0,136,39,1114,18920,658,615,279,89,28138,0,0,0,0,0,0,33,3,$                        							53700000000,$                        							132000000000,$                        							559981000000,$                        							40510000000,148,20312000,26,"21733                        						
							km","169694                        						
							km","3000                        						
							bbl","248000                        						
							bbl","395000000                        						
							bbl","18725000000                        						
							Cu.M","22856000000                        						
							Cu.M","1104000000000                        						
							Cu.M","4248000                        						
							Cu.M","10953000                        						
							mt","34375000000                        						
							Cu.M","603550                        						
							km","2782                        						
							km","5581                        						
							km","1672                        						
							km",Santo Domingo,"3,458,000",20
Ghana,34589092,14873310,9961658,622604,15500,0,0,19,0,0,2,5,2,0,10,0,0,1824,0,6,6,28,,0,0,0,0,0,0,27,0,$                        							308500000,$                        							22550000000,$                        							229639000000,$                        							3624000000,11,14887000,4,"947                        						
							km","65725                        						
							km","174000                        						
							bbl","110000                        						
							bbl","660000000                        						
							bbl","3192000000                        						
							Cu.M","3912000000                        						
							Cu.M","22653000000                        						
							Cu.M","0                        						
							Cu.M","85000                        						
							mt","0                        						
							Cu.M","238533                        						
							km","539                        						
							km","2420                        						
							km","1293                        						
							km",Dakar,"3,340,000",110
Malaysia,34564810,16245461,13480276,553037,113000,51600,100000,135,26,12,16,31,6,4,45,0,48,13506,0,196,36,100,67735,0,0,2,0,2,6,71,4,$                        							4800000000,$                        							247500000000,$                        							1152000000000,$                        							113438000000,102,17308000,35,"1851                        						
							km","144403                        						
							km","582000                        						
							bbl","717000                        						
							bbl","3600000000                        						
							bbl","75456000000                        						
							Cu.M","42499000000                        						
							Cu.M","1189000000000                        						
							Cu.M","3731000                        						
							Cu.M","35050000                        						
							mt","226000000                        						
							Cu.M","329847                        						
							km","4675                        						
							km","2742                        						
							km","7200                        						
							km",Sanaa,"3,292,000",42
Mozambique,33350954,14674420,7770772,533615,11200,0,3000,22,8,0,4,1,1,0,8,2,30,872,0,52,6,33,,0,0,0,0,0,0,33,0,$                        							412400000,$                        							12100000000,$                        							50631000000,$                        							3515000000,92,15191000,11,"4787                        						
							km","31083                        						
							km","0                        						
							bbl","40000                        						
							bbl","0                        						
							bbl","5388000000                        						
							Cu.M","1347000000                        						
							Cu.M","2832000000000                        						
							Cu.M","9015000                        						
							Cu.M","11000                        						
							mt","1792000000                        						
							Cu.M","799380                        						
							km","2470                        						
							km","4783                        						
							km","460                        						
							km",Kuwait,"3,239,000",89
Peru,32600249,15648120,12681497,619405,120000,385000,60000,256,15,22,38,72,12,0,111,16,240,6560,12,290,49,71,170344,0,0,4,0,7,8,13,0,$                        							3420000000,$                        							59400000000,$                        							517644000000,$                        							71394000000,166,18529000,20,"1855                        						
							km","18699                        						
							km","118000                        						
							bbl","210000                        						
							bbl","858890000                        						
							bbl","12270000000                        						
							Cu.M","7185000000                        						
							Cu.M","300159000000                        						
							Cu.M","153000                        						
							Cu.M","712000                        						
							mt","1567000000                        						
							Cu.M","1285216                        						
							km","2414                        						
							km","7062                        						
							km","8808                        						
							km",Lusaka,"3,181,000",49
Yemen,32140443,12213368,9031464,610668,66700,0,20000,84,27,12,2,15,0,0,30,7,0,550,0,15,10,33,,0,0,0,0,0,1,12,1,$                        							810375000,$                        							6343500000,$                        							67003300000,$                        							923361750,36,6883000,10,"0                        						
							km","71300                        						
							km","15000                        						
							bbl","60000                        						
							bbl","3000000000                        						
							bbl","189432000                        						
							Cu.M","189432000                        						
							Cu.M","478555000000                        						
							Cu.M","0                        						
							Cu.M","165000                        						
							mt","0                        						
							Cu.M","527968                        						
							km","1906                        						
							km","1601                        						
							km","0                        						
							km",Pyongyang,"3,158,000",85
Venezuela,31250306,15625153,12812625,625006,109000,8000,220000,229,30,0,49,75,3,1,88,10,172,8802,48,100,36,34,,0,0,1,0,1,0,25,0,$                        							4093120000,$                        							110330000000,$                        							295974800000,$                        							10095500000,502,11548000,31,"447                        						
							km","96189                        						
							km","761000                        						
							bbl","367000                        						
							bbl","303806000000                        						
							bbl","17696000000                        						
							Cu.M","17696000000                        						
							Cu.M","5674000000000                        						
							Cu.M","197000                        						
							Cu.M","82000                        						
							mt","730999000                        						
							Cu.M","912050                        						
							km","2800                        						
							km","5267                        						
							km","7100                        						
							km",Athens,"3,154,000",50
Nepal,31122387,15249970,11733140,778060,95000,0,15000,15,0,0,5,0,0,0,10,0,0,1108,0,14,0,0,,0,0,0,0,0,0,0,0,$                        							409100000,$                        							5838500000,$                        							144310000000,$                        							12456000000,51,8937000,0,"59                        						
							km","27990                        						
							km","0                        						
							bbl","62000                        						
							bbl","0                        						
							bbl","0                        						
							Cu.M","0                        						
							Cu.M","0                        						
							Cu.M","15000                        						
							Cu.M","1095000                        						
							mt","8000000                        						
							Cu.M","147181                        						
							km","0                        						
							km","3159                        						
							km","0                        						
							km",Ouagadougou,"3,056,000",126
Cameroon,30966105,10528476,6224187,495458,40000,0,12500,35,0,0,6,6,2,0,21,0,0,430,18,52,20,51,,0,0,0,0,0,0,51,0,$                        							554952283,$                        							9506000000,$                        							138925000000,$                        							5754093000,37,11965000,7,"987                        						
							km","77589                        						
							km","54000                        						
							bbl","40000                        						
							bbl","200000000                        						
							bbl","2595000000                        						
							Cu.M","877058000                        						
							Cu.M","135071000000                        						
							Cu.M","0                        						
							Cu.M","0                        						
							mt","0                        						
							Cu.M","475440                        						
							km","400                        						
							km","5018                        						
							km","0                        						
							km",Guatemala City,"3,036,000",93
Ivory Coast,29981758,12292521,7855221,569653,22000,0,5500,19,0,0,4,2,3,0,10,3,5,656,0,2,3,3,,0,0,0,0,0,0,3,0,$                        							669600935,$                        							19311500000,$                        							202758000000,$                        							7583484000,29,10954000,5,"660                        						
							km","81996                        						
							km","29000                        						
							bbl","60000                        						
							bbl","100000000                        						
							bbl","2635000000                        						
							Cu.M","2635000000                        						
							Cu.M","28317000000                        						
							Cu.M","0                        						
							Cu.M","0                        						
							mt","0                        						
							Cu.M","322463                        						
							km","515                        						
							km","3458                        						
							km","980                        						
							km",Lisbon,"3,001,000",102
Madagascar,29452714,11192031,7952233,559602,13500,0,8100,5,0,0,0,0,0,0,5,0,6,158,0,9,0,6,,0,0,0,0,0,0,4,0,$                        							112210000,$                        							3028500000,$                        							51255000000,$                        							2632000000,91,15830000,13,"836                        						
							km","31640                        						
							km","0                        						
							bbl","19000                        						
							bbl","0                        						
							bbl","0                        						
							Cu.M","0                        						
							Cu.M","0                        						
							Cu.M","0                        						
							Cu.M","511000                        						
							mt","150000000                        						
							Cu.M","587040                        						
							km","4828                        						
							km","0                        						
							km","600                        						
							km",Caracas,"2,972,000",130
Australia,26768598,11242811,9208398,294455,57350,32050,0,327,24,62,38,98,30,6,69,22,59,15648,0,48,0,44,185648,0,2,6,3,7,0,10,3,$                        							55700000000,$                        							3427504300000,$                        							1584000000000,$                        							61703000000,2180,14501000,66,"36064                        						
							km","873573                        						
							km","386000                        						
							bbl","1123000                        						
							bbl","2446000000                        						
							bbl","153783000000                        						
							Cu.M","50188000000                        						
							Cu.M","3228000000000                        						
							Cu.M","465865000                        						
							Cu.M","107624000                        						
							mt","150227000000                        						
							Cu.M","7741220                        						
							km","25760                        						
							km","0                        						
							km","2000                        						
							km",Kyiv,"2,884,000",18
Niger,26342784,7902835,5294900,447827,25000,0,5000,26,0,2,7,0,2,0,13,1,0,456,0,0,0,0,,0,0,0,0,0,0,0,0,$                        							336400000,$                        							3844000000,$                        							44561000000,$                        							1442772000,26,10237000,0,"0                        						
							km","18949                        						
							km","6000                        						
							bbl","13000                        						
							bbl","150000000                        						
							bbl","29509000                        						
							Cu.M","29858000                        						
							Cu.M","0                        						
							Cu.M","457000                        						
							Cu.M","457000                        						
							mt","90000000                        						
							Cu.M","1267000                        						
							km","0                        						
							km","5834                        						
							km","300                        						
							km",Algiers,"2,854,000",119
North Korea,26298666,9467520,5312331,420779,1320000,560000,100000,861,368,114,1,173,0,0,205,20,4344,18288,1300,700,1500,207,143304,0,0,13,0,2,4,155,1,$                        							4736000000,$                        							5500000000,$                        							72000000000,$                        							5500000000,83,15837000,10,"7435                        						
							km","25554                        						
							km","0                        						
							bbl","17000                        						
							bbl","0                        						
							bbl","0                        						
							Cu.M","0                        						
							Cu.M","0                        						
							Cu.M","21747000                        						
							Cu.M","21747000                        						
							mt","10600000000                        						
							Cu.M","120538                        						
							km","2495                        						
							km","1607                        						
							km","2250                        						
							km",Pretoria,"2,818,000",34
Syria,23865423,15273871,13245310,668232,170000,50000,50000,207,104,9,3,15,1,0,77,14,365,11148,90,641,204,27,,0,0,0,0,0,0,16,4,$                        							291850000,$                        							4309500000,$                        							55935900000,$                        							341962500,39,6315000,3,"2052                        						
							km","69873                        						
							km","75000                        						
							bbl","138000                        						
							bbl","2500000000                        						
							bbl","3085000000                        						
							Cu.M","3084000000                        						
							Cu.M","240693000000                        						
							Cu.M","0                        						
							Cu.M","47000                        						
							mt","0                        						
							Cu.M","187437                        						
							km","193                        						
							km","2363                        						
							km","900                        						
							km",Bamako,"2,817,000",64
Taiwan,23595274,12269542,1061787,306739,215000,2310000,55000,761,285,0,19,232,18,0,236,91,888,19921,488,1360,234,97,250414,0,0,4,4,22,7,37,14,$                        							19740000000,$                        							209000000000,$                        							1257300000000,$                        							492635000000,53,11498000,8,"1613                        						
							km","43206                        						
							km","800                        						
							bbl","1022000                        						
							bbl","2380000                        						
							bbl","63747000                        						
							Cu.M","21157000000                        						
							Cu.M","6230000000                        						
							Cu.M","5608000                        						
							Cu.M","66855000                        						
							mt","1000000                        						
							Cu.M","35980                        						
							km","1566                        						
							km","0                        						
							km","0                        						
							km",Taipei,"2,754,000",22
Burkina Faso,23042199,8525614,6060098,368675,12000,0,4500,25,0,3,2,0,2,0,18,5,0,491,0,8,9,0,,0,0,0,0,0,0,0,0,$                        							81280000,$                        							3145000000,$                        							57152000000,$                        							47138000,49,8577000,0,"622                        						
							km","15304                        						
							km","0                        						
							bbl","36000                        						
							bbl","0                        						
							bbl","0                        						
							Cu.M","0                        						
							Cu.M","0                        						
							Cu.M","0                        						
							Cu.M","0                        						
							mt","0                        						
							Cu.M","274200                        						
							km","0                        						
							km","3611                        						
							km","0                        						
							km",Brazzaville,"2,638,000",129
Mali,21990607,6817088,4288168,351850,40000,0,4800,43,9,12,7,4,1,0,10,8,10,570,0,10,20,0,,0,0,0,0,0,0,0,0,$                        							650386000,$                        							4057500000,$                        							57235000000,$                        							647800000,30,8277000,0,"593                        						
							km","139107                        						
							km","0                        						
							bbl","46000                        						
							bbl","0                        						
							bbl","0                        						
							Cu.M","0                        						
							Cu.M","0                        						
							Cu.M","0                        						
							Cu.M","0                        						
							mt","0                        						
							Cu.M","1240192                        						
							km","0                        						
							km","7908                        						
							km","1800                        						
							km",Mogadishu,"2,610,000",104
Sri Lanka,21982608,10551652,8551235,307757,346000,90000,0,85,5,0,14,8,3,0,55,9,44,3190,0,96,28,270,27136,0,0,0,0,5,0,59,0,$                        							1265400000,$                        							46409500000,$                        							287132000000,$                        							3450700000,18,8707000,6,"1562                        						
							km","114093                        						
							km","0                        						
							bbl","121000                        						
							bbl","0                        						
							bbl","0                        						
							Cu.M","0                        						
							Cu.M","0                        						
							Cu.M","0                        						
							Cu.M","2084000                        						
							mt","0                        						
							Cu.M","65610                        						
							km","1340                        						
							km","0                        						
							km","160                        						
							km",Accra,"2,605,000",69
Zambia,20799116,7279691,4139024,374384,15150,0,1200,77,0,0,13,34,0,0,32,0,35,424,12,30,25,0,,0,0,0,0,0,0,0,0,$                        							394240000,$                        							13200000000,$                        							76493000000,$                        							2861000000,119,7051000,0,"3126                        						
							km","67671                        						
							km","0                        						
							bbl","34000                        						
							bbl","0                        						
							bbl","0                        						
							Cu.M","0                        						
							Cu.M","0                        						
							Cu.M","831000                        						
							Cu.M","823000                        						
							mt","944999000                        						
							Cu.M","752618                        						
							km","0                        						
							km","6043                        						
							km","0                        						
							km",Tashkent,"2,603,000",109
Kazakhstan,20260006,9117003,6928922,283640,110000,135000,55000,198,63,25,19,26,0,0,65,12,350,7736,126,194,287,26,,0,0,0,0,0,0,23,2,$                        							2048700000,$                        							91321500000,$                        							705520000000,$                        							35965000000,132,9587000,0,"16636                        						
							km","96167                        						
							km","1955000                        						
							bbl","288000                        						
							bbl","30000000000                        						
							bbl","27011000000                        						
							Cu.M","22623000000                        						
							Cu.M","2407000000000                        						
							Cu.M","118195000                        						
							Cu.M","84852000                        						
							mt","25605000000                        						
							Cu.M","2724900                        						
							km","26                        						
							km","13364                        						
							km","43983                        						
							km",Damascus,"2,585,000",57
Chad,19093595,6873694,3856906,381872,33250,0,5000,40,0,7,7,8,2,0,16,3,90,3316,10,10,20,0,,0,0,0,0,0,0,0,0,$                        							381350000,$                        							2038000000,$                        							32446000000,$                        							211591000,42,5806000,0,"0                        						
							km","40000                        						
							km","124000                        						
							bbl","15000                        						
							bbl","1500000000                        						
							bbl","0                        						
							Cu.M","0                        						
							Cu.M","0                        						
							Cu.M","0                        						
							Cu.M","0                        						
							mt","0                        						
							Cu.M","1284000                        						
							km","0                        						
							km","6406                        						
							km","12400                        						
							km",Tunis,"2,475,000",84
Senegal,18847519,7162057,4089912,395798,17000,0,0,40,0,0,5,23,1,0,20,5,0,1740,0,20,6,4,,0,0,0,0,0,0,4,0,$                        							465150000,$                        							11326000000,$                        							77382000000,$                        							889295000,19,5257000,6,"906                        						
							km","16665                        						
							km","9000                        						
							bbl","55000                        						
							bbl","0                        						
							bbl","54646000                        						
							Cu.M","54498000                        						
							Cu.M","0                        						
							Cu.M","0                        						
							Cu.M","502000                        						
							mt","0                        						
							Cu.M","196722                        						
							km","531                        						
							km","2684                        						
							km","1000                        						
							km",Beirut,"2,433,000",125
Chile,18664652,8959033,7521855,298634,80000,40000,50000,277,45,0,32,92,21,5,87,0,386,8832,48,249,8,130,176065,0,0,4,0,8,0,40,0,$                        							5032500000,$                        							214500000000,$                        							579201000000,$                        							46377000000,374,9848000,39,"7282                        						
							km","77801                        						
							km","11000                        						
							bbl","405000                        						
							bbl","150000000                        						
							bbl","1200000000                        						
							Cu.M","6916000000                        						
							Cu.M","97976000000                        						
							Cu.M","499000                        						
							Cu.M","8637000                        						
							mt","1181000000                        						
							Cu.M","756102                        						
							km","6435                        						
							km","7801                        						
							km","12290                        						
							km",Baku,"2,401,000",47
Ecuador,18309984,8422593,6738074,329580,41250,118000,1500,102,0,0,20,34,8,0,46,0,54,5204,5,106,24,30,,0,0,2,0,2,6,5,0,$                        							2376000000,$                        							44898000000,$                        							260213000000,$                        							4442000000,310,8893000,6,"965                        						
							km","43950                        						
							km","480000                        						
							bbl","225000                        						
							bbl","8273000000                        						
							bbl","309778000                        						
							Cu.M","309778000                        						
							Cu.M","10902000000                        						
							Cu.M","0                        						
							Cu.M","21000                        						
							mt","24000000                        						
							Cu.M","283560                        						
							km","2237                        						
							km","2237                        						
							km","1500                        						
							km",Phnom Penh,"2,211,000",65
Guatemala,18255216,7484639,6279794,182552,106114,90000,35000,36,0,4,10,0,0,0,21,0,5,688,0,50,0,25,,0,0,0,0,0,0,20,0,$                        							408635000,$                        							27500000000,$                        							223183000000,$                        							21311000000,58,7258000,3,"800                        						
							km","17440                        						
							km","6000                        						
							bbl","115000                        						
							bbl","86110000                        						
							bbl","3276000                        						
							Cu.M","2986000                        						
							Cu.M","0                        						
							Cu.M","0                        						
							Cu.M","1296000                        						
							mt","0                        						
							Cu.M","108889                        						
							km","400                        						
							km","1667                        						
							km","990                        						
							km",Amman,"2,210,000",103
Romania,18148155,9437041,7731114,199630,81300,55000,15000,140,21,0,14,44,2,0,65,0,328,10774,0,720,243,20,,0,0,0,0,3,7,3,5,$                        							9700000000,$                        							132000000000,$                        							772107000000,$                        							73000000000,82,8282000,11,"10628                        						
							km","84185                        						
							km","67000                        						
							bbl","221000                        						
							bbl","600000000                        						
							bbl","9501000000                        						
							Cu.M","10055000000                        						
							Cu.M","105480000000                        						
							Cu.M","18160000                        						
							Cu.M","19404000                        						
							mt","291000000                        						
							Cu.M","238391                        						
							km","225                        						
							km","2844                        						
							km","1731                        						
							km",Havana,"2,146,000",51
Netherlands,17772378,7997570,6486918,195496,41380,6765,5000,120,32,0,4,21,0,0,63,12,18,2755,46,0,2,64,124962,0,0,3,0,6,0,4,4,$                        							27000000000,$                        							4779954300000,$                        							1240000000000,$                        							69830000000,45,9999000,18,"3055                        						
							km","139124                        						
							km","70000                        						
							bbl","872000                        						
							bbl","137747000                        						
							bbl","17774000000                        						
							Cu.M","33243000000                        						
							Cu.M","132608000000                        						
							Cu.M","1825000                        						
							Cu.M","10610000                        						
							mt","3247000000                        						
							Cu.M","41543                        						
							km","451                        						
							km","1053                        						
							km","6237                        						
							km",Brussels,"2,110,000",36
Zimbabwe,17150352,6517134,3721626,360157,29000,0,21800,95,13,0,14,40,0,0,28,6,15,828,0,0,0,0,,0,0,0,0,0,0,0,0,$                        							530800000,$                        							11000000000,$                        							58583000000,$                        							115530000,144,6561000,0,"3427                        						
							km","97267                        						
							km","800                        						
							bbl","29000                        						
							bbl","0                        						
							bbl","0                        						
							Cu.M","0                        						
							Cu.M","0                        						
							Cu.M","3877000                        						
							Cu.M","4479000                        						
							mt","502000000                        						
							Cu.M","390757                        						
							km","0                        						
							km","3229                        						
							km","0                        						
							km",Minsk,"2,049,000",111
Cambodia,17063669,8190561,5733393,307146,221000,0,10000,25,0,0,4,0,0,0,21,0,644,3627,30,430,463,20,,0,0,0,0,0,0,20,0,$                        							860000000,$                        							13200000000,$                        							85900000000,$                        							17801000000,13,9175000,2,"642                        						
							km","47263                        						
							km","0                        						
							bbl","73000                        						
							bbl","0                        						
							bbl","0                        						
							Cu.M","0                        						
							Cu.M","0                        						
							Cu.M","113000                        						
							Cu.M","2215000                        						
							mt","0                        						
							Cu.M","181035                        						
							km","443                        						
							km","2530                        						
							km","3700                        						
							km",Panama City,"1,977,000",95
Benin,14697052,5584880,3189260,308638,4750,0,0,5,0,0,0,0,0,0,5,0,0,92,0,16,0,2,,0,0,0,0,0,0,2,0,$                        							98350000,$                        							4066500000,$                        							52510000000,$                        							698900000,10,4964000,1,"438                        						
							km","16000                        						
							km","0                        						
							bbl","46000                        						
							bbl","8000000                        						
							bbl","0                        						
							Cu.M","182131000                        						
							Cu.M","1133000000                        						
							Cu.M","0                        						
							Cu.M","45000                        						
							mt","0                        						
							Cu.M","112622                        						
							km","121                        						
							km","2123                        						
							km","150                        						
							km",Vienna,"1,960,000",144
Somalia,13017273,2993973,1796384,130173,15000,0,2000,0,0,0,0,0,0,0,0,0,0,682,0,0,0,10,,0,0,0,0,0,0,10,0,$                        							171002350,$                        							5830000000,$                        							26351000000,$                        							16747500,38,3277000,6,"0                        						
							km","15000                        						
							km","0                        						
							bbl","6000                        						
							bbl","0                        						
							bbl","0                        						
							Cu.M","0                        						
							Cu.M","5663000000                        						
							Cu.M","0                        						
							Cu.M","0                        						
							mt","0                        						
							Cu.M","637657                        						
							km","3025                        						
							km","2385                        						
							km","0                        						
							km",Rabat,"1,959,000",142
South Sudan,12703714,6351857,4065188,330297,185000,0,0,20,0,0,5,0,0,0,15,6,30,1950,24,0,15,0,,0,0,0,0,0,0,0,0,$                        							175300000,$                        							2475000000,$                        							20010000000,$                        							183615000,82,4471000,0,"248                        						
							km","90200                        						
							km","146000                        						
							bbl","14000                        						
							bbl","3750000000                        						
							bbl","0                        						
							Cu.M","0                        						
							Cu.M","0                        						
							Cu.M","0                        						
							Cu.M","0                        						
							mt","0                        						
							Cu.M","644329                        						
							km","0                        						
							km","6018                        						
							km","0                        						
							km",Quito,"1,928,000",113
Bolivia,12311974,5417269,4112199,233928,40000,40000,0,64,0,0,15,19,0,0,33,0,54,890,0,106,0,67,,0,0,0,0,0,0,50,0,$                        							550200000,$                        							11431000000,$                        							119785000000,$                        							1800000000,200,6114000,0,"3690                        						
							km","90568                        						
							km","58000                        						
							bbl","87000                        						
							bbl","240900000                        						
							bbl","13760000000                        						
							Cu.M","3055000000                        						
							Cu.M","302990000000                        						
							Cu.M","0                        						
							Cu.M","9000                        						
							mt","1000000                        						
							Cu.M","1098581                        						
							km","0                        						
							km","7252                        						
							km","10000                        						
							km",La Paz,"1,908,000",80
Tunisia,12048847,6024424,5181004,204830,89800,0,12000,154,10,0,11,28,4,0,101,0,90,7913,0,85,0,58,,0,0,0,0,0,0,51,0,$                        							1400000000,$                        							27084500000,$                        							153637000000,$                        							9240000000,14,4445000,16,"2173                        						
							km","20000                        						
							km","35000                        						
							bbl","108000                        						
							bbl","425000000                        						
							bbl","1323000000                        						
							Cu.M","5153000000                        						
							Cu.M","65129000000                        						
							Cu.M","0                        						
							Cu.M","2000                        						
							mt","0                        						
							Cu.M","163610                        						
							km","1148                        						
							km","1495                        						
							km","0                        						
							km",Warsaw,"1,798,000",90
Belgium,11977634,4910830,3880753,119776,25000,6400,0,108,43,0,7,38,0,0,20,0,0,4606,0,0,0,9,10190,0,0,0,0,2,0,2,5,$                        							10200000000,$                        							1449264300000,$                        							751592000000,$                        							40813000000,49,5432000,7,"3602                        						
							km","118414                        						
							km","11000                        						
							bbl","585000                        						
							bbl","0                        						
							bbl","13436000                        						
							Cu.M","15347000000                        						
							Cu.M","0                        						
							Cu.M","1270000                        						
							Cu.M","4869000                        						
							mt","4100000000                        						
							Cu.M","30528                        						
							km","67                        						
							km","1297                        						
							km","2043                        						
							km",Bucharest,"1,776,000",61
Jordan,11174024,3463947,2983464,145262,100500,65000,35000,274,44,6,13,66,13,0,155,44,1458,16624,358,80,56,27,,0,0,0,0,0,0,27,0,$                        							2500000000,$                        							25646500000,$                        							106806000000,$                        							15715600000,17,3063000,1,"509                        						
							km","7203                        						
							km","20                        						
							bbl","97000                        						
							bbl","1000000                        						
							bbl","187262000                        						
							Cu.M","4382000000                        						
							Cu.M","6031000000                        						
							Cu.M","0                        						
							Cu.M","479000                        						
							mt","0                        						
							Cu.M","89342                        						
							km","26                        						
							km","1744                        						
							km","0                        						
							km",Budapest,"1,775,000",75
Cuba,10966038,5921661,4737328,142558,45500,40000,1145000,31,11,0,4,3,0,0,13,4,113,6864,60,130,15,19,,0,0,0,0,1,1,6,4,$                        							4508784000,$                        							33066000000,$                        							141400000000,$                        							10442000000,123,5317000,34,"8367                        						
							km","60000                        						
							km","34000                        						
							bbl","165000                        						
							bbl","124000000                        						
							bbl","659434000                        						
							Cu.M","659434000                        						
							Cu.M","70792000000                        						
							Cu.M","0                        						
							Cu.M","2000                        						
							mt","0                        						
							Cu.M","110860                        						
							km","3735                        						
							km","29                        						
							km","240                        						
							km",Montevideo,"1,774,000",67
Czechia,10837890,5093808,4129236,97541,28000,4200,0,99,12,16,10,17,2,0,42,4,43,6340,50,0,16,0,,0,0,0,0,0,0,0,0,$                        							6750000000,$                        							211200000000,$                        							519007000000,$                        							148379000000,243,5502000,0,"9548                        						
							km","55744                        						
							km","4000                        						
							bbl","211000                        						
							bbl","15000000                        						
							bbl","224725000                        						
							Cu.M","7602000000                        						
							Cu.M","3964000000                        						
							Cu.M","37423000                        						
							Cu.M","40239000                        						
							mt","3595000000                        						
							Cu.M","78867                        						
							km","0                        						
							km","2046                        						
							km","664                        						
							km",Stockholm,"1,700,000",53
Dominican Republic,10815857,4975294,4034315,97343,50000,0,30000,79,0,8,11,17,1,0,50,0,5,540,0,11,0,34,,0,0,0,0,0,0,14,0,$                        							810800000,$                        							27500000000,$                        							261616000000,$                        							15547000000,32,5302000,17,"496                        						
							km","19705                        						
							km","0                        						
							bbl","134000                        						
							bbl","0                        						
							bbl","0                        						
							Cu.M","2440000000                        						
							Cu.M","0                        						
							Cu.M","0                        						
							Cu.M","2188000                        						
							mt","0                        						
							Cu.M","48320                        						
							km","1288                        						
							km","376                        						
							km","0                        						
							km",Ulaanbaatar,"1,673,000",124
Azerbaijan,10650239,5218617,3908638,159754,126400,300000,15000,154,12,18,3,35,0,0,86,16,497,7642,198,650,268,38,,0,0,4,0,0,0,17,4,$                        							5000000000,$                        							16159500000,$                        							215896000000,$                        							13749000000,32,5473000,0,"2944                        						
							km","24981                        						
							km","618000                        						
							bbl","105000                        						
							bbl","7000000000                        						
							bbl","34175000000                        						
							Cu.M","11759000000                        						
							Cu.M","1699000000000                        						
							Cu.M","0                        						
							Cu.M","60000                        						
							mt","0                        						
							Cu.M","86600                        						
							km","713                        						
							km","2468                        						
							km","0                        						
							km",Muscat,"1,650,000",60
Portugal,10639726,5319863,4096295,127677,24000,211700,24700,115,28,0,19,23,14,3,31,0,34,10828,24,115,0,194,38657,0,0,2,0,5,2,20,0,$                        							4627000000,$                        							399395000000,$                        							529901000000,$                        							53710000000,136,5140900,18,"3622                        						
							km","136635                        						
							km","12932                        						
							bbl","191000                        						
							bbl","22440000                        						
							bbl","0                        						
							Cu.M","4500000000                        						
							Cu.M","72000000000                        						
							Cu.M","0                        						
							Cu.M","0                        						
							mt","40000000                        						
							Cu.M","92090                        						
							km","1793                        						
							km","1224                        						
							km","764                        						
							km",Monrovia,"1,623,000",39
Sweden,10589835,4235934,3558185,105898,24400,32900,25000,169,71,0,6,33,5,1,53,0,110,6795,26,0,0,308,31673,0,0,4,0,0,7,179,8,$                        							13000000000,$                        							1002448700000,$                        							676353000000,$                        							60863000000,203,5825000,92,"10910                        						
							km","573134                        						
							km","11000                        						
							bbl","283000                        						
							bbl","0                        						
							bbl","0                        						
							Cu.M","889924000                        						
							Cu.M","0                        						
							Cu.M","1115000                        						
							Cu.M","3396000                        						
							mt","5000000                        						
							Cu.M","450295                        						
							km","3218                        						
							km","2211                        						
							km","2052                        						
							km",Harare,"1,578,000",27
Greece,10461091,4916713,3985676,104611,142700,221350,55000,558,178,0,15,81,8,0,293,29,1344,61888,589,698,152,192,216348,0,0,10,0,13,0,39,7,$                        							6500000000,$                        							550000000000,$                        							375780000000,$                        							13608000000,81,4645000,57,"2345                        						
							km","117000                        						
							km","5000                        						
							bbl","303000                        						
							bbl","10000000                        						
							bbl","3284000                        						
							Cu.M","5173000000                        						
							Cu.M","991090000                        						
							Cu.M","13703000                        						
							Cu.M","13988000                        						
							mt","2876000000                        						
							Cu.M","131957                        						
							km","13676                        						
							km","1110                        						
							km","6                        						
							km",Kathmandu,"1,571,000",30
Tajikistan,10394063,4781269,3773045,176699,9500,600000,20000,25,0,0,1,4,0,0,20,6,38,1240,3,13,20,0,,0,0,0,0,0,0,0,0,$                        							446000000,$                        							7150000000,$                        							46467000000,$                        							2748900000,19,2677000,0,"680                        						
							km","30000                        						
							km","300                        						
							bbl","28000                        						
							bbl","12000000                        						
							bbl","18476000                        						
							Cu.M","85567000                        						
							Cu.M","5663000000                        						
							Cu.M","2175000                        						
							Cu.M","2245000                        						
							mt","4075000000                        						
							Cu.M","144100                        						
							km","0                        						
							km","4130                        						
							km","200                        						
							km",Abu Dhabi,"1,567,000",108
United Arab Emirates,10032213,5818684,4945881,80258,65000,130000,12000,551,99,16,37,147,27,4,247,30,354,8707,165,99,49,181,44188,0,0,0,0,0,11,34,2,$                        							2212360382,$                        							264000000000,$                        							719733000000,$                        							189491000000,42,6668000,20,"0                        						
							km","4080                        						
							km","4146000                        						
							bbl","939000                        						
							bbl","97800000000                        						
							bbl","56683000000                        						
							Cu.M","66091000000                        						
							Cu.M","6091000000                        						
							Cu.M","0                        						
							Cu.M","3273000                        						
							mt","0                        						
							Cu.M","83600                        						
							km","1318                        						
							km","1066                        						
							km","0                        						
							km",N Djamena,"1,533,000",54
Hungary,9855745,4632200,3794462,118269,41600,20000,15000,69,12,0,3,12,0,0,44,8,209,7797,24,295,0,0,,0,0,0,0,0,0,0,0,$                        							4576000000,$                        							137500000000,$                        							388906000000,$                        							45719000000,109,5006000,0,"7687                        						
							km","203601                        						
							km","36000                        						
							bbl","175000                        						
							bbl","12100000                        						
							bbl","1523000000                        						
							Cu.M","9485000000                        						
							Cu.M","3738000000                        						
							Cu.M","5450000                        						
							Cu.M","6180000                        						
							mt","2909000000                        						
							Cu.M","103000                        						
							km","0                        						
							km","2106                        						
							km","1622                        						
							km",Tegucigalpa,"1,527,000",55
Honduras,9529188,4192843,3144632,95292,52225,60000,23000,40,4,7,10,10,1,0,8,0,11,614,0,32,0,98,,0,0,0,0,0,0,93,0,$                        							413635000,$                        							8805500000,$                        							68854000000,$                        							7543000000,129,4676000,8,"699                        						
							km","14742                        						
							km","20                        						
							bbl","67000                        						
							bbl","0                        						
							bbl","0                        						
							Cu.M","0                        						
							Cu.M","0                        						
							Cu.M","0                        						
							Cu.M","190000                        						
							mt","0                        						
							Cu.M","112090                        						
							km","832                        						
							km","1575                        						
							km","465                        						
							km",Nouakchott,"1,492,000",101
Belarus,9501451,5035769,3724569,104516,63000,145000,55000,185,36,50,4,27,0,0,68,29,507,6916,357,215,206,0,,0,0,0,0,0,0,0,0,$                        							1077900000,$                        							44000000000,$                        							254407000000,$                        							8118000000,46,4956000,0,"5528                        						
							km","86600                        						
							km","30000                        						
							bbl","131000                        						
							bbl","198000000                        						
							bbl","73929000                        						
							Cu.M","16683000000                        						
							Cu.M","2832000000                        						
							Cu.M","0                        						
							Cu.M","778000                        						
							mt","0                        						
							Cu.M","207600                        						
							km","0                        						
							km","3599                        						
							km","2500                        						
							km",Niamey,"1,437,000",70
Israel,9402617,3949099,3281513,131637,170000,465000,35000,611,240,38,13,159,19,14,147,48,1300,35985,352,171,183,62,38238,0,0,5,0,0,7,46,0,$                        							30500000000,$                        							148500000000,$                        							471030000000,$                        							204661000000,37,4554000,5,"1497                        						
							km","20391                        						
							km","15000                        						
							bbl","230000                        						
							bbl","12730000                        						
							bbl","22886000000                        						
							Cu.M","11510000000                        						
							Cu.M","176018000000                        						
							Cu.M","0                        						
							Cu.M","6476000                        						
							mt","0                        						
							Cu.M","21937                        						
							km","273                        						
							km","1068                        						
							km","0                        						
							km",Ottawa,"1,423,000",15
Sierra Leone,9121049,2006631,1203978,45605,13000,0,0,1,0,0,0,0,0,0,1,0,0,150,0,0,0,7,,0,0,0,0,0,0,7,0,$                        							228600000,$                        							2687000000,$                        							14633000000,$                        							495699000,8,2913000,3,"0                        						
							km","11701                        						
							km","0                        						
							bbl","9000                        						
							bbl","0                        						
							bbl","0                        						
							Cu.M","0                        						
							Cu.M","0                        						
							Cu.M","0                        						
							Cu.M","0                        						
							mt","0                        						
							Cu.M","71740                        						
							km","402                        						
							km","1093                        						
							km","800                        						
							km",Belgrade,"1,408,000",140
Austria,8967982,4035592,3632033,98648,16000,125600,0,85,15,0,11,18,0,0,41,0,56,7322,30,0,0,0,,0,0,0,0,0,0,0,0,$                        							5475750000,$                        							630000000000,$                        							590354000000,$                        							31212000000,61,4825000,0,"6123                        						
							km","137039                        						
							km","18000                        						
							bbl","245000                        						
							bbl","35200000                        						
							bbl","618209000                        						
							Cu.M","8136000000                        						
							Cu.M","5040000000                        						
							Cu.M","1271000                        						
							Cu.M","5026000                        						
							mt","0                        						
							Cu.M","83871                        						
							km","0                        						
							km","2524                        						
							km","358                        						
							km",Copenhagen,"1,370,000",68
Switzerland,8860574,3898653,3163225,97466,101584,49715,5000,146,43,0,16,44,3,0,40,0,205,6996,133,0,0,0,,0,0,0,0,0,0,0,0,$                        							25039000000,$                        							2200000000000,$                        							733779000000,$                        							863892000000,62,4991000,0,"5296                        						
							km","71557                        						
							km","300                        						
							bbl","193000                        						
							bbl","0                        						
							bbl","0                        						
							Cu.M","3138000000                        						
							Cu.M","0                        						
							Cu.M","0                        						
							Cu.M","161000                        						
							mt","0                        						
							Cu.M","41277                        						
							km","0                        						
							km","1770                        						
							km","1292                        						
							km",Helsinki,"1,328,000",44
Laos,7953556,3499565,2521277,159071,100000,30000,120000,33,0,0,2,8,0,0,23,0,160,4380,40,87,64,36,,0,0,0,0,0,0,36,0,$                        							135000000,$                        							16500000000,$                        							64173000000,$                        							1770000000,18,3174000,0,"422                        						
							km","39568                        						
							km","0                        						
							bbl","24000                        						
							bbl","0                        						
							bbl","0                        						
							Cu.M","0                        						
							Cu.M","0                        						
							Cu.M","14845000                        						
							Cu.M","13691000                        						
							mt","62000000                        						
							Cu.M","236800                        						
							km","0                        						
							km","5274                        						
							km","4600                        						
							km",Prague,"1,318,000",106
Paraguay,7522549,3535598,3001497,150451,15650,168500,15000,39,0,0,11,13,1,0,14,0,0,1108,0,25,0,72,,0,0,0,0,0,0,63,0,$                        							17595000000,$                        							14370000000,$                        							108022000000,$                        							9886000000,83,3469000,1,"30                        						
							km","78811                        						
							km","2000                        						
							bbl","57000                        						
							bbl","0                        						
							bbl","0                        						
							Cu.M","0                        						
							Cu.M","0                        						
							Cu.M","0                        						
							Cu.M","1000                        						
							mt","0                        						
							Cu.M","406752                        						
							km","0                        						
							km","4655                        						
							km","3100                        						
							km",Freetown,"1,309,000",87
Libya,7361263,3827857,3290485,125141,32000,0,100000,143,10,1,6,38,0,0,16,4,43,1816,15,28,25,5,,0,0,0,0,0,1,1,1,$                        							3060000000,$                        							3322000000,$                        							121951000000,$                        							92427000000,66,2398000,14,"2000                        						
							km","37000                        						
							km","1245000                        						
							bbl","230000                        						
							bbl","48363000000                        						
							bbl","11832000000                        						
							Cu.M","9212000000                        						
							Cu.M","1505000000000                        						
							Cu.M","0                        						
							Cu.M","0                        						
							mt","0                        						
							Cu.M","1759540                        						
							km","1770                        						
							km","4339                        						
							km","0                        						
							km",Sofia,"1,287,000",76
Bulgaria,6782659,3187850,2611324,61044,37000,3000,0,65,10,5,6,21,0,0,27,4,90,4914,48,24,24,36,,0,0,0,0,4,3,0,10,$                        							1373232000,$                        							27138500000,$                        							214061000000,$                        							46334000000,111,3103000,2,"4029                        						
							km","19512                        						
							km","4000                        						
							bbl","101000                        						
							bbl","15000000                        						
							bbl","20837000                        						
							Cu.M","2801000000                        						
							Cu.M","5663000000                        						
							Cu.M","35516000                        						
							Cu.M","35970000                        						
							mt","2366000000                        						
							Cu.M","110880                        						
							km","354                        						
							km","1806                        						
							km","470                        						
							km",Dublin,"1,256,000",62
Nicaragua,6676948,3271705,2777610,146893,45000,0,5500,17,0,0,5,1,0,0,11,0,89,1869,0,0,0,23,,0,0,0,0,0,0,23,0,$                        							92000000,$                        							9053000000,$                        							51088000000,$                        							5447000000,39,3264000,5,"0                        						
							km","23897                        						
							km","200                        						
							bbl","36000                        						
							bbl","0                        						
							bbl","0                        						
							Cu.M","0                        						
							Cu.M","0                        						
							Cu.M","0                        						
							Cu.M","0                        						
							mt","0                        						
							Cu.M","130370                        						
							km","910                        						
							km","1253                        						
							km","2220                        						
							km",Nur-Sultan,"1,254,000",131
Serbia,6652212,3259584,2574406,79827,25000,2000,600000,110,11,17,3,33,0,0,46,4,262,3683,90,150,98,20,,0,0,0,0,0,0,7,5,$                        							2287461000,$                        							35200000000,$                        							162213000000,$                        							27569000000,43,3333000,0,"3333                        						
							km","44248                        						
							km","13000                        						
							bbl","82000                        						
							bbl","77500000                        						
							bbl","353376000                        						
							Cu.M","2939000000                        						
							Cu.M","48139000000                        						
							Cu.M","35129000                        						
							Cu.M","38297000                        						
							mt","7514000000                        						
							Cu.M","77474                        						
							km","0                        						
							km","2322                        						
							km","587                        						
							km",Islamabad,"1,232,000",63
El Salvador,6628702,3181777,2512278,145831,25000,10000,15000,52,0,15,4,10,0,0,30,0,0,1844,0,76,0,14,,0,0,0,0,0,0,10,0,$                        							334620000,$                        							14258000000,$                        							71957000000,$                        							3799434000,27,2870000,3,"13                        						
							km","9012                        						
							km","3                        						
							bbl","58000                        						
							bbl","0                        						
							bbl","0                        						
							Cu.M","226472                        						
							Cu.M","0                        						
							Cu.M","0                        						
							Cu.M","500                        						
							mt","0                        						
							Cu.M","21041                        						
							km","307                        						
							km","590                        						
							km","422                        						
							km",Tripoli,"1,176,000",128
Eritrea,6343956,2220385,1598677,76127,120000,130000,0,20,1,0,5,1,0,0,13,6,65,860,23,75,22,23,,0,0,0,0,0,0,18,0,$                        							198000000,$                        							635504500,$                        							9702000000,$                        							225014976,10,1800000,2,"306                        						
							km","16000                        						
							km","0                        						
							bbl","4000                        						
							bbl","0                        						
							bbl","0                        						
							Cu.M","0                        						
							Cu.M","0                        						
							Cu.M","0                        						
							Cu.M","0                        						
							mt","0                        						
							Cu.M","117600                        						
							km","2234                        						
							km","1840                        						
							km","0                        						
							km",Amsterdam,"1,174,000",120
Kyrgyzstan,6172101,3147772,2487357,117270,23000,300000,55000,7,0,0,0,0,0,0,7,2,215,2686,30,169,21,0,,0,0,0,0,0,0,0,0,$                        							221800000,$                        							6728500000,$                        							45461000000,$                        							3237000000,28,3069000,0,"424                        						
							km","34000                        						
							km","6000                        						
							bbl","31000                        						
							bbl","40000000                        						
							bbl","31026000                        						
							Cu.M","438000000                        						
							Cu.M","5663000000                        						
							Cu.M","3637000                        						
							Cu.M","3352000                        						
							mt","28499000000                        						
							Cu.M","199951                        						
							km","0                        						
							km","4573                        						
							km","576                        						
							km",Maputo,"1,163,000",105
Republic of the Congo,6097665,2256136,1353682,115856,8500,0,2500,13,2,0,4,0,0,0,7,1,30,644,2,38,30,4,,0,0,0,0,0,0,0,0,$                        							306400000,$                        							5741000000,$                        							38163000000,$                        							715391000,56,2461000,5,"510                        						
							km","23324                        						
							km","267000                        						
							bbl","12000                        						
							bbl","2885000000                        						
							bbl","423000000                        						
							Cu.M","423000000                        						
							Cu.M","283990000000                        						
							Cu.M","0                        						
							Cu.M","0                        						
							mt","0                        						
							Cu.M","342000                        						
							km","169                        						
							km","5008                        						
							km","1120                        						
							km",San Salvador,"1,111,000",121
Singapore,6028459,3918498,2628408,66313,51000,252500,12000,230,100,0,9,36,9,11,70,18,170,8998,48,89,24,50,81340,0,0,6,0,6,6,12,4,$                        							15000000000,$                        							1713410600000,$                        							754758000000,$                        							359835000000,9,3619000,5,"0                        						
							km","3500                        						
							km","0                        						
							bbl","1470000                        						
							bbl","0                        						
							bbl","0                        						
							Cu.M","13724000000                        						
							Cu.M","0                        						
							Cu.M","0                        						
							Cu.M","784000                        						
							mt","0                        						
							Cu.M","719                        						
							km","193                        						
							km","0                        						
							km","0                        						
							km",Managua,"1,095,000",29
Denmark,5973136,2628180,2126436,77651,20000,12000,51000,117,31,4,4,41,3,0,34,0,44,3856,19,0,8,50,121180,0,0,0,0,9,0,9,6,$                        							7225466250,$                        							555500000000,$                        							428385000000,$                        							109371000000,99,3180000,69,"2682                        						
							km","74558                        						
							km","63000                        						
							bbl","152000                        						
							bbl","441000000                        						
							bbl","1879000000                        						
							Cu.M","2208000000                        						
							Cu.M","29534000000                        						
							Cu.M","0                        						
							Cu.M","1788000                        						
							mt","0                        						
							Cu.M","43094                        						
							km","7314                        						
							km","140                        						
							km","400                        						
							km",Yerevan,"1,092,000",45
Turkmenistan,5744151,2768681,2245963,109139,36500,0,3500,91,24,27,5,9,0,0,26,10,654,5016,73,450,164,16,,0,0,0,0,0,0,16,0,$                        							1078020000,$                        							2134500000,$                        							94790000000,$                        							23415400000,23,2163000,0,"5113                        						
							km","58592                        						
							km","272000                        						
							bbl","152000                        						
							bbl","600000000                        						
							bbl","86472000000                        						
							Cu.M","41561000000                        						
							Cu.M","11327000000000                        						
							Cu.M","0                        						
							Cu.M","0                        						
							mt","800000000                        						
							Cu.M","488100                        						
							km","1768                        						
							km","4158                        						
							km","1300                        						
							km",Oslo,"1,086,000",77
Central African Republic,5650957,2203873,1254512,101717,10000,0,1000,6,0,6,0,0,0,0,0,0,0,228,0,0,0,0,,0,0,0,0,0,0,0,0,$                        							45990000,$                        							666293000,$                        							5849000000,$                        							374405000,43,2114000,0,"0                        						
							km","24000                        						
							km","0                        						
							bbl","2000                        						
							bbl","0                        						
							bbl","0                        						
							Cu.M","0                        						
							Cu.M","0                        						
							Cu.M","0                        						
							Cu.M","0                        						
							mt","3000000                        						
							Cu.M","622984                        						
							km","0                        						
							km","5920                        						
							km","2800                        						
							km",Bishkek,"1,082,000",143
Finland,5626414,2306830,1912981,56264,24000,870000,53800,163,54,0,11,77,1,0,27,0,200,11704,107,667,76,264,19434,0,0,0,0,0,0,8,18,$                        							6779661000,$                        							660000000000,$                        							321126000000,$                        							16929000000,98,2880000,37,"5918                        						
							km","454000                        						
							km","8000                        						
							bbl","175000                        						
							bbl","0                        						
							bbl","0                        						
							Cu.M","1157000000                        						
							Cu.M","0                        						
							Cu.M","808000                        						
							Cu.M","4141000                        						
							mt","0                        						
							Cu.M","338145                        						
							km","1250                        						
							km","2563                        						
							km","8000                        						
							km",Tblisi,"1,080,000",48
Slovakia,5563649,2837461,2353424,61200,19500,0,0,41,2,0,7,9,1,0,22,0,45,3074,35,9,25,0,,0,0,0,0,0,0,0,0,$                        							2656000000,$                        							127600000000,$                        							213053000000,$                        							11288000000,114,2823000,0,"3627                        						
							km","56926                        						
							km","7000                        						
							bbl","94000                        						
							bbl","9000000                        						
							bbl","52556000                        						
							Cu.M","60424000                        						
							Cu.M","14158000000                        						
							Cu.M","2343000                        						
							Cu.M","5794000                        						
							mt","19000000                        						
							Cu.M","49035                        						
							km","0                        						
							km","1587                        						
							km","172                        						
							km",Asmara,"1,035,000",71
Norway,5509733,2203893,1807192,71627,23250,0,40000,97,0,32,4,23,5,0,33,0,44,6552,42,0,0,43,65692,0,0,6,0,4,6,18,5,$                        							9710000000,$                        							716144000000,$                        							499528000000,$                        							80459000000,145,3009000,141,"3848                        						
							km","94902                        						
							km","2020000                        						
							bbl","229000                        						
							bbl","8122200000                        						
							bbl","123727000000                        						
							Cu.M","4548000000                        						
							Cu.M","1544455000000                        						
							Cu.M","117000                        						
							Cu.M","1201000                        						
							mt","2000000                        						
							Cu.M","323802                        						
							km","25148                        						
							km","2566                        						
							km","1577                        						
							km",Dushanbe,"987,000",38
Liberia,5437249,2392390,1913912,65247,1500,0,5500,0,0,0,0,0,0,0,0,0,0,300,0,0,0,4,,0,0,0,0,0,0,4,0,$                        							364800000,$                        							830923000,$                        							8884000000,$                        							599660000,99,2499000,4,"429                        						
							km","10600                        						
							km","0                        						
							bbl","4000                        						
							bbl","0                        						
							bbl","0                        						
							Cu.M","0                        						
							Cu.M","0                        						
							Cu.M","0                        						
							Cu.M","0                        						
							mt","0                        						
							Cu.M","111369                        						
							km","579                        						
							km","1667                        						
							km","0                        						
							km",Jerusalem,"970,000",138
Lebanon,5364482,2092148,1775644,69738,60000,35000,65000,80,0,9,0,9,0,0,68,0,116,4538,12,353,11,64,,0,0,0,0,0,0,61,0,$                        							768250325,$                        							36928000000,$                        							65818000000,$                        							26498095000,8,1771000,5,"401                        						
							km","21705                        						
							km","0                        						
							bbl","174000                        						
							bbl","0                        						
							bbl","0                        						
							Cu.M","0                        						
							Cu.M","0                        						
							Cu.M","0                        						
							Cu.M","207000                        						
							mt","0                        						
							Cu.M","10400                        						
							km","225                        						
							km","484                        						
							km","0                        						
							km",Bangui,"933,000",115
Ireland,5233461,2407392,1999182,57568,7765,1700,0,22,0,0,4,8,2,0,8,0,0,1712,0,0,0,8,,0,0,0,0,0,0,8,0,$                        							1500000000,$                        							3300000000000,$                        							608463000000,$                        							12905000000,100,2766000,21,"1688                        						
							km","99830                        						
							km","600                        						
							bbl","156000                        						
							bbl","0                        						
							bbl","1447000000                        						
							Cu.M","5280000000                        						
							Cu.M","9911000000                        						
							Cu.M","0                        						
							Cu.M","1322000                        						
							mt","40000000                        						
							Cu.M","70273                        						
							km","1448                        						
							km","443                        						
							km","956                        						
							km",Ashgabat,"902,000",97
New Zealand,5161211,2219321,1775457,61935,8670,3250,300,48,0,0,8,13,6,0,21,0,0,2114,0,31,0,8,,0,0,0,0,2,0,4,0,$                        							3030000000,$                        							209683100000,$                        							254770000000,$                        							15487000000,202,3068000,22,"4128                        						
							km","94000                        						
							km","12000                        						
							bbl","154000                        						
							bbl","40993000                        						
							bbl","3770000000                        						
							Cu.M","3819000000                        						
							Cu.M","31149000000                        						
							Cu.M","3036000                        						
							Cu.M","2441000                        						
							mt","7575000000                        						
							Cu.M","268838                        						
							km","15134                        						
							km","0                        						
							km","0                        						
							km",Libreville,"857,000",86
Georgia,4900961,2744538,2225036,93118,55000,152500,0,61,0,5,2,10,0,0,44,11,123,3392,67,121,42,19,,0,0,0,0,0,0,31,4,$                        							495629055,$                        							13488000000,$                        							83656000000,$                        							5002000000,19,1853000,3,"1363                        						
							km","20295                        						
							km","300                        						
							bbl","32000                        						
							bbl","35000000                        						
							bbl","8760000                        						
							Cu.M","2796000000                        						
							Cu.M","8495000000                        						
							Cu.M","256000                        						
							Cu.M","516000                        						
							mt","900999000                        						
							Cu.M","69700                        						
							km","310                        						
							km","1814                        						
							km","0                        						
							km",Vientiane,"706,000",94
Panama,4470241,2011608,1206965,53643,0,0,80000,38,0,0,13,0,2,0,23,0,0,262,0,0,0,30,,0,0,0,0,0,0,27,0,$                        							917202000,$                        							1115532300000,$                        							159867000000,$                        							6757000000,76,2096000,12,"77                        						
							km","11978                        						
							km","0                        						
							bbl","146000                        						
							bbl","0                        						
							bbl","0                        						
							Cu.M","389611000                        						
							Cu.M","0                        						
							Cu.M","0                        						
							Cu.M","837000                        						
							mt","0                        						
							Cu.M","75420                        						
							km","2490                        						
							km","687                        						
							km","800                        						
							km",Manama,"689,000",136
Mauritania,4328040,1687936,1181555,82233,31540,66000,5000,24,0,4,7,7,2,0,4,0,25,628,0,75,0,6,,0,0,0,0,0,0,6,0,$                        							261250000,$                        							3661000000,$                        							30395000000,$                        							2629290500,25,1179000,2,"728                        						
							km","12253                        						
							km","0                        						
							bbl","29000                        						
							bbl","20000000                        						
							bbl","0                        						
							Cu.M","0                        						
							Cu.M","28317000000                        						
							Cu.M","0                        						
							Cu.M","0                        						
							mt","0                        						
							Cu.M","1030700                        						
							km","754                        						
							km","5002                        						
							km","1086                        						
							km",Zagreb,"684,000",123
Croatia,4150116,2033557,1564594,53952,14325,20100,2000,67,10,0,0,28,0,0,37,0,45,2848,25,42,42,30,,0,0,0,0,0,0,10,1,$                        							1176000000,$                        							55000000000,$                        							159305000000,$                        							3176000000,40,1744000,16,"2617                        						
							km","26958                        						
							km","11000                        						
							bbl","70000                        						
							bbl","71000000                        						
							bbl","741456000                        						
							Cu.M","2502000000                        						
							Cu.M","24919000000                        						
							Cu.M","0                        						
							Cu.M","702000                        						
							mt","0                        						
							Cu.M","56594                        						
							km","5835                        						
							km","2237                        						
							km","4714                        						
							km",Doha,"658,000",74
Oman,3901992,1482757,1291559,50726,42600,100000,10000,128,29,10,9,45,4,0,31,0,150,4084,24,140,0,22,,0,0,0,0,0,5,12,0,$                        							8200000000,$                        							50897000000,$                        							185960000000,$                        							17455000000,36,2316000,7,"0                        						
							km","60230                        						
							km","1056000                        						
							bbl","211000                        						
							bbl","5375000000                        						
							bbl","40754000000                        						
							Cu.M","27364000000                        						
							Cu.M","651287000000                        						
							Cu.M","0                        						
							Cu.M","31000                        						
							mt","0                        						
							Cu.M","309500                        						
							km","2092                        						
							km","1561                        						
							km","0                        						
							km",Colombo,"633,000",82
Bosnia and Herzegovina,3798671,2355176,1956316,49383,12770,6000,0,22,0,0,0,0,0,0,22,0,45,720,0,457,79,0,,0,0,0,0,0,0,0,0,$                        							216400000,$                        							7760500000,$                        							63769000000,$                        							9205000000,13,1369000,1,"965                        						
							km","22926                        						
							km","0                        						
							bbl","36000                        						
							bbl","0                        						
							bbl","0                        						
							Cu.M","225824000                        						
							Cu.M","0                        						
							Cu.M","14114000                        						
							Cu.M","14766000                        						
							mt","2264000000                        						
							Cu.M","51197                        						
							km","20                        						
							km","1543                        						
							km","990                        						
							km",Riga,"625,000",132
Moldova,3599528,2159717,1792565,71991,8500,67000,2000,3,0,0,1,0,0,0,2,0,0,500,9,67,11,0,,0,0,0,0,0,0,0,0,$                        							1710000000,$                        							4565500000,$                        							38969000000,$                        							5453000000,11,1464000,0,"1171                        						
							km","9352                        						
							km","0                        						
							bbl","22000                        						
							bbl","0                        						
							bbl","10000                        						
							Cu.M","2344000000                        						
							Cu.M","0                        						
							Cu.M","0                        						
							Cu.M","120000                        						
							mt","0                        						
							Cu.M","33851                        						
							km","0                        						
							km","1885                        						
							km","558                        						
							km",Skopje,"611,000",134
Uruguay,3425330,1575652,1322177,54805,25000,0,5000,43,0,6,6,12,5,2,12,0,31,3042,6,70,4,14,,0,0,0,0,0,0,2,2,$                        							772400000,$                        							49500000000,$                        							105096000000,$                        							16257000000,64,1775000,8,"1673                        						
							km","77732                        						
							km","400                        						
							bbl","52000                        						
							bbl","0                        						
							bbl","0                        						
							Cu.M","86037000                        						
							Cu.M","0                        						
							Cu.M","0                        						
							Cu.M","18000                        						
							mt","0                        						
							Cu.M","176215                        						
							km","660                        						
							km","1591                        						
							km","1600                        						
							km",Vilnius,"541,000",100
Mongolia,3281676,1870555,1552233,62352,35000,135000,50000,7,0,0,3,2,0,0,2,0,420,2560,0,500,130,0,,0,0,0,0,0,0,0,0,$                        							165110000,$                        							19542500000,$                        							56264000000,$                        							4782000000,35,1403000,0,"1815                        						
							km","113200                        						
							km","15000                        						
							bbl","36000                        						
							bbl","0                        						
							bbl","0                        						
							Cu.M","0                        						
							Cu.M","0                        						
							Cu.M","28276000                        						
							Cu.M","6393000                        						
							mt","2520000000                        						
							Cu.M","1564116                        						
							km","0                        						
							km","8082                        						
							km","580                        						
							km",Tirana,"512,000",98
Kuwait,3138355,1726095,1449920,37660,72000,24000,7500,128,43,0,2,13,0,3,67,16,367,5636,74,0,27,123,,0,0,0,0,0,0,106,0,$                        							6950000000,$                        							55000000000,$                        							219060000000,$                        							52619000000,6,2463000,6,"0                        						
							km","5749                        						
							km","2910000                        						
							bbl","372000                        						
							bbl","101500000000                        						
							bbl","19285000000                        						
							Cu.M","26083000000                        						
							Cu.M","1784000000000                        						
							Cu.M","0                        						
							Cu.M","145000                        						
							mt","0                        						
							Cu.M","17818                        						
							km","499                        						
							km","475                        						
							km","0                        						
							km",Chisinau,"488,000",79
Albania,3107100,1522479,1292554,62142,6600,2000,500,19,0,0,0,0,0,0,19,0,46,1796,0,50,135,19,,0,0,0,0,0,0,19,0,$                        							558862420,$                        							7312000000,$                        							49592000000,$                        							6455000000,3,1388000,3,"424                        						
							km","3945                        						
							km","1400                        						
							bbl","2600                        						
							bbl","150000000                        						
							bbl","50623000                        						
							Cu.M","50623000                        						
							Cu.M","5692000000                        						
							Cu.M","379000                        						
							Cu.M","389000                        						
							mt","522000000                        						
							Cu.M","28748                        						
							km","362                        						
							km","691                        						
							km","41                        						
							km",Windhoek,"477,000",78
Armenia,2976765,1666988,1366335,44651,57500,210000,5000,71,4,15,3,13,0,0,36,20,109,1306,145,148,100,0,,0,0,0,0,0,0,0,0,$                        							1700000000,$                        							9014000000,$                        							57728000000,$                        							3607000000,11,1356000,0,"686                        						
							km","7700                        						
							km","0                        						
							bbl","14000                        						
							bbl","0                        						
							bbl","0                        						
							Cu.M","2861000000                        						
							Cu.M","0                        						
							Cu.M","60                        						
							Cu.M","23000                        						
							mt","317000000                        						
							Cu.M","29743                        						
							km","0                        						
							km","1570                        						
							km","0                        						
							km",Canberra,"467,000",91
Namibia,2803660,616805,400923,30840,13000,0,5000,34,11,0,3,14,0,0,7,2,4,2094,0,25,25,15,,0,0,0,0,0,2,12,0,$                        							370500000,$                        							8800000000,$                        							29944000000,$                        							2956000000,255,989000,2,"2628                        						
							km","48875                        						
							km","0                        						
							bbl","25000                        						
							bbl","0                        						
							bbl","0                        						
							Cu.M","0                        						
							Cu.M","62297000000                        						
							Cu.M","0                        						
							Cu.M","32000                        						
							mt","350000000                        						
							Cu.M","824292                        						
							km","1572                        						
							km","4220                        						
							km","0                        						
							km",Juba,"459,000",116
Lithuania,2628186,1708321,1332490,36795,23000,104000,14150,9,0,0,5,0,0,0,4,0,0,1263,21,54,0,14,,0,0,0,0,0,0,7,4,$                        							2388900000,$                        							44000000000,$                        							132712000000,$                        							6168000000,65,1510000,2,"1911                        						
							km","84166                        						
							km","4000                        						
							bbl","68000                        						
							bbl","12000000                        						
							bbl","0                        						
							Cu.M","1601000000                        						
							Cu.M","0                        						
							Cu.M","0                        						
							Cu.M","263000                        						
							mt","0                        						
							Cu.M","65300                        						
							km","90                        						
							km","1545                        						
							km","441                        						
							km",Tallinn,"452,000",88
Qatar,2552088,638022,490001,12760,66550,15000,5500,251,102,6,12,51,0,0,80,24,99,5024,46,12,16,115,,0,0,0,0,0,4,105,0,$                        							9432000000,$                        							187000000000,$                        							304973000000,$                        							51539000000,8,2035000,6,"0                        						
							km","7039                        						
							km","1815000                        						
							bbl","297000                        						
							bbl","25244000                        						
							bbl","169595000000                        						
							Cu.M","41515000000                        						
							Cu.M","23861000000000                        						
							Cu.M","0                        						
							Cu.M","0                        						
							mt","0                        						
							Cu.M","11586                        						
							km","563                        						
							km","87                        						
							km","0                        						
							km",Bratislava,"441,000",72
Gabon,2455105,932940,532758,46647,4800,0,2500,24,6,0,3,0,0,0,15,0,0,424,0,0,14,5,,0,0,0,0,0,0,4,0,$                        							274820000,$                        							6280000000,$                        							48201000000,$                        							1568196000,40,763000,9,"649                        						
							km","14300                        						
							km","204000                        						
							bbl","16000                        						
							bbl","2000000000                        						
							bbl","463000000                        						
							Cu.M","463000000                        						
							Cu.M","25995000000                        						
							Cu.M","0                        						
							Cu.M","0                        						
							mt","0                        						
							Cu.M","267667                        						
							km","885                        						
							km","3261                        						
							km","1600                        						
							km",Bern,"441,000",133
Botswana,2450668,1029281,617568,24507,21000,0,0,45,11,0,9,9,0,0,16,0,45,1224,12,36,20,0,,0,0,0,0,0,0,0,0,$                        							465600000,$                        							1853500000,$                        							46742000000,$                        							4756000000,122,1170000,0,"888                        						
							km","31747                        						
							km","0                        						
							bbl","21000                        						
							bbl","0                        						
							bbl","0                        						
							Cu.M","0                        						
							Cu.M","0                        						
							Cu.M","2634000                        						
							Cu.M","2291000                        						
							mt","1660000000                        						
							Cu.M","581730                        						
							km","0                        						
							km","4347                        						
							km","0                        						
							km",Wellington,"422,000",122
North Macedonia,2135622,948216,783773,27763,9000,60000,3500,20,0,0,0,10,0,0,10,4,20,1108,0,150,17,0,,0,0,0,0,0,0,0,0,$                        							388421700,$                        							11000000000,$                        							42444000000,$                        							5015000000,13,801000,0,"699                        						
							km","14182                        						
							km","0                        						
							bbl","22000                        						
							bbl","0                        						
							bbl","0                        						
							Cu.M","274928000                        						
							Cu.M","0                        						
							Cu.M","5075000                        						
							Cu.M","5776000                        						
							mt","332000000                        						
							Cu.M","25713                        						
							km","0                        						
							km","838                        						
							km","0                        						
							km",Sarajevo,"344,000",112
Slovenia,2097893,1006989,826570,22867,7300,26000,5000,39,0,0,4,23,0,0,16,0,54,1428,0,18,0,2,,0,0,0,0,0,0,2,0,$                        							886860000,$                        							55000000000,$                        							102036000000,$                        							2370000000,42,1055000,2,"1207                        						
							km","38985                        						
							km","0                        						
							bbl","45000                        						
							bbl","0                        						
							bbl","3863000                        						
							Cu.M","840902000                        						
							Cu.M","0                        						
							Cu.M","2358000                        						
							Cu.M","2553000                        						
							mt","95000000                        						
							Cu.M","20273                        						
							km","47                        						
							km","1211                        						
							km","710                        						
							km",Ljubljana,"286,000",96
Kosovo,1977093,917371,743387,17794,10000,5000,500,0,0,0,0,0,0,0,0,0,0,737,0,0,0,0,,0,0,0,0,0,0,0,0,$                        							260715150,$                        							2750000000,$                        							23794000000,$                        							1245000000,4,500300,0,"437                        						
							km","2012                        						
							km","0                        						
							bbl","15000                        						
							bbl","0                        						
							bbl","0                        						
							Cu.M","0                        						
							Cu.M","0                        						
							Cu.M","9074000                        						
							Cu.M","8927000                        						
							mt","1564000000                        						
							Cu.M","10887                        						
							km","0                        						
							km","714                        						
							km","0                        						
							km",Porto-Novo,"285,000",141
Latvia,1801246,810561,648449,16211,17250,36000,12500,7,0,0,0,0,0,0,7,0,0,1848,47,0,0,18,,0,0,0,0,0,0,11,6,$                        							1138000000,$                        							44180400000,$                        							71154000000,$                        							4957000000,56,978000,5,"2216                        						
							km","70244                        						
							km","2000                        						
							bbl","35000                        						
							bbl","0                        						
							bbl","0                        						
							Cu.M","828214000                        						
							Cu.M","0                        						
							Cu.M","0                        						
							Cu.M","20000                        						
							mt","0                        						
							Cu.M","64589                        						
							km","498                        						
							km","1370                        						
							km","300                        						
							km",Gaborone,"272,000",99
Bahrain,1566888,846120,720768,17236,18400,110000,1500,132,24,0,3,40,0,0,80,34,150,2764,38,26,17,64,,0,0,0,0,2,2,50,0,$                        							1597200000,$                        							49500000000,$                        							85491000000,$                        							5118000000,3,855000,4,"0                        						
							km","4122                        						
							km","189000                        						
							bbl","72000                        						
							bbl","186500000                        						
							bbl","18005000000                        						
							Cu.M","17924000000                        						
							Cu.M","81382000000                        						
							Cu.M","0                        						
							Cu.M","0                        						
							mt","0                        						
							Cu.M","760                        						
							km","161                        						
							km","0                        						
							km","0                        						
							km",Paramaribo,"239,000",81
Estonia,1193791,584958,456028,13132,7700,78800,10000,5,0,0,2,3,0,0,3,0,0,1685,36,0,0,8,,0,0,0,0,0,0,4,4,$                        							1463360000,$                        							26400000000,$                        							57377000000,$                        							2593000000,26,752000,20,"1441                        						
							km","58412                        						
							km","24000                        						
							bbl","28000                        						
							bbl","0                        						
							bbl","0                        						
							Cu.M","354912000                        						
							Cu.M","0                        						
							Cu.M","0                        						
							Cu.M","3000                        						
							mt","0                        						
							Cu.M","45228                        						
							km","3794                        						
							km","657                        						
							km","335                        						
							km",Yamoussoukro,"231,000",107
Bhutan,884546,203446,122067,4423,7500,0,0,2,0,0,0,0,0,0,2,0,0,84,0,0,0,0,,0,0,0,0,0,0,0,0,$                        							14000000,$                        							2757000000,$                        							10981000000,$                        							976260000,4,430000,0,"0                        						
							km","12205                        						
							km","0                        						
							bbl","3000                        						
							bbl","0                        						
							bbl","0                        						
							Cu.M","0                        						
							Cu.M","0                        						
							Cu.M","177000                        						
							Cu.M","325000                        						
							mt","0                        						
							Cu.M","38394                        						
							km","0                        						
							km","1136                        						
							km","0                        						
							km",Pristina,"216,870",145
Luxembourg,671254,154388,92633,3356,1000,0,0,1,0,0,1,0,0,0,0,0,0,182,0,0,0,0,,0,0,0,0,0,0,0,0,$                        							726092925,$                        							4730000000000,$                        							88533000000,$                        							2977000000,3,352000,0,"271                        						
							km","2875                        						
							km","0                        						
							bbl","51000                        						
							bbl","0                        						
							bbl","0                        						
							Cu.M","594240000                        						
							Cu.M","0                        						
							Cu.M","0                        						
							Cu.M","62000                        						
							mt","0                        						
							Cu.M","2586                        						
							km","0                        						
							km","327                        						
							km","37                        						
							km",Reykjavik,"216,000",117
Suriname,646758,142287,84079,3234,2000,0,200,3,0,0,0,0,0,0,3,0,0,650,0,0,0,17,,0,0,0,0,0,0,17,0,$                        							144000000,$                        							2200000000,$                        							11824000000,$                        							1346000000,55,250000,4,"0                        						
							km","4304                        						
							km","14000                        						
							bbl","15000                        						
							bbl","89000000                        						
							bbl","7109000                        						
							Cu.M","6967000                        						
							Cu.M","0                        						
							Cu.M","0                        						
							Cu.M","0                        						
							mt","0                        						
							Cu.M","163820                        						
							km","386                        						
							km","1907                        						
							km","1200                        						
							km",Thimphu,"205,000",139
Montenegro,599849,143964,85179,3599,2350,0,5500,11,0,0,0,0,0,0,11,0,0,471,0,12,12,14,,0,0,0,0,0,0,2,0,$                        							148100000,$                        							2958500000,$                        							17115000000,$                        							1574000000,5,286000,4,"250                        						
							km","7762                        						
							km","0                        						
							bbl","8000                        						
							bbl","0                        						
							bbl","0                        						
							Cu.M","0                        						
							Cu.M","0                        						
							Cu.M","1734000                        						
							Cu.M","1517000                        						
							mt","337000000                        						
							Cu.M","13812                        						
							km","294                        						
							km","680                        						
							km","0                        						
							km",Podgorica,"177,000",127
Beliz,415789,158000,90226,8732,1650,850,0,3,0,0,1,0,1,0,1,0,0,130,0,0,0,8,,0,0,0,0,0,0,8,0,$                        							29538000,$                        							1248000000,$                        							5257000000,$                        							473729000,27,190000,2,"0                        						
							km","3281                        						
							km","800                        						
							bbl","5000                        						
							bbl","6700000                        						
							bbl","0                        						
							Cu.M","0                        						
							Cu.M","0                        						
							Cu.M","0                        						
							Cu.M","0                        						
							mt","0                        						
							Cu.M","22966                        						
							km","386                        						
							km","542                        						
							km","825                        						
							km",Luxembourg,"120,000",137
Iceland,364036,83728,50237,1820,0,0,0,0,0,0,0,0,0,0,0,0,0,150,0,0,0,0,,0,0,0,0,0,0,0,0,$                        							312400000,$                        							22000000000,$                        							26155000000,$                        							5809000000,83,239000,43,"0                        						
							km","12898                        						
							km","0                        						
							bbl","18000                        						
							bbl","0                        						
							bbl","0                        						
							Cu.M","0                        						
							Cu.M","0                        						
							Cu.M","0                        						
							Cu.M","188000                        						
							mt","0                        						
							Cu.M","100250                        						
							km","4970                        						
							km","0                        						
							km","0                        						
							km",Belmopan,"25,000",135
