Country,Rank,total_population_by_country,available_military_manpower,manpower_fit_for_military_service,manpower_reaching_military_age_annually,active_military_manpower,active_reserve_military_manpower,manpower_paramilitary,aircraft_total,aircraft_total_fighters,aircraft_total_attack_types,aircraft_total_transports,aircraft_total_trainers,aircraft_total_special_mission,aircraft_total_tanker_fleet,aircraft_helicopters_total,aircraft_helicopters_attack,armor_tanks_total,armor_apc_total,armor_self_propelled_guns_total,armor_towed_artillery_total,armor_mlrs_total,navy_ships,navy_force_by_tonnage,navy_aircraft_carriers,navy_helo_carriers,navy_submarines,navy_destroyers,navy_frigates,navy_corvettes,navy_patrol_coastal_craft,navy_mine_warfare_craft,defense_spending_budget,external_debt_by_country,purchasing_power_parity,reserves_of_foreign_exchange_and_gold,major_serviceable_airports_by_country,labor_force_by_country,major_ports_and_terminals,merchant_marine_strength_by_country,railway_coverage,roadway_coverage,oil_production_by_country,oil_consumption_by_country,proven_oil_reserves_by_country,natural_gas_production_by_country,natural_gas_consumption_by_country,proven_natural_gas_reserves_by_country,coal_production_by_country,coal_consumption_by_country,proven_coal_reserves_by_country,square_land_area,coastline_coverage,border_coverage,waterway_coverage
United States,0.0,0.24146772200375707,0.1968224742811053,0.19904855433238838,0.18551484278135333,0.6525798525798526,0.1599,0.0,1.0,0.9999999999999999,1.0,1.0,1.0,1.0,1.0,1.0,0.9999999999999999,0.6823529411764705,1.0,0.1298374613003096,0.14250440917107585,0.21331114808652246,0.583554376657825,0.9999999999999999,1.0,1.0,1.0,1.0,0.0,0.3132530120481928,0.0,0.1702127659574468,1.0,1.0,0.7897298687007961,0.22417768316398518,1.0,0.2186736255160091,1.0,0.3093153563298897,1.0,1.0,1.0,1.0000000000000002,0.1257776344114336,1.0,1.0,0.2803472440121326,0.11370395690905324,0.08959984942593638,1.0,0.5751007324277323,0.09859461599366588,0.53444360333081,0.40204901960784317
Russia,0.006944444444444444,0.09928524475676301,0.0902027402405528,0.07360874837734142,0.05283463143230714,0.6486486486486487,0.39999999999999997,0.036764705882352935,0.3290653990646324,0.4653631284916201,0.7750281214848145,0.4967320261437909,0.23082735171892707,0.21792890262751158,0.03140495867768595,0.28256032859832275,0.5558882235528941,0.8455882352941175,0.33541730993495444,1.0,1.0,1.0,0.5557029177718833,0.3006981738385274,0.09090909090909091,0.0,0.9,0.12345679012345678,0.2553191489361702,1.0,0.5668202764976958,1.0,0.14076868241514393,0.0142141156605226,0.18611206299404873,0.1731023627628465,0.05677378701953371,0.09269936949333552,0.1006006006006006,0.25477149360882506,0.29122780722431907,0.19460185724322124,0.5137698165620959,0.18189003606184856,0.26332593826323375,0.6004178814382896,0.5165027709692979,1.0,0.10528071265796561,0.05852776209297948,0.6514234296479889,1.0,0.18632719714964371,0.9977735227323329,1.0
China,0.013888888888888888,1.0,1.0,0.9999999999999999,0.8269731333318944,1.0,0.102,0.09191176470588235,0.2536993023077513,0.6770949720670391,0.4173228346456693,0.3148148148148148,0.15187004155647904,0.1731066460587326,0.01652892561983471,0.15625534827999316,0.280439121756487,0.9999999999999999,0.3672893928993388,0.6753095975232198,0.11757789535567313,0.9151414309484194,1.0,0.6847180764467764,0.2727272727272727,0.4444444444444444,0.8714285714285714,0.6172839506172839,1.0,0.8674698795180723,0.6912442396313364,0.7659574468085106,0.29814544585054964,0.054603949898261624,1.0,1.0,0.0332703213610586,0.9999999999999999,0.0990990990990991,0.7278935387848013,0.5109618345573708,0.7894161496267502,0.23870875041908138,0.7482092575211184,0.08565663614280165,0.21899028182701652,0.40048080446155043,0.13919046124882334,1.0,1.0,0.5752246516242805,0.5612649855771505,0.07175376088677751,0.9999999999999999,0.2715686274509804
India,0.020833333333333332,0.9958188585385004,0.8667175602740129,0.8339577892470966,1.0,0.7152579852579852,0.23099999999999998,0.3716176470588235,0.1708962661964272,0.2865921787709497,0.14623172103487064,0.29411764705882354,0.1326029467321496,0.1143740340030912,0.009917355371900825,0.15385931884306006,0.07984031936127745,0.6177941176470587,0.3789690184980568,0.01934984520123839,0.46737213403880074,0.08785357737104825,0.3885941644562334,0.14031612995860598,0.18181818181818182,0.0,0.2571428571428571,0.16049382716049382,0.2978723404255319,0.21686746987951808,0.6221198156682027,0.0,0.08378455081978937,0.016607081820128166,0.4195391333533173,0.18196501448089278,0.019407687460617516,0.761869493335524,0.08408408408408408,0.16275608474873052,0.22330394735049258,0.9673840377195388,0.03807653623257819,0.24932075285283803,0.015157699321277394,0.03223517978620019,0.06438470481821633,0.02888819161175609,0.20419950279676818,0.2258610954263128,0.44609766972897197,0.19222339984569695,0.03463974663499604,0.6184263258672129,0.14215686274509803
South Korea,0.02777777777777778,0.03655794314147683,0.033973593396210686,0.03398664246665149,0.017318404711555928,0.29484029484029484,0.62,0.01764705882352941,0.12205780878632218,0.1759776536312849,0.11023622047244096,0.044662309368191724,0.12013600302228938,0.05564142194744977,0.006611570247933884,0.1381139825432141,0.11077844311377244,0.3288235294117647,0.1500361080843832,0.6327399380804954,0.5173427395649618,0.14176372712146423,0.3010610079575597,0.0804733796120925,0.0,0.2222222222222222,0.3142857142857143,0.16049382716049382,0.36170212765957444,0.060240963855421686,0.16129032258064516,0.2978723404255319,0.05171701009848199,0.022547977888735585,0.08358735769492433,0.12200443355630464,0.005419029615626968,0.03776493602513811,0.02252252252252252,0.1881456837681667,0.013554114264691856,0.014946394601462383,0.0018200105369031085,0.12102949167613496,0.0,5.357337220602526e-05,0.06505516235900431,0.00014808074469197782,0.0032307851667702507,0.025675324675324674,0.0013095472421176103,0.0057903709209807756,0.011940815518606493,0.01055350224874204,0.01568627450980392
United Kingdom,0.034722222222222224,0.048134599959781414,0.041107078007384744,0.04011189559838947,0.03136219589392904,0.09084029484029485,0.1848,0.0,0.04837844054281991,0.06312849162011172,0.03487064116985377,0.03159041394335512,0.07669059312429165,0.04327666151468315,0.01487603305785124,0.045524559301728565,0.036926147704590816,0.03338235294117647,0.09726471691517023,0.013738390092879258,0.014814814814814815,0.009650582362728786,0.1445623342175066,0.0923201358780157,0.18181818181818182,0.0,0.12857142857142856,0.07407407407407407,0.1702127659574468,0.0,0.11981566820276497,0.14893617021276595,0.07987447848346232,0.4301292552548836,0.11833878076569908,0.05156496118382244,0.0655324511657215,0.04503527345916083,0.2777777777777778,0.07599369637541586,0.05583109645596872,0.05959604519516605,0.03606494563915896,0.06891271056661562,0.008228935570726055,0.03669387755102041,0.07671543616380164,0.003779123522644075,0.00039175471307230164,0.0016126482213438735,0.00010444241808299959,0.01420620987028355,0.06150534441805226,0.01972658859153048,0.03137254901960784
France,0.04166666666666666,0.04807489455238586,0.03926640779859644,0.037880652914396296,0.03132341219255202,0.09828009828009829,0.0052,0.022058823529411763,0.0748294104117151,0.12625698324022344,0.0,0.12962962962962965,0.05326785039667548,0.06800618238021638,0.026446280991735537,0.07667294198185863,0.06786427145708582,0.03161764705882353,0.282862822452849,0.018575851393188854,0.0,0.0029950083194675544,0.17108753315649866,0.10067109251494823,0.09090909090909091,0.3333333333333333,0.12857142857142856,0.13580246913580246,0.23404255319148937,0.0,0.09216589861751152,0.36170212765957444,0.0614378325471013,0.31347832010146737,0.12038863429245446,0.06979026704710069,0.043226212980466285,0.04060683699246267,0.0990990990990991,0.0484153388198214,0.09490264473845567,0.15964573691514652,0.0038316011303223337,0.07666847799239243,0.00020315266979585656,1.9564625850340134e-05,0.04046916715611161,0.000162890910992574,0.0005011394240729231,0.0024440052700922263,0.000642722572818459,0.03761258282851849,0.024015241488519398,0.1813243086788084,0.08334313725490196
Japan,0.048611111111111105,0.08683092679085724,0.06922822504138194,0.068320178945863,0.04621472535733086,0.12144963144963146,0.0112,0.0036764705882352936,0.11063405658207469,0.12122905027932959,0.04274465691788527,0.059912854030501096,0.15149225538345296,0.21792890262751158,0.01652892561983471,0.10200239602943693,0.11876247504990019,0.07661764705882353,0.08135164170573059,0.028831269349845205,0.05643738977072311,0.017970049916805324,0.21087533156498672,0.18271283190555113,0.0,0.4444444444444444,0.34285714285714286,0.5185185185185185,0.1276595744680851,0.0,0.027649769585253454,0.46808510638297873,0.06367250437437011,0.2097965710388495,0.18435047011949332,0.3753592866172906,0.017391304347826087,0.08877282249286315,0.24474474474474475,0.45780073542286814,0.0930325244239757,0.1847888056339962,0.0003831601130322333,0.16237711801610433,0.00014520779708103196,0.0021574344023323616,0.1015453335389549,0.0004371509256353938,0.006037083074373317,0.040717485413137584,0.001405955628040379,0.022061441297666337,0.14722387173396675,0.0,0.01735294117647059
Turkiye,0.05555555555555555,0.05920458361658541,0.05615068887302939,0.05749240749167011,0.059624701518922546,0.17454545454545456,0.07574,0.022058823529411763,0.08303304454496666,0.11229050279329608,0.0,0.09150326797385622,0.10842463165848129,0.04327666151468315,0.011570247933884297,0.0869416395687147,0.11077844311377244,0.3291176470588235,0.15588740402011844,0.2008513931888545,0.20070546737213404,0.09850249584026623,0.24137931034482757,0.07588999787630472,0.0,0.1111111111111111,0.18571428571428572,0.0,0.36170212765957444,0.10843373493975904,0.1889400921658986,0.23404255319148937,0.05249914523802607,0.01317344216296882,0.09386865429005677,0.04082374962195559,0.007057340894770007,0.04477341808547781,0.08108108108108109,0.10243389949220802,0.03916352141270728,0.00992027151847387,0.003975286172709421,0.053104776959936775,0.0012047161675542944,0.00036899999999999997,0.003157603458817173,7.936408325488966e-05,0.018385332504661282,0.023334462638810463,0.04629611032332963,0.045786924807763085,0.035629453681710214,0.1253951997150109,0.011764705882352941
Italy,0.0625,0.04283719838641528,0.03579721475131111,0.0353230789388389,0.022830366060111566,0.08132678132678132,0.0036999999999999997,0.015441176470588234,0.055892049375143756,0.04972067039106145,0.07536557930258718,0.032679738562091505,0.06120136003022289,0.03554868624420402,0.013223140495867768,0.0670888242341263,0.036926147704590816,0.02941176470588235,0.18729250610520082,0.01238390092879257,0.012698412698412698,0.006988352745424293,0.259946949602122,0.08399226811376176,0.18181818181818182,0.0,0.11428571428571428,0.037037037037037035,0.2127659574468085,0.0,0.08755760368663594,0.2127659574468085,0.03449886366937584,0.12327405280405722,0.09902531706830077,0.0717044792379032,0.03988657844990548,0.03270496601014561,0.18468468468468469,0.11171423568551918,0.06293346595631617,0.07376122278079847,0.005555821638967383,0.06145334189596404,0.001638986721789563,0.0030291545189504374,0.07517764937367453,0.0009570128647631,0.0003351978454526621,0.00247073216638434,0.0024503757918542947,0.01758272236276565,0.03760886777513856,0.0817562452687358,0.023529411764705882
Brazil,0.06944444444444443,0.15529136974664887,0.1467758181938723,0.14139845570631,0.14691065692200775,0.17690417690417692,0.06799999999999999,0.02941176470588235,0.03933144215287894,0.024022346368715083,0.04274465691788527,0.11873638344226581,0.050245561012466945,0.03863987635239567,0.0,0.03268868731815848,0.0,0.04323529411764705,0.05710946491136294,0.021091331269349846,0.048442092886537336,0.01264559068219634,0.08488063660477453,0.03019519477267922,0.0,0.1111111111111111,0.05714285714285714,0.0,0.1276595744680851,0.024096385542168676,0.10599078341013825,0.06382978723404255,0.029210847990918297,0.019351258471174436,0.12845993255405375,0.10290028284709768,0.3097668557025835,0.13927753588958944,0.06756756756756757,0.0777447032043425,0.1016814050769168,0.30343355813065587,0.20216485463863212,0.14943437237563603,0.04185236631271272,0.022031098153547132,0.034620983680429096,0.007613952515427257,0.0032409363994199297,0.006171089779785432,0.026496238064440972,0.49802834012856717,0.03706947743467934,0.7189295097297056,0.4901960784313726
Pakistan,0.07638888888888888,0.178131924851595,0.1419201342535582,0.136808345542645,0.2001008543226982,0.3213759213759214,0.11,0.07352941176470587,0.10726059955531704,0.18324022346368712,0.10123734533183353,0.06971677559912855,0.213449187759728,0.04173106646058732,0.006611570247933884,0.06383706999828855,0.05688622754491018,0.3863235294117647,0.04448311851362283,0.12809597523219815,0.3091122868900647,0.19966722129783696,0.16047745358090185,0.024417685403046334,0.0,0.0,0.11428571428571428,0.0,0.19148936170212766,0.10843373493975904,0.31797235023041476,0.06382978723404255,0.008520803677375961,0.004115637052743622,0.04297463469608343,0.003974875092527714,0.007120352867044738,0.1037152656548438,0.0045045045045045045,0.005253020486779898,0.04047158370917415,0.03981457941699706,0.004837396427031946,0.023267302277330437,0.001777450083276828,0.035896015549076773,0.05080165065990303,0.012388222989227067,0.0026335197845452664,0.006404479578392621,0.01230813726947349,0.04651995496657615,0.005176167854315123,0.3231509106292025,0.0
Indonesia,0.08333333333333333,0.19877186449179193,0.18046430203664382,0.1827427249973761,0.1997524272272271,0.19656019656019658,0.08,0.036764705882352935,0.035191290347312734,0.02290502793296089,0.03824521934758156,0.07625272331154685,0.04231205137891953,0.026275115919629055,0.001652892561983471,0.03662502139311997,0.01497005988023952,0.04867647058823529,0.051944605350120826,0.02960526315789474,0.04656084656084656,0.020965058236272878,0.43899204244031825,0.07070438137815076,0.0,0.0,0.05714285714285714,0.0,0.14893617021276595,0.30120481927710846,0.9723502304147466,0.2553191489361702,0.011828117981733794,0.01969991323709336,0.12493674680494296,0.04241825011583879,0.03213610586011342,0.18065581935059868,0.18468468468468469,1.0,0.02779291738769059,0.07511392495031588,0.04142918722161023,0.08526404189102406,0.008163104086160246,0.05579203109815355,0.03944105934478908,0.0294529860893212,0.1365976797182515,0.03807321663843403,0.1400693336975428,0.11135238712648611,0.27076405384006336,0.13171839515518546,0.21155882352941177
Germany,0.09027777777777776,0.059204278953881924,0.05053541214310664,0.04930584727335001,0.03504188827613795,0.08923832923832924,0.0068,0.0,0.04477497508241969,0.07206703910614524,0.07086614173228348,0.054466230936819175,0.013222516055912353,0.0401854714064915,0.004958677685950413,0.05288379257230874,0.05389221556886227,0.04352941176470588,0.2122491891629814,0.025928792569659444,0.0,0.010981697171381031,0.08090185676392572,0.05251804599832557,0.0,0.0,0.08571428571428572,0.0,0.23404255319148937,0.060240963855421686,0.0,0.2553191489361702,0.05585115297892928,0.27969387056799916,0.1673430916396948,0.09353183157227515,0.05261499684940139,0.05724107124519932,0.052552552552552555,0.05209245316056733,0.13414110722023137,0.1257461731148963,0.006274246850902821,0.1012695746677864,0.0003791893510990566,0.00468804664723032,0.0847817075558268,0.0004892793640832549,0.02879241765071473,0.035144927536231885,0.14421087727614174,0.020839451422290822,0.011822050673000793,0.16449214053524513,0.07156862745098039
Israel,0.09722222222222221,0.006389138104786798,0.005059123647194859,0.005155080056516676,0.005419573478644604,0.08353808353808354,0.093,0.005147058823529412,0.046845050985202794,0.1340782122905028,0.04274465691788527,0.014161220043572986,0.06006800151114469,0.02936630602782071,0.023140495867768594,0.025158309087797363,0.04790419161676646,0.19117647058823528,0.09161246200995715,0.06811145510835914,0.020105820105820106,0.060898502495840265,0.08222811671087532,0.0067457989675906785,0.0,0.0,0.07142857142857142,0.0,0.0,0.08433734939759037,0.2119815668202765,0.0,0.03406310266305842,0.0066298432441193504,0.014918225417459876,0.05931746258527671,0.002142407057340895,0.00560165122917993,0.0075075075075075074,0.0035895639992995975,0.00509939910888256,0.0027912106403458494,0.0007184252119354375,0.011263152694758683,4.1901739926137075e-05,0.022241010689990282,0.012588852030130122,0.00368199979081686,0.0,0.0012188970449840014,0.0,0.0012409984767969022,0.0013509501187648457,0.04755755443736919,0.0
Iran,0.10416666666666666,0.06222110205938034,0.06467328989546482,0.0661944811398991,0.05896337470136237,0.2997542997542998,0.06999999999999999,0.032352941176470584,0.042244882312351455,0.10502793296089384,0.02362204724409449,0.09477124183006537,0.03891197582168492,0.015455950540958269,0.009917355371900825,0.02190655485195961,0.012974051896207584,0.25191176470588234,0.16775841522510773,0.07585139318885449,0.2433862433862434,0.5048252911813644,0.1419098143236074,0.0512777406191233,0.0,0.0,0.35714285714285715,0.0,0.14893617021276595,0.03614457831325302,0.0967741935483871,0.02127659574468085,0.01724719716286065,0.0001569045761232182,0.04595332810214984,0.034951837059678595,0.010712035286704473,0.037184746667762,0.02702702702702703,0.08448607949571003,0.028900001362564893,0.03363500702700453,0.19086163130418124,0.1054191572395396,0.6866223840213821,0.2558600583090379,0.2678439594838024,0.7109507373705679,0.0005782059250051793,0.0006645962732919255,0.004832470344378789,0.09635758349323467,0.012074425969912907,0.26245714031259737,0.008333333333333333
Spain,0.1111111111111111,0.03316398224588628,0.028356213372270095,0.028055159756723468,0.013740994426627646,0.0654948402948403,0.0030299999999999997,0.01153970588235294,0.03534462930307445,0.076536312849162,0.013498312710911137,0.05555555555555556,0.05289006422364941,0.012364760432766615,0.0,0.02618517884648297,0.016966067864271454,0.04661764705882353,0.04476381740282077,0.01838235294117647,0.03374485596707819,0.0,0.2015915119363395,0.049341882950478935,0.09090909090909091,0.0,0.02857142857142857,0.0,0.23404255319148937,0.0,0.10138248847926268,0.1276595744680851,0.026126665668513252,0.11532619480421305,0.07164055510930316,0.029876160246664847,0.02268431001890359,0.030701258959561314,0.07807807807807808,0.04403782174750482,0.05276191903639411,0.10344792499101692,0.0022510656640643708,0.06258953712394408,0.0004937361342435634,3.9853255587949466e-05,0.03591049337143895,5.3320782344943e-05,0.00026786824114356745,0.0015537361189535102,0.004768198087096943,0.029516029895090654,0.024564528899445767,0.08696620207507681,0.00980392156862745
Australia,0.11805555555555555,0.01866469894050908,0.014605371822345165,0.014610653229705175,0.012216865933761863,0.028181818181818183,0.00641,0.0,0.025070919267039794,0.013407821229050279,0.06974128233970754,0.04139433551198257,0.03702304495655459,0.04636785162287481,0.009917355371900825,0.011809002224884476,0.021956087824351295,0.008676470588235294,0.03971634101342506,0.0,0.005643738977072311,0.0,0.05835543766578249,0.042199243983725224,0.0,0.2222222222222222,0.08571428571428572,0.037037037037037035,0.14893617021276595,0.0,0.04608294930875576,0.06382978723404255,0.06221996768664538,0.15365131668138102,0.050565498537349436,0.017880159984921547,0.13717706364209198,0.01836966790577314,0.0990990990990991,0.052880406233584316,0.12284885067651347,0.13236358544591484,0.01848747545380526,0.05537716741589686,0.008051190562398372,0.14944897959183673,0.05489220727090969,0.06752431754000628,0.0965123264967889,0.02025672877846791,0.6034642746674915,0.4527264563410735,0.12747426761678543,0.0,0.0196078431372549
Egypt,0.125,0.07838046204048543,0.059588065508192914,0.060973143781367,0.0695889399404117,0.21621621621621623,0.096,0.044117647058823525,0.08379973932377521,0.1329608938547486,0.10123734533183353,0.0664488017429194,0.1303362296939932,0.017001545595054096,0.0,0.059558446003765184,0.09980039920159679,0.5323529411764706,0.10444040124630306,0.2043343653250774,0.11310993533215756,0.1757071547420965,0.1989389920424403,0.05430671210364402,0.0,0.2222222222222222,0.11428571428571428,0.0,0.2765957446808511,0.08433734939759037,0.2857142857142857,0.36170212765957444,0.006553733801422592,0.004623374523071024,0.06107099786197074,0.009580699406598062,0.004410838059231254,0.04266830625782998,0.046546546546546545,0.03860970057783226,0.017321606191494872,0.009573553313353375,0.031945974424062454,0.041940423850219836,0.010862194953358393,0.06299028182701652,0.0657212449729356,0.03731827214726493,5.987155583177957e-05,0.000580274797666102,0.0007310969265809971,0.05853075910469604,0.012123911322248614,0.11631117246292914,0.03431372549019608
Ukraine,0.13194444444444445,0.0249510907855738,0.0236948478843188,0.020230939921099266,0.016300843960895508,0.44226044226044225,0.24,0.014705882352941175,0.024840910833397227,0.03910614525139664,0.040494938132733416,0.026143790849673207,0.027578390630902908,0.00463678516228748,0.0,0.023275714530207083,0.03892215568862275,0.1638235294117647,0.048065857063022,0.1273219814241486,0.07231040564373897,0.09284525790349418,0.11803713527851459,0.00431665715453214,0.0,0.0,0.0,0.0,0.0,0.0,0.15207373271889402,0.06382978723404255,0.05998529585937657,0.00589002796149818,0.01776723355899765,0.01173723161428593,0.009136735979836169,0.025828695241420386,0.03903903903903904,0.03589563999299598,0.07403155700290226,0.025465791533515032,0.0001436850423870875,0.012152348960134368,0.0013001718201747167,0.018197278911564627,0.02499833205913589,0.02309381863821776,0.0008800497203231821,0.0020615471485036702,0.1380849277539658,0.03525838216448078,0.013766825019794142,0.24851939261700137,0.0163921568627451
Poland,0.13888888888888887,0.027131432396497592,0.0247395070358902,0.024769360104140124,0.01933490669639221,0.09931203931203932,0.06999999999999999,0.007352941176470587,0.03672467990492985,0.0329608938547486,0.049493813273340834,0.05337690631808279,0.03966754816773706,0.017001545595054096,0.0,0.03696731131268184,0.028942115768463072,0.09029411764705882,0.05882938355972124,0.13099845201238391,0.0,0.06522462562396007,0.08222811671087532,0.07800575634456967,0.0,0.0,0.014285714285714285,0.0,0.0425531914893617,0.024096385542168676,0.013824884792626727,0.5531914893617021,0.05439861629120456,0.01732116049837209,0.051590425300727126,0.056164403800971784,0.017958412098298675,0.02335775605348011,0.015015015015015015,0.013307651899842409,0.06629218841547328,0.06347965357945921,0.0011494803390967,0.03556785061502742,0.0003719478877968177,0.005394557823129252,0.02193588325945176,0.001913858383014329,0.0241727781230578,0.02329794842838321,0.11460948578177159,0.018246268772382994,0.00217735550277118,0.12668655653025782,0.03918627450980392
Taiwan,0.14583333333333331,0.01642155864146939,0.015949190845514747,0.001613796293219596,0.01272969584518849,0.10565110565110565,0.46199999999999997,0.008088235294117646,0.05834547266733114,0.15921787709497207,0.0,0.020697167755991286,0.0876463921420476,0.027820710973724884,0.0,0.04039021050830053,0.09081836327345309,0.13058823529411764,0.05062021695472327,0.09442724458204335,0.15990593768371547,0.07787021630615641,0.1286472148541114,0.05777605573269049,0.0,0.0,0.05714285714285714,0.04938271604938271,0.46808510638297873,0.08433734939759037,0.17050691244239632,0.2978723404255319,0.02204056823235224,0.009342499280396975,0.040101636862490346,0.14278859242085554,0.00315059861373661,0.01451500277258631,0.012012012012012012,0.04071090877254421,0.005494542927606928,0.00625611464815316,3.8316011303223335e-05,0.05038778837128884,7.833946663331205e-06,6.195043731778425e-05,0.023140081876756126,0.00013032109611965274,0.001161798218355086,0.012583286278938453,4.017016080115369e-06,0.002062345522213949,0.007749406175771972,0.0,0.0
Vietnam,0.15277777777777776,0.07450094443105397,0.07186922807269326,0.07179656306682092,0.07498250454289065,0.29484029484029484,1.0,0.036764705882352935,0.018860691558690485,0.02290502793296089,0.0359955005624297,0.009803921568627453,0.022667170381564034,0.00463678516228748,0.0,0.01728564093787438,0.0,0.20205882352941174,0.03018278601302953,0.007739938080495357,0.06290417401528513,0.15773710482529119,0.14588859416445624,0.02347921893229837,0.0,0.0,0.12857142857142856,0.0,0.19148936170212766,0.1927710843373494,0.16129032258064516,0.1702127659574468,0.009586742138983181,0.004903607584669952,0.043198837425572297,0.02838818200900817,0.0024574669187145556,0.07182923948984411,0.024024024024024024,0.17273682367361234,0.008856671798994428,0.029380077568896386,0.008956367642128454,0.024304697920268736,0.014482926604477857,0.007459669582118561,0.008395484637991208,0.014630812676498274,0.009035425730267247,0.015643892339544514,0.013497174029187639,0.019329759053402066,0.017042755344418053,0.2055483813510264,0.4620588235294118
Saudi Arabia,0.1597222222222222,0.02557498133177517,0.02476229642944258,0.027788152290144055,0.025860045277153382,0.1262899262899263,0.0,0.022058823529411763,0.07030591121674462,0.15810055865921788,0.09111361079865017,0.05337690631808279,0.07631280695126558,0.02472952086553323,0.03636363636363636,0.04518226938216669,0.03393213572854291,0.12352941176470587,0.04837207403305612,0.06424148606811146,0.054908877131099355,0.10682196339434276,0.042440318302387266,0.009509007907217365,0.0,0.0,0.0,0.0,0.14893617021276595,0.10843373493975904,0.041474654377880185,0.06382978723404255,0.08351639020051711,0.010087246664902287,0.05847665199217097,0.13273463057194942,0.005229993698802773,0.02149267831837506,0.024024024024024024,0.037909297846261604,0.018428690166369173,0.033314106647057265,0.5322572920159011,0.18016104332361804,0.8512010954359032,0.11843537414965986,0.13329308400625178,0.19711327267022277,0.0,3.086768304159608e-05,0.0,0.12568902524652253,0.013064133016627079,0.19023021774947677,0.0
Thailand,0.16666666666666666,0.04916800948814946,0.04747815322115526,0.04453979175434154,0.046628779986240765,0.17732186732186733,0.04,0.0036764705882352936,0.03779805259526183,0.04022346368715084,0.022497187851518562,0.05882352941176471,0.05100113335851908,0.0401854714064915,0.0,0.044155399623481084,0.006986027944111775,0.09338235294117646,0.043000518017040974,0.009674922600619196,0.06925338036449148,0.008652246256239601,0.3885941644562334,0.029053017102360905,0.0,0.1111111111111111,0.0,0.0,0.14893617021276595,0.07228915662650603,0.22580645161290322,0.10638297872340426,0.006563100987054546,0.00457602634498327,0.04838752916517185,0.06505922958824567,0.006616257088846882,0.05214516029656404,0.03153153153153153,0.07739450183855717,0.014058263274788462,0.027039008303923796,0.01848747545380526,0.06155214148100579,0.0008319453862004042,0.0299290573372206,0.05348129335962665,0.0028918104800753058,0.0028261860368759065,0.006781479390175042,0.004270088093162637,0.02996931192898527,0.01592933491686461,0.2526161107895088,0.0392156862745098
Algeria,0.1736111111111111,0.03298163702316705,0.029431796312117516,0.030527292108752938,0.03133338991551123,0.15970515970515972,0.027,0.022058823529411763,0.046615042551560223,0.05698324022346368,0.04724409448818898,0.06862745098039216,0.03286739705326785,0.015455950540958269,0.008264462809917356,0.0511723429744994,0.07385229540918163,0.21838235294117644,0.06613265829503494,0.043343653250773995,0.056790123456790124,0.08851913477537438,0.14588859416445624,0.01748260578130941,0.0,0.0,0.08571428571428572,0.0,0.1702127659574468,0.0963855421686747,0.3456221198156682,0.0425531914893617,0.0279177551380692,0.00012106604066687476,0.02225019916408895,0.023536419326429758,0.00516698172652804,0.016988509170072497,0.025525525525525526,0.010418490632113466,0.013693777166137537,0.015488872669219899,0.0691125053881891,0.021044311613891222,0.04015720558514315,0.09788726919339164,0.05245865420687498,0.0942160861834536,0.0,3.143233578016187e-05,0.000935964746666881,0.139261166661393,0.004938638163103722,0.2998619584094046,0.0
Sweden,0.18055555555555555,0.007228351667456511,0.005434542651306789,0.005596474202172009,0.004345026988070692,0.01199017199017199,0.00658,0.0036764705882352936,0.012957141761864603,0.03966480446927374,0.0,0.006535947712418302,0.012466943709860219,0.0077279752704791345,0.001652892561983471,0.009070682868389525,0.0,0.016176470588235292,0.01712518404915803,0.005030959752321981,0.0,0.0,0.4084880636604774,0.00516685678910263,0.0,0.0,0.05714285714285714,0.0,0.0,0.08433734939759037,0.8248847926267281,0.1702127659574468,0.014509724174456362,0.04491864691650411,0.021494507849866035,0.017636680542118078,0.01260239445494644,0.007233112895606991,0.13813813813813813,0.031605673262125725,0.03716395743347277,0.08673604675638513,0.0005268451554193208,0.013881341698364868,0.0,0.0,0.0009733381020036072,0.0,0.00023099233478350944,0.0006391869000564653,2.0085080400576843e-05,0.026294803054220193,0.015924386381631038,0.09845482477623903,0.02011764705882353
Canada,0.18749999999999997,0.027165717907187432,0.02172405877193508,0.02145829458047209,0.017739598213378074,0.03341523341523342,0.005399999999999999,0.0008088235294117646,0.02691098673618033,0.036871508379888264,0.0,0.03050108932461874,0.035889686437476385,0.05100463678516229,0.009917355371900825,0.024816019168235493,0.0,0.01088235294117647,0.05517009076781353,0.0,0.0,0.0,0.09681697612732094,0.026322998417209673,0.0,0.0,0.05714285714285714,0.0,0.2553191489361702,0.0,0.11059907834101382,0.0,0.04579512975621965,0.10477329026374525,0.07151243926388094,0.03406806465359791,0.08960302457466919,0.028136616623195252,0.4264264264264264,0.06268604447557345,0.016834489242550175,0.15798808066946532,0.272618420422434,0.1211282912611767,0.560555091077859,0.18239650145772593,0.1425307420641561,0.04324087438552453,0.008913196602444582,0.0032256728778467907,0.02643999983931936,0.5839413697527999,1.0,0.3960012468272699,0.006235294117647059
Singapore,0.19444444444444442,0.00400403346840956,0.005019072060237796,0.004113136081346705,0.002692440530579404,0.02506142506142506,0.050499999999999996,0.001764705882352941,0.017633979912596798,0.055865921787709494,0.0,0.009803921568627453,0.01360030222893842,0.013910355486862442,0.01818181818181818,0.011980147184665411,0.017964071856287425,0.024999999999999998,0.022746817257367706,0.009287925696594427,0.01046443268665491,0.007986688851913478,0.0663129973474801,0.017112221782090584,0.0,0.0,0.08571428571428572,0.0,0.1276595744680851,0.07228915662650603,0.05529953917050691,0.0851063829787234,0.01674439600172517,0.07679616651240394,0.02400573856494815,0.10429565193954518,0.00037807183364839316,0.004401480766466082,0.0075075075075075074,0.28033619331115395,0.0,0.00022598190504568384,0.0,0.07251889542063923,0.0,0.0,0.01501037404530893,0.0,0.0,0.00014756258234519104,0.0,0.0,0.0009550673000791767,0.0,0.0
Greece,0.20138888888888887,0.0071373458783660915,0.006325568412459773,0.006278480421523241,0.0042912975761522565,0.07012285012285012,0.04427,0.008088235294117646,0.04278156865751744,0.0994413407821229,0.0,0.016339869281045753,0.030600680015111445,0.012364760432766615,0.0,0.05014547321581379,0.028942115768463072,0.1976470588235294,0.15771194679990508,0.11397058823529413,0.08206937095825985,0.05058236272878536,0.2546419098143236,0.04958287305906157,0.0,0.0,0.14285714285714285,0.0,0.2765957446808511,0.0,0.17972350230414746,0.14893617021276595,0.00724704073583274,0.024632015121234495,0.011867466848343475,0.0039395126020253055,0.004914933837429112,0.005718459263518926,0.08558558558558559,0.10637366485729295,0.007988036680246897,0.01746317694717278,0.00023947507064514585,0.014869337548782295,3.291574228290422e-05,3.191448007774538e-06,0.005657874157416431,2.073193180629641e-05,0.00283882328568469,0.0026327875023527195,0.011552938246411801,0.007675848717969264,0.06767616785431513,0.049427795342209556,5.882352941176471e-05
Nigeria,0.20833333333333331,0.1670930683923505,0.16411746820915593,0.14420095404005792,0.17783007570419868,0.11302211302211303,0.0,0.007352941176470587,0.012497124894579468,0.007821229050279328,0.026996625421822275,0.025054466230936823,0.010578012844729883,0.017001545595054096,0.0,0.011295567345541673,0.01497005988023952,0.048529411764705876,0.022654952166357472,0.007739938080495357,0.039858906525573196,0.012312811980033278,0.17639257294429708,0.07800575634456967,0.0,0.0,0.0,0.0,0.02127659574468085,0.0,0.5023041474654378,0.0425531914893617,0.0035151387842938327,0.001426722361444659,0.04066854947848363,0.011980421200609872,0.0027725267800882167,0.0969519521061387,0.04204204204204204,0.08124671686219577,0.012937553650992629,0.029309002614890084,0.07380621677283394,0.025342093563207036,0.12142617328163367,0.03882507288629737,0.02266102738594839,0.12051040686120698,0.000630412264346385,0.0005729343120647469,0.00861248247576735,0.05398729394895389,0.004221100554235946,0.19935877454691187,0.08431372549019608
Mexico,0.21527777777777776,0.09215933044508096,0.0803152545339539,0.0793882721164532,0.09271179105095105,0.20245700245700246,0.019731,0.01764705882352941,0.03319788392241049,0.0016759776536312849,0.03712035995500563,0.044662309368191724,0.06649036645258784,0.03863987635239567,0.0,0.030463802841006332,0.0,0.0,0.04994909142873182,0.0038699690402476785,0.00823045267489712,0.0,0.22148541114058354,0.07800575634456967,0.0,0.0,0.0,0.06172839506172839,0.02127659574468085,0.03614457831325302,0.6451612903225806,0.0,0.008476110240830585,0.016622236824099437,0.09185082972465694,0.06211631675159849,0.09338374291115313,0.07682631287096178,0.052552552552552555,0.059008930134827525,0.07967257565641564,0.10674486126563838,0.10062742468509028,0.0857086400237119,0.01904504848488838,0.030536443148688044,0.0990549064257832,0.003772032214203535,0.001544023202817485,0.0034675324675324673,0.0048646064730197116,0.11485032071604759,0.04616983372921615,0.19544017455581777,0.028431372549019607
Argentina,0.2222222222222222,0.03296178163876264,0.02695383848658386,0.027959912990574688,0.029352707538620574,0.05307125307125307,0.0,0.0029411764705882353,0.018324005213524498,0.012849162011173183,0.012373453318335208,0.056644880174291944,0.026822818284850773,0.02009273570324575,0.003305785123966942,0.016087626219407836,0.0,0.05029411764705882,0.055221126929485886,0.010642414860681116,0.02022339800117578,0.008652246256239601,0.05835543766578249,0.026922106561400642,0.0,0.0,0.02857142857142857,0.037037037037037035,0.0,0.07228915662650603,0.059907834101382486,0.0,0.0010222472753763747,0.00799469034733077,0.039387391024261524,0.006685323032593475,0.04744801512287335,0.02787476124951223,0.05555555555555555,0.01759761863071266,0.060858960908013245,0.04241382693370195,0.03865127640212654,0.034777453934693475,0.008172978808845119,0.04206025267249757,0.050561029682784996,0.008293358435310113,0.0002730474414750363,0.0006382458121588556,0.003213608847076215,0.1625779944849321,0.024688242280285037,0.5329295987887963,0.10784313725490197
North Korea,0.22916666666666666,0.018332516217595088,0.012281813054311719,0.008394985706858857,0.01749061436514066,0.6486486486486487,0.11199999999999999,0.014705882352941175,0.0660124204554167,0.20558659217877093,0.1282339707536558,0.0010893246187363835,0.06535700793350963,0.0,0.0,0.03508471675509156,0.01996007984031936,0.6388235294117647,0.04645311435417565,0.2515479876160991,0.0823045267489712,0.49916805324459235,0.2745358090185676,0.03201512705974991,0.0,0.0,0.18571428571428572,0.0,0.0425531914893617,0.04819277108433735,0.7142857142857143,0.02127659574468085,0.0052760601841816525,0.00021811079473587345,0.0021377089677536583,0.0015893562660127725,0.005040957781978576,0.02008456388244234,0.015015015015015015,0.023113290141831555,0.02532667493289368,0.0035753131778128292,0.0,0.0007409968878130713,0.0,0.0,0.0,0.0,0.004505282784338098,0.004093167701863354,0.04258037044922291,0.007007974196028278,0.012346595407759304,0.07155897938282049,0.022058823529411766
Bangladesh,0.2361111111111111,0.1189903293653634,0.108080638612103,0.10542053331386386,0.1337359713319563,0.0800982800982801,0.0,0.9999999999999999,0.016407268266503107,0.02346368715083799,0.0,0.01851851851851852,0.032489610880241784,0.0061823802163833074,0.0,0.01112442238576074,0.0,0.047058823529411764,0.029345792961602942,0.010835913312693499,0.06419753086419754,0.036605657237936774,0.15649867374005305,0.01565473669425546,0.0,0.0,0.02857142857142857,0.0,0.14893617021276595,0.07228915662650603,0.28110599078341014,0.10638297872340426,0.004871584583445998,0.0023014754678869448,0.04508854614554991,0.006331408271089861,0.0008821676118462509,0.09591608305436322,0.003003003003003003,0.048853090527053056,0.008379774086740881,0.055750252331273675,0.0006226351836773792,0.007805167218297684,9.216407839213182e-05,0.023926141885325557,0.033231944403429504,0.0026418366279677857,0.00015620468199709965,0.001414266892527762,0.013095472421176103,0.008641076254145117,0.0028701504354711007,0.19650888364429797,0.08205882352941177
Netherlands,0.24305555555555555,0.012305504726168901,0.010357894546827163,0.01026888630165291,0.00808554590731547,0.020334152334152335,0.001353,0.0007352941176470588,0.009200337345702676,0.017877094972067038,0.0,0.004357298474945534,0.007933509633547412,0.0,0.0,0.01078213246619887,0.011976047904191616,0.0026470588235294116,0.0068158793913427355,0.00890092879256966,0.0,0.0006655574043261231,0.08488063660477453,0.027603709323599446,0.0,0.0,0.04285714285714286,0.0,0.1276595744680851,0.0,0.018433179723502304,0.0851063829787234,0.030152426965338007,0.2142915093468963,0.03954753583103929,0.02023582359404511,0.002646502835538752,0.012590879217925285,0.02702702702702703,0.10392225529679566,0.010406589363818452,0.020823139089128907,0.0033526509890320416,0.04297781949315813,0.0004534044752243208,0.01727308066083576,0.03635892337424984,0.002773935780776069,0.00037808162419722397,0.0019969885187276493,0.013043251212134602,0.002387714290543724,0.0022317893903404593,0.046889611257069065,0.061147058823529415
Myanmar,0.24999999999999997,0.040407112528521076,0.03979591435804539,0.03497868965682147,0.043153401311824255,0.07371007371007371,0.004,0.008088235294117646,0.024304224488231236,0.03240223463687151,0.029246344206974133,0.032679738562091505,0.044956554590102,0.0077279752704791345,0.0,0.014205031661817559,0.008982035928143712,0.06544117647058822,0.015045460461009647,0.01838235294117647,0.02469135802469136,0.059900166389351084,0.30769230769230765,0.019012243596265084,0.0,0.0,0.04285714285714286,0.0,0.1276595744680851,0.03614457831325302,0.6728110599078341,0.0425531914893617,0.0032782635706033393,0.00029672849876908317,0.009136261226671424,0.0024851287303459166,0.004410838059231254,0.029130126717463185,0.01051051051051051,0.008842584486079497,0.017137659931054216,0.02353795934087396,0.00033526509890320416,0.0072123697080472265,0.0004575288177323687,0.01630709426627794,0.0041430557332869595,0.013327664470243698,0.00026268904081209863,0.00027348014304536043,0.001012288052189073,0.03952964414786867,0.009550673000791767,0.29042169479449614,0.12549019607843137
Norway,0.2569444444444445,0.0036373595344653233,0.0027749411084873584,0.0028029928983773766,0.002914288312191346,0.011425061425061426,0.0,0.0058823529411764705,0.007436939354442997,0.0,0.0359955005624297,0.004357298474945534,0.008689081979599547,0.0077279752704791345,0.0,0.005647783672770836,0.0,0.006470588235294117,0.01650509468483894,0.008126934984520124,0.0,0.0,0.05702917771883289,0.013348735535482667,0.0,0.0,0.08571428571428572,0.0,0.0851063829787234,0.07228915662650603,0.08294930875576037,0.10638297872340426,0.010833689018599175,0.03208146180704127,0.01583098675817042,0.02331670811494758,0.008947700063011972,0.0036184818549629297,0.21171171171171171,0.15058658728769042,0.013107874262511752,0.014107163413772566,0.09674792854063892,0.011213752902237811,0.026734824197020467,0.12024003887269193,0.004974291836058366,0.03230749921556322,2.4238657551274085e-05,0.00022604931300583474,8.034032160230738e-06,0.018896479917003182,0.12444576405384007,0.11426281337667542,0.01546078431372549
Portugal,0.2638888888888889,0.007263618319288908,0.006853224282586239,0.006454958630370711,0.005254252211203262,0.011793611793611793,0.042339999999999996,0.0036323529411764702,0.008816989956298399,0.015642458100558657,0.0,0.020697167755991286,0.008689081979599547,0.021638330757341576,0.004958677685950413,0.005305493753208968,0.0,0.004999999999999999,0.027416626050388002,0.0046439628482972135,0.01352145796590241,0.0,0.2572944297082228,0.006846572276469048,0.0,0.0,0.02857142857142857,0.0,0.10638297872340426,0.024096385542168676,0.09216589861751152,0.0,0.005154270569595503,0.017879295082497443,0.016803802401422624,0.01556333714405473,0.008380592312539382,0.0063549988704278,0.02702702702702703,0.08720014008054632,0.012338025098445313,0.02044513575468085,0.0006193783227166052,0.009336560786444698,7.386292568283707e-05,0.0,0.0049217927137780665,0.0015061186068402886,0.0,0.0,0.00016068064320461475,0.0053441074476109785,0.008872723673792557,0.05450416351249054,0.007490196078431373
South Africa,0.27083333333333337,0.04246800939470071,0.03628069621173241,0.023834088933428494,0.042820921873970005,0.035004914004914005,0.005869999999999999,0.007352941176470587,0.013953844974315725,0.0011173184357541898,0.0,0.013071895424836603,0.030600680015111445,0.0,0.0,0.014889611500941296,0.00998003992015968,0.03705882352941176,0.047484044819957175,0.009481424148606811,0.0157554379776602,0.03361064891846922,0.0649867374005305,0.007214310675693454,0.0,0.0,0.04285714285714286,0.0,0.0851063829787234,0.0,0.15207373271889402,0.0425531914893617,0.002517134346235584,0.0026067277372254253,0.027472008849730136,0.018108856747269093,0.03604284814114682,0.0320490439711651,0.012012012012012012,0.00963053755909648,0.07148696706680656,0.11359660832749395,0.004550026342257771,0.029590475720001976,4.937361342435633e-05,5.746161321671526e-05,0.004907574201493819,0.0,0.050852910710586285,0.033154150197628456,0.039740340080581346,0.07126008837654438,0.013846001583531276,0.23351293583292512,0.0
Philippines,0.2777777777777778,0.08334965564356336,0.06645651151413168,0.06652941785601536,0.08880453143924144,0.07371007371007371,0.24,0.005147058823529412,0.015487234531932839,0.0,0.028121484814398204,0.028322440087145972,0.008689081979599547,0.012364760432766615,0.0,0.020879685093274,0.001996007984031936,0.0014705882352941176,0.03009602453818653,0.0023219814241486067,0.034567901234567905,0.0,0.14986737400530503,0.015903182584640557,0.0,0.0,0.0,0.0,0.0425531914893617,0.012048192771084338,0.2672811059907834,0.0,0.004878288598927805,0.004015829245524548,0.0362805817727729,0.030065436527796592,0.015311909262759923,0.06326502844468176,0.10510510510510511,0.1928734022062686,0.00026229374173945033,0.03255703689124226,0.0004789501412902917,0.022279306426913007,0.0004558830306182235,0.0021875607385811466,0.002461990088603206,0.0020613534149147576,0.0030004143360265177,0.006988518727649162,0.0014501428049216482,0.01750434843690516,0.17957739509105305,0.0,0.031558823529411764
Malaysia,0.2847222222222222,0.024175638673437964,0.021153003321013563,0.02142587826206773,0.023012094210912614,0.05552825552825553,0.01032,0.014705882352941175,0.01035037951391551,0.014525139664804468,0.013498312710911137,0.017429193899782137,0.011711371363808084,0.00927357032457496,0.006611570247933884,0.00770152319014205,0.0,0.007058823529411764,0.03425036809831606,0.0,0.023045267489711935,0.011980033277870217,0.1326259946949602,0.013840095607173615,0.0,0.0,0.02857142857142857,0.0,0.0425531914893617,0.07228915662650603,0.3271889400921659,0.0851063829787234,0.005347569682654254,0.011068734939846373,0.036728987231750644,0.032875884953299496,0.006238185255198488,0.021972746503460597,0.052552552552552555,0.15321309753108037,0.006305269038437956,0.021624858495537618,0.027874898223094975,0.03532085165242307,0.01184966722184552,0.07332944606413994,0.04648250412063423,0.024871875326848654,0.0007729438574684069,0.006597026162243553,0.0009078456341060733,0.019250039903440985,0.023134402216943784,0.1221000133588636,0.07058823529411765
Iraq,0.2916666666666667,0.029490360074091535,0.023024086873356695,0.02274699120759173,0.029791142879698595,0.09484029484029484,0.0,0.014705882352941175,0.029977765851414553,0.014525139664804468,0.040494938132733416,0.016339869281045753,0.05251227805062335,0.026275115919629055,0.0,0.03371555707684409,0.03892215568862275,0.15073529411764705,0.09493746794291094,0.08397832817337461,0.07172251616696061,0.19034941763727123,0.09018567639257294,0.07800575634456967,0.0,0.0,0.0,0.0,0.0,0.024096385542168676,0.11981566820276497,0.0,0.008837009740934496,0.001990640955961414,0.018182264840242903,0.032526607895468324,0.00428481411468179,0.01491805467129449,0.009009009009009009,0.006478725267028542,0.007739368587428976,0.008749357212087968,0.21251017769050243,0.04525020994911822,0.47734080301244874,0.009582118561710398,0.021106834620108695,0.07800439284593662,0.0,0.0,0.0,0.025594233737834423,0.0002870150435471101,0.16961303825087945,0.05175490196078431
Switzerland,0.2986111111111111,0.006005981989271216,0.004993098276924737,0.0049663669568850615,0.003993009582246099,0.04991842751842752,0.009942999999999999,0.0007352941176470588,0.011193743770604923,0.024022346368715083,0.0,0.017429193899782137,0.01662259161314696,0.00463678516228748,0.0,0.006845798391237378,0.0,0.03014705882352941,0.017638097473965178,0.02573529411764706,0.0,0.0,0.0,0.07800575634456967,0.0,0.0,0.0,0.0,0.0,0.0,0.0,0.0,0.027961331238700943,0.09861354338335153,0.02333380298467001,0.2503998394409597,0.0037177063642092,0.006162586514961698,0.0,0.001488355804587638,0.01804035917210557,0.010561768539248714,1.436850423870875e-05,0.00943536037148644,0.0,0.0,0.003432130119074572,0.0,0.0,3.0303030303030302e-05,0.0,0.0023721564813803733,0.0,0.07881729527541523,0.012666666666666666
Denmark,0.3055555555555556,0.003964927076889573,0.003330261773669915,0.0033123051259811498,0.0031657770281172653,0.009828009828009828,0.0024,0.0075,0.00897032891206011,0.017318435754189943,0.0044994375703037125,0.004357298474945534,0.015489233094068756,0.00463678516228748,0.0,0.005818928632551771,0.0,0.006470588235294117,0.009625420091405764,0.0036764705882352945,0.0,0.0026622296173044926,0.0663129973474801,0.026694103943699705,0.0,0.0,0.0,0.0,0.19148936170212766,0.0,0.041474654377880185,0.1276595744680851,0.008057630231087414,0.024878620215441554,0.013552350360452329,0.03169703865105936,0.006049149338374291,0.003837978271138403,0.1036036036036036,0.06259849413412713,0.00913599760188579,0.011017529088336146,0.0030173858901288374,0.0074099688781307125,0.0014515842346760762,0.001826044703595724,0.0024149596248937712,0.0006178014852002929,0.0,0.0003365330321852061,0.0,0.002478429185327021,0.0361935866983373,0.006234136349467872,0.00392156862745098
Colombia,0.3125,0.03479539376627338,0.03169281513114376,0.030536106526745165,0.035117493532536,0.1440786240786241,0.006999999999999999,0.022058823529411763,0.033427892356053056,0.008938547486033519,0.026996625421822275,0.09368191721132899,0.02720060445787684,0.03554868624420402,0.001652892561983471,0.04398425466370015,0.0,0.0,0.008614904090293177,0.0011609907120743034,0.012933568489124045,0.0,0.3090185676392573,0.0050266399893983595,0.0,0.0,0.05714285714285714,0.0,0.14893617021276595,0.024096385542168676,1.0,0.0,0.011762753830786182,0.00520760440989247,0.03115671665095699,0.017108562036418175,0.04152488972904852,0.03313369000431291,0.02102102102102102,0.013395202241288741,0.007293128585248872,0.030885256776495697,0.03831601130322333,0.01570913402163711,0.006701645128799299,0.01097181729834791,0.01252432185899392,0.0018362514381340864,0.012170499274911954,0.0014831545266327875,0.01829349122884539,0.06657052018587722,0.01587490102929533,0.29710112659749743,0.24240196078431372
Chile,0.3194444444444445,0.012936230037289146,0.011616288682656017,0.011919993507738433,0.01239132996826625,0.03931203931203931,0.008,0.007352941176470587,0.021237445372997012,0.02513966480446927,0.0,0.034858387799564274,0.03475632791839819,0.03245749613601236,0.008264462809917356,0.014889611500941296,0.0,0.05676470588235294,0.022323217115487178,0.009287925696594427,0.02927689594356261,0.0026622296173044926,0.17241379310344826,0.03989444537040444,0.0,0.0,0.05714285714285714,0.0,0.1702127659574468,0.0,0.18433179723502305,0.0,0.005607350282574253,0.009589104374604033,0.018382830196251376,0.01343781957967635,0.023377441713925647,0.01239705489720893,0.05855855855855856,0.02180003502013658,0.024805493861645163,0.011510042070905469,0.0005268451554193208,0.019908116385911178,0.0004937361342435634,0.0011661807580174927,0.0075642485352198025,0.0020494927308858904,0.00010337683861611768,0.0016256352343308863,0.004744095990616251,0.044180844207666804,0.031843824228028506,0.34737498330142047,0.12049019607843138
Finland,0.3263888888888889,0.003719838302228164,0.0029096684117323243,0.0029717654712244014,0.0022729169405495955,0.011793611793611793,0.174,0.007911764705882353,0.012497124894579468,0.030167597765363124,0.0,0.01198257080610022,0.029089535323007176,0.0015455950540958269,0.0,0.00462091391408523,0.0,0.02941176470588235,0.02965200993163706,0.020704334365325077,0.07842445620223398,0.02529118136439268,0.35013262599469497,0.002223266031674566,0.0,0.0,0.0,0.0,0.0,0.0,0.03686635944700461,0.3829787234042553,0.007559516014775651,0.02956411700537563,0.010116955994417094,0.0049021259705375915,0.005986137366099559,0.003452896839251607,0.05555555555555555,0.024689196287865523,0.02015914757940347,0.06864321861410522,0.0003831601130322333,0.008546164106110756,0.0,0.0,0.0012654475932980496,0.0,0.0001673917547130723,0.0007794089968003011,0.0,0.01973537336373228,0.006185669041963579,0.11412922474061539,0.0784313725490196
Peru,0.3333333333333333,0.02278694153787232,0.02037118393587847,0.020151530390680596,0.025782811856757806,0.05896805896805897,0.077,0.008823529411764706,0.019627386337499043,0.008379888268156424,0.024746906636670417,0.04139433551198257,0.02720060445787684,0.01854714064914992,0.0,0.018997090535683724,0.015968063872255488,0.03529411764705882,0.016525509149507882,0.0023219814241486067,0.03409758965314521,0.016306156405990018,0.09416445623342175,0.03851849286421554,0.0,0.0,0.05714285714285714,0.0,0.14893617021276595,0.0963855421686747,0.059907834101382486,0.0,0.0038056461218387776,0.00263484071796503,0.016411223422087614,0.02068915912802681,0.010270951480781347,0.02354002793123986,0.03003003003003003,0.009718087900542812,0.0063188946873594855,0.0025342473450922897,0.0056516116672254415,0.010275156844341255,0.002827100188936361,0.011924198250728862,0.007858462366332314,0.006278820207091309,3.1696706028589185e-05,0.00013401091661961227,0.006294664197540783,0.07512766615374637,0.011945764053840064,0.3144676492853008,0.08635294117647059
Venezuela,0.3402777777777778,0.021832701899970067,0.020341123977130622,0.020360728038189172,0.026016641255479766,0.053562653562653564,0.0015999999999999999,0.032352941176470584,0.01755731043471594,0.01675977653631285,0.0,0.05337690631808279,0.028333962976955042,0.00463678516228748,0.001652892561983471,0.015060756460722231,0.00998003992015968,0.02529411764705882,0.022246662872978648,0.009287925696594427,0.011757789535567314,0.011980033277870217,0.04509283819628647,0.07800575634456967,0.0,0.0,0.014285714285714285,0.0,0.02127659574468085,0.0,0.1152073732718894,0.0,0.0045577472720243675,0.004918403890322376,0.009311395587363587,0.002921391717683418,0.03144297416509137,0.01457918301123411,0.046546546546546545,0.02381369287340221,0.0015226662669809649,0.0143026195372899,0.0364481057521912,0.018030924270118064,1.0,0.017197278911564626,0.019354676414003704,0.1186905135446083,4.0812098611974314e-05,1.543384152079804e-05,0.0029364347375482546,0.05330193151370523,0.013855898653998418,0.23453711537605199,0.0696078431372549
Romania,0.3472222222222222,0.012571131725539983,0.012241921144934106,0.012253838990930405,0.008258131291053477,0.03995085995085995,0.011,0.0022058823529411764,0.01073372690331979,0.011731843575418994,0.0,0.01525054466230937,0.01662259161314696,0.0030911901081916537,0.0,0.01112442238576074,0.0,0.04823529411764706,0.027278828413872646,0.0,0.08465608465608467,0.08086522462562397,0.02652519893899204,0.07800575634456967,0.0,0.0,0.0,0.0,0.06382978723404255,0.08433734939759037,0.013824884792626727,0.10638297872340426,0.010822515659462831,0.00589002796149818,0.024561409015505634,0.02115466863414868,0.004977945809703843,0.010386929822759853,0.016516516516516516,0.011118893363684119,0.036203349184504914,0.012479577340940178,0.003208965946644954,0.01081855456207084,0.0019749445369742534,0.009233236151603498,0.010997472386008547,0.0022064637590210228,0.003762171120778952,0.003652173913043478,0.0011689516793135723,0.013900960975458258,0.0011134204275534442,0.12664202698490448,0.01697058823529412
Ethiopia,0.3541666666666667,0.08354279836696889,0.07436841254563287,0.056281059177223265,0.11375593596238957,0.07960687960687961,0.0,0.0,0.00789695622172813,0.013966480446927373,0.0,0.008714596949891068,0.012844729882886286,0.0,0.0,0.005647783672770836,0.006986027944111775,0.04970588235294117,0.018301567575705766,0.006772445820433437,0.036331569664903,0.013311148086522463,0.0,0.07800575634456967,0.0,0.0,0.0,0.0,0.0,0.0,0.0,0.0,0.0023280531762508018,0.001126559124504815,0.01118922156267829,0.0009027697446771881,0.003402646502835539,0.07890831981269639,0.0,0.0010506040973559797,0.002244825659822049,0.017944755321433442,0.0,0.005335177592254113,1.4087937697083007e-06,0.0,0.0,0.0005212634661646271,1.6573441060700228e-06,0.00012422360248447205,0.0,0.06454625035451042,0.0,0.263837556218551,0.0
Czechia,0.3611111111111111,0.007403695302987673,0.00655735612502345,0.006507511706041658,0.00399614066685673,0.013759213759213759,0.0008399999999999999,0.0,0.007590278310204708,0.0067039106145251395,0.01799775028121485,0.010893246187363835,0.006422364941443143,0.0030911901081916537,0.0,0.007188088310799246,0.003992015968063872,0.006323529411764705,0.015964111371112002,0.009674922600619196,0.0,0.005324459234608985,0.0,0.07800575634456967,0.0,0.0,0.0,0.0,0.0,0.0,0.0,0.0,0.00752637471424134,0.009441141318079799,0.016454878896415233,0.04300376020448522,0.015122873345935726,0.006818508553942207,0.0,0.0,0.032524423975691844,0.008160255189458796,0.00019158005651611666,0.010324556636862126,4.937361342435633e-05,0.00021839164237123418,0.008314548491142415,8.292019663215145e-05,0.007752848560182308,0.0075736871823828345,0.014441172808014751,0.004570720565780201,0.0,0.09110744979293761,0.006509803921568628
United Arab Emirates,0.3680555555555556,0.006834183161551942,0.007506097478152043,0.007810362453781579,0.003274613529182815,0.03194103194103194,0.026,0.001764705882352941,0.042244882312351455,0.0553072625698324,0.01799775028121485,0.040305010893246195,0.055534567434831886,0.04173106646058732,0.006611570247933884,0.04227280506589081,0.02994011976047904,0.05205882352941176,0.02200424110503497,0.031927244582043345,0.01164021164021164,0.016306156405990018,0.24005305039787797,0.008176828055481599,0.0,0.0,0.0,0.0,0.0,0.13253012048192772,0.15668202764976957,0.0425531914893617,0.002456307005919646,0.011808550222467544,0.022883924193469914,0.054920339790837866,0.0024574669187145556,0.008315191719208888,0.03003003003003003,0.057345473647347225,0.0,0.00031406624975435104,0.19857272857895494,0.04628760559205652,0.3219159595268033,0.05508551992225461,0.07228582272140138,0.00012741345047589164,0.0,0.0006160361377752682,0.0,0.004847544290479971,0.0065221694378463976,0.04746849534666251,0.0
Hungary,0.375,0.006709442516634834,0.005953188517687874,0.005973423385873306,0.004861488957645651,0.020442260442260444,0.004,0.0022058823529411764,0.005290193973779039,0.0067039106145251395,0.0,0.003267973856209151,0.004533434076312807,0.0,0.0,0.0075303782303611155,0.007984031936127744,0.030735294117647055,0.01968209574894291,0.0046439628482972135,0.03468547912992358,0.0,0.0,0.07800575634456967,0.0,0.0,0.0,0.0,0.0,0.0,0.0,0.0,0.005097286438000148,0.006136633055705236,0.01228787899509646,0.013247094016146967,0.006679269061121613,0.006181840586556037,0.0,8.755034144633164e-05,0.026185090814950063,0.03061523269909568,0.00172422050864505,0.008546164106110756,3.982804816231411e-05,0.0014800777453838677,0.010374045308929991,7.819265767179165e-05,0.001129065672260203,0.001163184641445511,0.011685499777055608,0.005982211575325852,0.0,0.09377922251413813,0.015901960784313725
Angola,0.3819444444444444,0.02603984289487351,0.00962866798279908,0.005854957608057761,0.015455075385871738,0.05257985257985258,0.0,0.0014705882352941176,0.02284750440849498,0.03966480446927374,0.013498312710911137,0.03376906318082789,0.024933887419720437,0.0030911901081916537,0.0,0.019852815334588395,0.01497005988023952,0.04544117647058823,0.013820592580873177,0.004837461300309598,0.06760728982951206,0.037603993344425955,0.04111405835543766,0.07800575634456967,0.0,0.0,0.0,0.0,0.0,0.0,0.1336405529953917,0.0,0.0012149463790495048,0.0020239102250344384,0.00834709964783196,0.004036324666187637,0.006490233144297416,0.019296430551847363,0.03153153153153153,0.005603221852565225,0.009405104168086004,0.0036430470015025975,0.05627664160160927,0.0061749740651089275,0.025618322218784354,0.005358600583090379,0.0015279432046995465,0.007175023533103232,0.0,0.0,0.0,0.07287494217729668,0.007917656373713382,0.23907912900209288,0.012745098039215686
Kazakhstan,0.3888888888888889,0.014063944335808353,0.011823044971391916,0.010974046122510243,0.011765363532908807,0.05405405405405406,0.027,0.008088235294117646,0.015180556620409416,0.03519553072625698,0.028121484814398204,0.020697167755991286,0.009822440498677748,0.0,0.0,0.01112442238576074,0.011976047904191616,0.051470588235294115,0.019526435455842237,0.024380804953560372,0.022810111699000588,0.09550748752079867,0.034482758620689655,0.07800575634456967,0.0,0.0,0.0,0.0,0.0,0.0,0.10599078341013825,0.0425531914893617,0.0022734433834719204,0.00406611426609786,0.022428696565723445,0.010419833914831447,0.008128544423440453,0.012062034051467416,0.0,0.01068114165645246,0.0566690738646428,0.014299278406973365,0.09363475262225203,0.014128340660969225,0.09874722684871266,0.02624975704567541,0.0247434925697336,0.050350381759230206,0.024486223327118292,0.015970638057594577,0.10285569673135402,0.15933191024220292,0.00012866191607284244,0.5950928441020616,0.43120588235294116
Uzbekistan,0.3958333333333333,0.025558130868838354,0.024746072140304325,0.025381155695180048,0.030417109315056038,0.023587223587223587,0.0,0.0029411764705882353,0.014720539753124283,0.03240223463687151,0.014623172103487066,0.014161220043572986,0.0026445032111824707,0.0,0.0,0.01728564093787438,0.03393213572854291,0.049999999999999996,0.0073645181293205296,0.028444272445820436,0.02774838330393886,0.03594009983361065,0.0,0.07800575634456967,0.0,0.0,0.0,0.0,0.0,0.0,0.0,0.0,0.003116808531083168,0.0008526705394204864,0.010054435461851056,0.010012005848135636,0.004473850031505987,0.01807315520322031,0.0,0.0,0.015812565573435435,0.012830547893736263,0.0030652809042578666,0.004396581534357557,0.0019551950916045107,0.04616132167152575,0.04727874080855211,0.03851061604434682,0.0011095918790138802,0.0013920572181441745,0.005523397110158632,0.026125480281558915,0.0020783847980997625,0.306942156120586,0.010784313725490196
Morocco,0.4027777777777778,0.026170984990933992,0.023378777895290297,0.024255839291076893,0.02645845816793727,0.09621621621621622,0.03,0.007352941176470587,0.019934064249022464,0.046368715083798875,0.0,0.03376906318082789,0.028333962976955042,0.0061823802163833074,0.003305785123966942,0.013349306862912887,0.0,0.1327941176470588,0.019886240395632325,0.07662538699690404,0.01798941798941799,0.042928452579034944,0.14721485411140584,0.07800575634456967,0.0,0.0,0.0,0.0,0.1276595744680851,0.012048192771084338,0.4838709677419355,0.0,0.014956658539910123,0.002018103795998109,0.010640757628425805,0.010525051816900088,0.002898550724637681,0.015523916124129716,0.018018018018018018,0.008229732095955174,0.00704105408020057,0.008396564224573771,1.1973753532257292e-06,0.015610334436595366,2.2514367721506488e-06,8.026724975704567e-05,0.00026599664661856436,3.0206045392741342e-05,0.0,0.0022473178994918126,0.0003856335436910754,0.04180903865431267,0.009080562153602534,0.105223315669947,0.0
Azerbaijan,0.4097222222222222,0.007271049685882361,0.006720710215299065,0.006155576325001021,0.006593396225272937,0.062113022113022116,0.06,0.0022058823529411764,0.011807099593651768,0.0067039106145251395,0.020247469066366708,0.003267973856209151,0.013222516055912353,0.0,0.0,0.014718466541160363,0.015968063872255488,0.07308823529411763,0.019286565495982178,0.03831269349845202,0.07642563198118754,0.0891846921797005,0.05039787798408488,0.07800575634456967,0.0,0.0,0.05714285714285714,0.0,0.0,0.0,0.07834101382488479,0.0851063829787234,0.0055710368653811345,0.0006960538859540775,0.006746548390972279,0.003980382365638744,0.0018273471959672338,0.006781284015526483,0.0,0.027315706531255472,0.010028477606245997,0.00348829192002306,0.029599118731740027,0.0050881786296497564,0.023041019598032956,0.03321185617103984,0.012861191226959175,0.035540215458634034,0.0,1.129305477131564e-05,0.0,0.005023008303600468,0.0035283056215360256,0.10989891793204791,0.0
Belgium,0.4166666666666667,0.008209350728336203,0.006317868550165456,0.00611108943889907,0.00492440288442194,0.012285012285012286,0.0012799999999999999,0.0,0.008280303611132408,0.024022346368715083,0.0,0.007625272331154685,0.014355874574990555,0.0,0.0,0.003422899195618689,0.0,0.0,0.011539276154119,0.0,0.0,0.0,0.011936339522546418,0.0,0.0,0.0,0.0,0.0,0.0425531914893617,0.0,0.009216589861751152,0.10638297872340426,0.011381183616280034,0.06495239639698684,0.02390433487329647,0.011825058127582897,0.002898550724637681,0.0067286562198352875,0.01051051051051051,0.017334967606373666,0.012269896853837664,0.01767792050479012,0.0005268451554193208,0.028800079039668032,0.0,1.3057337220602525e-05,0.016785500617411554,0.0,0.00026310337683861613,0.0009164313946922642,0.01646976592847301,0.0017434689223696322,0.00033155186064924786,0.057754820323284495,0.020029411764705882
Bulgaria,0.4236111111111111,0.004537157855813977,0.0040627761252355335,0.004085880784155896,0.0024724713997338415,0.01818181818181818,0.0006,0.0,0.004983516062255616,0.005586592178770949,0.005624296962879641,0.006535947712418302,0.007933509633547412,0.0,0.0,0.00462091391408523,0.003992015968063872,0.013235294117647057,0.012325233043873235,0.009287925696594427,0.0028218694885361554,0.007986688851913478,0.04774535809018567,0.07800575634456967,0.0,0.0,0.0,0.0,0.0851063829787234,0.03614457831325302,0.0,0.2127659574468085,0.0015187187285611173,0.0011883224912812187,0.006687775246884839,0.013425355751056649,0.006805293005671077,0.003739140703620792,0.003003003003003003,0.006828926632813868,0.01372443487621098,0.002657717297244266,0.00019158005651611666,0.00489057945956627,4.937361342435633e-05,2.024975704567541e-05,0.0030635425313983032,0.00011846041209078547,0.007357779158897866,0.006770186335403727,0.009504260045552963,0.0064430970497890245,0.0017517814726840857,0.08042035890813554,0.004607843137254902
Serbia,0.4305555555555556,0.004444948260264064,0.004156663924287132,0.004026982922900316,0.003256620229620386,0.012285012285012286,0.00039999999999999996,0.08823529411764705,0.00843364256689412,0.006145251396648044,0.01912260967379078,0.003267973856209151,0.012466943709860219,0.0,0.0,0.007872668149922985,0.003992015968063872,0.03852941176470588,0.009183957292939911,0.01741486068111455,0.01763668430335097,0.032612312811980036,0.02652519893899204,0.07800575634456967,0.0,0.0,0.0,0.0,0.0,0.0,0.03225806451612903,0.10638297872340426,0.002540219623547184,0.0015497783034539802,0.00502713765852214,0.007986198912714867,0.002520478890989288,0.004034369801400669,0.0,0.0,0.01135357196386478,0.006414362729509075,0.0006226351836773792,0.003951983401669713,0.0002550970026925077,0.00034341690962099125,0.003214477507954164,0.0010069867168706202,0.007277605137766729,0.007208168642951251,0.03018385882598688,0.004489246775687916,0.0,0.10339760431045998,0.005754901960784314
Syria,0.4375,0.016612519951642972,0.01988135463725771,0.02105102060813798,0.02782123143386851,0.08353808353808354,0.01,0.007352941176470587,0.015870581921337116,0.05810055865921787,0.010123734533183354,0.003267973856209151,0.0056667925953910086,0.0015455950540958269,0.0,0.013178161903131952,0.01397205588822355,0.05367647058823529,0.028233204637145647,0.01741486068111455,0.07536743092298648,0.06788685524126456,0.03580901856763925,0.07800575634456967,0.0,0.0,0.0,0.0,0.0,0.0,0.07373271889400922,0.0851063829787234,0.00031045178360331895,0.0001647320011625096,0.001623192529641923,9.426567498967882e-05,0.002268431001890359,0.007862079234355425,0.0045045045045045045,0.0021012081947119595,0.006989957896744833,0.010306020200473895,0.0035921260596771874,0.006718371782838513,0.008228935570726055,0.002998056365403304,0.003373068606509235,0.005034891747725133,0.0,8.846226237530584e-06,0.0,0.010920763200610988,0.0009550673000791767,0.105223315669947,0.008823529411764706
Ecuador,0.4444444444444444,0.0126855244416488,0.010914178512816897,0.010669572992196988,0.013683257226407602,0.02027027027027027,0.0236,0.00022058823529411763,0.007820286743847275,0.0,0.0,0.02178649237472767,0.012844729882886286,0.012364760432766615,0.0,0.007872668149922985,0.0,0.007941176470588234,0.013065257388122352,0.0009674922600619196,0.012463256907701352,0.007986688851913478,0.03978779840848806,0.07800575634456967,0.0,0.0,0.02857142857142857,0.0,0.0425531914893617,0.07228915662650603,0.02304147465437788,0.0,0.0026391474280044605,0.001984610340475805,0.00816597587136631,0.0012826881106722124,0.019344675488342785,0.011171212339035962,0.009009009009009009,0.013482752582735073,0.0032871878023190853,0.006369105600676002,0.022989606781934,0.011016153732154326,0.027231193590646664,0.000301047619047619,0.0003388140229530538,0.00022805145905240037,0.0,3.952569169960474e-06,9.640838592276886e-05,0.016542805645004835,0.011069873317498022,0.09961259295542592,0.014705882352941176
Democratic Republic of the Congo,0.4513888888888889,0.08131807425682479,0.0512451174686306,0.04999790910837636,0.10591611757531647,0.08185749385749386,0.0062,0.0014705882352941176,0.0035267959825193594,0.0005586592178770949,0.006749156355455569,0.006535947712418302,0.00037778617302606723,0.0,0.0,0.005476638712989902,0.007984031936127744,0.015441176470588234,0.0021231043255698825,0.0015479876160990713,0.0070546737213403885,0.008319467554076539,0.021220159151193633,0.07800575634456967,0.0,0.0,0.0,0.0,0.0,0.0,0.07373271889400922,0.0,0.0008743823925737386,0.0001954231260688242,0.004764468146445252,0.0011250424178689544,0.016950220541902962,0.04594406563841367,0.0045045045045045045,0.0021012081947119595,0.013649493807142565,0.022835258887482578,0.0009100052684515543,0.001185595020500914,0.000592483361092276,3.6929057337220603e-07,4.156180513857034e-07,2.073193180629641e-05,0.0,4.329004329004329e-06,0.003968807870137904,0.1371040120840896,0.00018309580364212193,0.46671416484837686,0.14705882352941177
Cuba,0.4583333333333333,0.007494279795160971,0.007640877134701747,0.0074776433016488855,0.005875501145747354,0.02235872235872236,0.008,0.16838235294117646,0.0023767538143065247,0.006145251396648044,0.0,0.004357298474945534,0.0011333585190782018,0.0,0.0,0.0022248844771521475,0.003992015968063872,0.01661764705882353,0.017301258806927646,0.011609907120743035,0.015285126396237508,0.004991680532445923,0.02519893899204244,0.07800575634456967,0.0,0.0,0.0,0.0,0.02127659574468085,0.012048192771084338,0.027649769585253454,0.0851063829787234,0.005022183587229298,0.0014540955269016422,0.00436051888582902,0.003021826987839849,0.007561436672967863,0.006581041670945349,0.05105105105105105,0.005690772194011557,0.028501451131610143,0.008806612036148602,0.0016284304803869916,0.008052166180902041,0.00040815520430801235,0.000640849368318756,0.0007212438792038946,0.001480849283547746,0.0,3.7643515904385467e-07,0.0,0.0064419272897015545,0.018482779097387176,0.0012913568152469162,0.0023529411764705885
Austria,0.4652777777777778,0.006081905914227903,0.0051723285068621,0.005714289069120436,0.004042355475709651,0.007862407862407862,0.02512,0.0,0.0065169056198727295,0.008379888268156424,0.0,0.01198257080610022,0.00680015111446921,0.0,0.0,0.007016943351018312,0.0,0.008235294117647058,0.01846998690922453,0.005804953560371517,0.0,0.0,0.0,0.07800575634456967,0.0,0.0,0.0,0.0,0.0,0.0,0.0,0.0,0.006102609426292703,0.028218998309700778,0.018740049202249854,0.00904214606763515,0.0036546943919344675,0.005949508122651003,0.0,8.755034144633164e-05,0.020857462086631876,0.020506491056857232,0.000862110254322525,0.012004149582571753,0.00011586341283582286,0.0006007862001943634,0.008898601226510745,0.0001054283024788202,0.0002633105448518749,0.0009459815546772069,0.0,0.004863394539665189,0.0,0.11239257247183505,0.0035098039215686275
Sri Lanka,0.4722222222222222,0.015281606939881044,0.013700760378612713,0.01356223524399901,0.012772195100303462,0.17002457002457003,0.018,0.0,0.0065169056198727295,0.0027932960893854745,0.0,0.01525054466230937,0.003022289384208538,0.00463678516228748,0.0,0.009412972787951394,0.008982035928143712,0.006470588235294117,0.007925915907716411,0.0,0.011287477954144622,0.009317803660565723,0.35809018567639256,0.004075667045949501,0.0,0.0,0.0,0.0,0.10638297872340426,0.0,0.271889400921659,0.0,0.0013982341623220923,0.00205238190409289,0.009028163482096434,0.0009953533825161661,0.0009451795841209829,0.010932461851266147,0.009009009009009009,0.008404832778847838,0.005320815903857422,0.01702169213671055,0.0,0.005878575309983699,0.0,0.0,0.0,0.0,0.0,0.0003922454357236966,0.0,0.0037953450918007245,0.006631037212984957,0.0,0.0015686274509803923
Belarus,0.4791666666666667,0.0064590012918787215,0.006481392788681469,0.00586191820637452,0.004287331535645457,0.03095823095823096,0.028999999999999998,0.008088235294117646,0.014183853407958292,0.02011173184357542,0.05624296962879641,0.004357298474945534,0.010200226671703816,0.0,0.0,0.011637857265103541,0.028942115768463072,0.07455882352941176,0.017433952827275764,0.06907894736842106,0.025279247501469725,0.06855241264559069,0.0,0.07800575634456967,0.0,0.0,0.0,0.0,0.0,0.0,0.0,0.0,0.0011887336785156417,0.0019443464541852712,0.00798001572173597,0.002348200529416918,0.0027095148078134846,0.006117660347908237,0.0,0.0003502013657853266,0.018830646809554305,0.012846342327959885,0.001436850423870875,0.006372573235192413,0.0006517316972015036,7.184548104956268e-05,0.018246726187546553,5.924066520238469e-05,0.0,0.00014643327686805947,0.0,0.01210005683279385,0.0,0.16026183372667763,0.024509803921568627
Slovakia,0.4861111111111111,0.0036754713542363343,0.003604175572890892,0.003674434919867097,0.0024789840557239546,0.009582309582309583,0.0,0.0,0.003143448593115081,0.0011173184357541898,0.0,0.007625272331154685,0.003400075557234605,0.0015455950540958269,0.0,0.0037651891151805577,0.0,0.0066176470588235285,0.007629906170016766,0.006772445820433437,0.0010582010582010583,0.008319467554076539,0.0,0.07800575634456967,0.0,0.0,0.0,0.0,0.0,0.0,0.0,0.0,0.0029520014838220936,0.005692743886132535,0.006655490053838442,0.003267045569520486,0.006994328922495274,0.0033797313671931157,0.0,0.0,0.012355057159597225,0.008339765009192665,0.00033526509890320416,0.0045447809119201705,2.96241680546138e-05,5.107482993197279e-05,6.608764509718354e-05,0.00029616148938395564,0.00048539465506525795,0.001090532655750047,7.632330552219201e-05,0.0028259064193099787,0.0,0.07066838847575366,0.0016862745098039217
Qatar,0.4930555555555556,0.0015466771176200075,0.0007254780674088535,0.0007015861925672705,0.0004567208752041102,0.0327027027027027,0.003,0.0008088235294117646,0.019244038948094764,0.05698324022346368,0.006749156355455569,0.013071895424836603,0.01926709482432943,0.0,0.0,0.013691596782474755,0.02395209580838323,0.014558823529411763,0.012605931933071177,0.00890092879256966,0.0014109347442680777,0.005324459234608985,0.15251989389920423,0.07800575634456967,0.0,0.0,0.0,0.0,0.0,0.04819277108433735,0.4838709677419355,0.0,0.010523069634608811,0.008356078903568749,0.00959959218164085,0.014934058726999573,0.000315059861373661,0.0023682508061037976,0.009009009009009009,0.010768691997898792,0.0,0.0007634482773283956,0.08692945064418794,0.014572938793657068,8.309249981896342e-05,0.16481535471331388,0.0454062721138881,0.49913188996966845,0.0,0.0,0.0,0.0006355891435268138,0.002786025336500396,0.003874070445740749,0.0
Sudan,0.5,0.035416680188577646,0.034898620011125654,0.027214088789589953,0.05470334622352162,0.04520884520884521,0.016999999999999998,0.002573529411764706,0.01265046385034118,0.020670391061452513,0.03037120359955006,0.014161220043572986,0.0056667925953910086,0.0,0.0,0.010953277425979804,0.03493013972055888,0.03294117647058823,0.007185891563467294,0.01934984520123839,0.03374485596707819,0.06389351081530782,0.007957559681697613,0.07800575634456967,0.0,0.0,0.0,0.0,0.0,0.0,0.027649769585253454,0.0,0.0003664861796720843,0.0016684177724125024,0.004188811624001902,5.507742678527684e-05,0.0023944549464398235,0.017200303957610238,0.006006006006006006,0.001225704780248643,0.024699895082503306,0.0044023948007152446,0.0032568609607739833,0.0061749740651089275,0.004114467785363027,0.0,0.0,0.0017770316912456856,0.0,0.0,0.0,0.1088324314580539,0.004221100554235946,0.30364696976443867,0.03988235294117647
Croatia,0.5069444444444444,0.002676281597274086,0.0025519997955917566,0.0024159593823450624,0.0021763960389525297,0.0070393120393120396,0.00402,0.0002941176470588235,0.005136855018017327,0.005586592178770949,0.0,0.0,0.010578012844729883,0.0,0.0,0.006332363511894574,0.0,0.0066176470588235285,0.007053197543119177,0.004837461300309598,0.0049382716049382715,0.013976705490848586,0.03978779840848806,0.07800575634456967,0.0,0.0,0.0,0.0,0.0,0.0,0.04608294930875576,0.02127659574468085,0.0012983443316431766,0.0024375566425993843,0.004933997438900192,0.0009157298075898414,0.0023314429741650915,0.001994721817173605,0.024024024024024024,0.03361933111539135,0.008914580806910929,0.0037885380398317405,0.0005268451554193208,0.003359185891419256,0.00023370177020861998,0.0007205597667638483,0.002736516748860605,0.0005212634661646271,0.0,0.000132128740824393,0.0,0.0032680172443692577,0.028874703087885988,0.09961259295542592,0.0462156862745098
Jordan,0.5138888888888888,0.007641299695503977,0.0044241408846905925,0.004679581691237839,0.005988387182909321,0.04938574938574939,0.013,0.005147058823529412,0.021007436939354446,0.024581005586592177,0.006749156355455569,0.014161220043572986,0.024933887419720437,0.02009273570324575,0.0,0.026527468766044837,0.04391217564870259,0.21441176470588233,0.04220690570303588,0.06927244582043345,0.00940623162845385,0.018635607321131446,0.03580901856763925,0.07800575634456967,0.0,0.0,0.0,0.0,0.0,0.0,0.12442396313364056,0.0,0.0027776970812951264,0.0011214252548163227,0.0032525089966950276,0.004550414118278391,0.0008821676118462509,0.0036877965127025533,0.0015015015015015015,0.002976711609175276,0.0017338638252646782,0.0007883548851425706,9.579002825805834e-07,0.004692980289482784,3.2915742282904223e-06,0.00018198445092322644,0.004792732371505664,0.00012615835163685805,0.0,9.01562205910032e-05,0.0,0.005183382411592603,0.00012866191607284244,0.07765952709622834,0.0
Libya,0.5208333333333334,0.004946157992448484,0.004900438162869241,0.005169393714114191,0.00514837980356911,0.015724815724815724,0.0,0.014705882352941175,0.010963735336962356,0.005586592178770949,0.0011248593925759281,0.006535947712418302,0.014355874574990555,0.0,0.0,0.002738319356494951,0.003992015968063872,0.006323529411764705,0.0044197316008257655,0.0029024767801857586,0.0032921810699588477,0.008319467554076539,0.00663129973474801,0.07800575634456967,0.0,0.0,0.0,0.0,0.0,0.012048192771084338,0.004608294930875576,0.02127659574468085,0.0034034051929303926,0.00012045517742987895,0.0037375876164248744,0.026785710461937957,0.003969754253308129,0.002834199338686821,0.02102102102102102,0.008404832778847838,0.006812824460764944,0.005313612159770422,0.059629292590641314,0.011263152694758683,0.15919040440280968,0.011498542274052477,0.01007545655096079,0.03148206254575881,0.0,0.0,0.0,0.10286993034020192,0.008758907363420427,0.1932136972881507,0.0
Turkmenistan,0.5277777777777778,0.0038030635289582537,0.003514154065394183,0.0035029948887607045,0.0044803315910447805,0.017936117936117938,0.0,0.0005147058823529411,0.006976922487157863,0.013407821229050279,0.03037120359955006,0.0054466230936819175,0.003400075557234605,0.0,0.0,0.004449768954304295,0.00998003992015968,0.09617647058823528,0.012585517468402235,0.014125386996904025,0.052910052910052914,0.054575707154742095,0.021220159151193633,0.07800575634456967,0.0,0.0,0.0,0.0,0.0,0.0,0.07373271889400922,0.0,0.0011888677588252777,6.721089572608258e-05,0.0028676489970467056,0.006782251039347618,0.001260239445494644,0.0025325522170421637,0.0,0.00639117492558221,0.01741698573394558,0.00859277969589032,0.013027443843095933,0.0074099688781307125,0.0019749445369742534,0.08403498542274052,0.045456583772740054,0.23694174249555486,0.0,0.0,0.003213612864092295,0.028505942059560325,0.008749010292953286,0.18515384957919578,0.012745098039215686
Albania,0.5347222222222222,0.001939000682327115,0.0018830842386216619,0.0019819549894752497,0.002518310478433486,0.0032432432432432435,0.00039999999999999996,7.352941176470588e-05,0.001456720079736257,0.0,0.0,0.0,0.0,0.0,0.0,0.0032517542358377546,0.0,0.006764705882352941,0.004368695439153412,0.0,0.005878894767783657,0.04492512479201331,0.02519893899204244,0.07800575634456967,0.0,0.0,0.0,0.0,0.0,0.0,0.08755760368663594,0.0,0.000608794349855752,0.0002993559639546347,0.0014200040016984316,0.0018661692039619545,0.0,0.0015377585180012733,0.0045045045045045045,0.0058658728769042205,0.0014443187856821682,0.00029356385917560956,6.705301978064084e-05,2.9639875512522837e-05,0.0004937361342435634,4.919630709426628e-05,5.5367980566574905e-05,0.00011906704319631837,7.851667702506733e-05,7.321663843402974e-05,0.0020968823938202225,0.001639360274584804,0.0017913697545526525,0.03076991583915928,0.0004019607843137255
Kuwait,0.5416666666666666,0.001961094029885223,0.0021495835010591426,0.002233011949070717,0.0014962409659337577,0.03538083538083538,0.0048,0.0011029411764705882,0.009813693168749521,0.024022346368715083,0.0,0.002178649237472767,0.004911220249338874,0.0,0.004958677685950413,0.011466712305322608,0.015968063872255488,0.05397058823529411,0.014167638480245177,0.01431888544891641,0.0,0.008985024958402662,0.16312997347480104,0.07800575634456967,0.0,0.0,0.0,0.0,0.0,0.0,0.48847926267281105,0.0,0.007749841896968221,0.0024375566425993843,0.006847888024701248,0.015247103724889749,0.00018903591682419658,0.0029176336489289603,0.009009009009009009,0.01540886009455437,0.0,0.0005675365451315328,0.13937449111547487,0.018277923232722423,0.33409478417147787,0.018741496598639454,0.02852780430077185,0.03731827214726493,0.0,2.7291549030679464e-05,0.0,0.0010000863867824596,0.002469319081551861,0.02115153404283742,0.0
Bolivia,0.5486111111111112,0.00844568698885701,0.006980712432618581,0.006480331391230149,0.009689997157392652,0.019656019656019656,0.008,0.0,0.004906846584374761,0.0,0.0,0.016339869281045753,0.007177937287495277,0.0,0.0,0.005647783672770836,0.0,0.007941176470588234,0.0020567573153958234,0.0,0.012463256907701352,0.0,0.08885941644562334,0.07800575634456967,0.0,0.0,0.0,0.0,0.0,0.0,0.2304147465437788,0.0,0.0005991155168907671,0.00048404076087079235,0.003668212886128747,0.0005168872917593968,0.012413358538122242,0.007604074674991272,0.0,0.0043775170723165824,0.012569661130111322,0.013448960741415043,0.0027779108194836916,0.0041989823642740705,0.0007929402315951627,0.01337220602526725,0.003341350386798221,0.006338039953979709,0.0,1.693958215697346e-06,4.017016080115369e-06,0.06421175745749838,0.0,0.32292826290243576,0.09803921568627451
Bahrain,0.5555555555555556,0.0008502648311299098,0.000997843517642209,0.0010697448888229242,0.0006435840047665963,0.009041769041769043,0.022,0.00022058823529411763,0.010120371080272944,0.013407821229050279,0.0,0.003267973856209151,0.015111446921042689,0.0,0.0,0.013691596782474755,0.03393213572854291,0.022058823529411763,0.006838845664095295,0.007352941176470589,0.0030570252792475015,0.005657237936772047,0.08488063660477453,0.07800575634456967,0.0,0.0,0.0,0.0,0.0425531914893617,0.024096385542168676,0.2304147465437788,0.0,0.0017689662184659873,0.0021909515483923277,0.0025698116854014205,0.0014786310908330995,0.0,0.0008535971740157319,0.006006006006006006,0.016109262826125022,0.0,0.00032044477126773725,0.009052157670386514,0.003457985476460999,0.0006138785935761637,0.017497570456754128,0.019604047244835127,0.0017023742286371717,0.0,0.0,0.0,2.3980081793134614e-06,0.000796714172604909,0.0,0.0
Oman,0.5625,0.002500889187435404,0.0018310947893517536,0.0019803675965517627,0.002041717652900568,0.020933660933660933,0.02,0.0014705882352941176,0.009813693168749521,0.016201117318435754,0.011248593925759281,0.009803921568627453,0.017000377786173027,0.0061823802163833074,0.0,0.005305493753208968,0.0,0.022058823529411763,0.010207232334470588,0.0046439628482972135,0.01646090534979424,0.0,0.029177718832891244,0.07800575634456967,0.0,0.0,0.0,0.0,0.0,0.060240963855421686,0.05529953917050691,0.0,0.009146511789011226,0.00225358924232092,0.005787729403832451,0.005054590478769288,0.0020793950850661624,0.00272894374730443,0.01051051051051051,0.004990369462440904,0.0,0.008841542034912383,0.0505771349202548,0.010324556636862126,0.01769221147706102,0.039605442176870745,0.029928874626627338,0.013623825959627654,0.0,5.834744965179748e-06,0.0,0.0180599844784534,0.010352335708630245,0.06951062029656677,0.0
Kenya,0.5694444444444444,0.040915523893241795,0.028097275235869374,0.02231466035761311,0.03883054240279683,0.024570024570024572,0.0,0.0036764705882352936,0.011960438549413479,0.009497206703910613,0.0,0.022875816993464054,0.011711371363808084,0.0030911901081916537,0.0,0.014547321581379427,0.001996007984031936,0.02764705882352941,0.010319511890149765,0.0034829721362229105,0.006231628453850676,0.0,0.030503978779840846,0.07800575634456967,0.0,0.0,0.0,0.0,0.0,0.0,0.03225806451612903,0.0,0.001445144225719732,0.0013396931818344957,0.009890735440362826,0.002123271901303237,0.023125393824826715,0.03249060401306196,0.006006006006006006,0.002276308877604623,0.01300908830783066,0.024214082621292904,0.0,0.0057797757249419554,0.0,0.0,0.0,0.0,0.0,0.00021983813288161113,0.0,0.033902454759089956,0.002652414885193983,0.1539386382865031,0.0
Chad,0.5763888888888888,0.013239438700914727,0.008886928978938655,0.0060730446559378645,0.01586633291252948,0.01633906633906634,0.0,0.0007352941176470588,0.0030667791152342253,0.0,0.007874015748031496,0.007625272331154685,0.003022289384208538,0.0030911901081916537,0.0,0.002738319356494951,0.002994011976047904,0.013235294117647057,0.008247443726252236,0.0019349845201238392,0.0011757789535567313,0.0066555740432612314,0.0,0.07800575634456967,0.0,0.0,0.0,0.0,0.0,0.0,0.0,0.0,0.00041045334787359806,6.288409725499513e-05,0.0008708354302961241,5.647665096890206e-05,0.0024574669187145556,0.0072087244049208275,0.0,0.0,0.0,0.005769220839298011,0.0059389817519996165,0.0006421973027713285,0.004937361342435633,0.0,0.0,0.0,0.0,0.0,0.0,0.0750565447404282,0.0,0.28525626753350847,0.12156862745098039
Yemen,0.5833333333333334,0.022461916621305263,0.015875668482006167,0.014328378074404381,0.025418061373516643,0.03277641277641278,0.0,0.0029411764705882353,0.006440236141991873,0.015083798882681562,0.013498312710911137,0.002178649237472767,0.0056667925953910086,0.0,0.0,0.005134348793428034,0.006986027944111775,0.0,0.0011891425669658237,0.0,0.0017636684303350971,0.0033277870216306157,0.04376657824933687,0.07800575634456967,0.0,0.0,0.0,0.0,0.0,0.012048192771084338,0.05529953917050691,0.02127659574468085,0.0008898183882205979,0.0002559310487292648,0.001977669856548368,0.0002627880147948631,0.0020793950850661624,0.008591166745394426,0.015015015015015015,0.002626510243389949,0.0,0.010522738062369185,0.0007184252119354375,0.002865187966210542,0.009874722684871266,0.0001840932944606414,0.0002071877860792015,0.010010563748561865,0.0,3.1055900621118014e-05,0.0,0.030837741817922985,0.009431908155186065,0.07129180211070045,0.0
New Zealand,0.5902777777777778,0.003390998386564286,0.0027951337781247417,0.002752363838651882,0.0025096686849081433,0.00426044226044226,0.00065,4.4117647058823526e-05,0.0036801349382810707,0.0,0.0,0.008714596949891068,0.004911220249338874,0.00927357032457496,0.0,0.003594044155399623,0.0,0.0,0.005180170409743824,0.0,0.0036449147560258673,0.0,0.010610079575596816,0.07800575634456967,0.0,0.0,0.0,0.0,0.0425531914893617,0.0,0.018433179723502304,0.0,0.0033698851155213603,0.009373123149368506,0.007991642234708036,0.004484152927058303,0.012539382482671706,0.0036942145365673326,0.03303303303303303,0.010243389949220803,0.014061669687018845,0.013970177070794605,0.00057474016954835,0.007508768463172455,0.00013493150234030927,0.0036637512147716226,0.0041769614164263195,0.0006515845622842799,0.0006289620882535737,0.00045943911161302467,0.03042889680687392,0.015681745244618184,0.07489113222486145,0.0,0.0
Paraguay,0.5972222222222222,0.005060166875963347,0.00451792005063486,0.004708350994342608,0.00620501649017021,0.007690417690417691,0.0337,0.0022058823529411764,0.0029901096373533696,0.0,0.0,0.01198257080610022,0.004911220249338874,0.0015455950540958269,0.0,0.002396029436933082,0.0,0.0,0.0026130514776244707,0.0,0.0029394473838918285,0.0,0.09549071618037135,0.07800575634456967,0.0,0.0,0.0,0.0,0.0,0.0,0.2903225806451613,0.0,0.019643882697606446,0.0006158175557570724,0.00329145621370338,0.0028606667852223147,0.005040957781978576,0.004208940050522684,0.0015015015015015015,0.009455436876203817,0.00010219236691147416,0.011663430326346423,9.579002825805833e-05,0.0027169885886479278,0.0,0.0,0.0,0.0,0.0,1.8821757952192734e-07,0.0,0.023748059879784927,0.0,0.20728503361980674,0.030392156862745098
Lithuania,0.6041666666666666,0.001600468816947376,0.002126320310098885,0.002045667676703778,0.0014601291234244747,0.011302211302211302,0.0208,0.0020808823529411763,0.0006900253009277008,0.0,0.0,0.0054466230936819175,0.0,0.0,0.0,0.0006845798391237378,0.0,0.0,0.003008581730585206,0.004063467492260062,0.006349206349206349,0.0,0.01856763925729443,0.07800575634456967,0.0,0.0,0.0,0.0,0.0,0.0,0.03225806451612903,0.0851063829787234,0.0026535610612903444,0.0019443464541852712,0.004082251269571978,0.001782980394337436,0.003906742281033396,0.001694358300301904,0.003003003003003003,0.005165470145333567,0.006509653772260904,0.012476691819303169,0.00019158005651611666,0.0032603863063775133,3.949889073948507e-05,0.0,0.0017510644743908188,0.0,0.0,4.950122341426689e-05,0.0,0.00377721381044494,0.0004453681710213777,0.06879814757091329,0.004323529411764706
Mozambique,0.611111111111111,0.023317595400569793,0.019096773615297692,0.01231710816536222,0.022201268540143492,0.005503685503685504,0.0,0.00044117647058823526,0.001686728513378824,0.004469273743016759,0.0,0.004357298474945534,0.00037778617302606723,0.0015455950540958269,0.0,0.0013691596782474755,0.001996007984031936,0.004411764705882353,0.002010824769890706,0.0,0.006114050558495003,0.0019966722129783694,0.04376657824933687,0.07800575634456967,0.0,0.0,0.0,0.0,0.0,0.0,0.15207373271889402,0.0,0.00044514662799194626,0.0005140369077843417,0.001453282092546851,0.0010139911541498126,0.005608065532451165,0.019255355199112773,0.016516516516516516,0.003151812292067939,0.016306495346840894,0.004414999974182175,0.0,0.0018771921157931138,0.0,0.005236151603498542,0.0014732566189909013,0.05924066520238468,0.001867619639527657,2.070393374741201e-06,0.007198492815566741,0.0467120880609431,0.012222882026920033,0.2129848154250345,0.0045098039215686276
Tunisia,0.6180555555555556,0.008259689348066023,0.007775376701071103,0.008185470580765583,0.008475219824057259,0.04412776412776413,0.0,0.001764705882352941,0.011807099593651768,0.005586592178770949,0.0,0.01198257080610022,0.010578012844729883,0.0061823802163833074,0.0,0.01728564093787438,0.0,0.013235294117647057,0.01997810548664256,0.0,0.009994121105232217,0.0,0.07692307692307691,0.07800575634456967,0.0,0.0,0.0,0.0,0.0,0.0,0.2350230414746544,0.0,0.001548627576297283,0.001185901277629004,0.004752457285936919,0.002673419499447266,0.0006931316950220542,0.005461738308927728,0.024024024024024024,0.006303624584135878,0.007402133776621112,0.0027318296424474206,0.0016763254945160208,0.00523637800721237,0.0013989190470234294,0.0012857142857142856,0.005635999523132973,0.0013623888714569606,0.0,3.7643515904385467e-07,0.0,0.009527169520403628,0.005680918448139351,0.0665716703032462,0.0
Armenia,0.625,0.0018468702566676678,0.0020722223314806605,0.002099662966648929,0.001788099799439419,0.028255528255528257,0.041999999999999996,0.0007352941176470588,0.00544353292954075,0.0022346368715083797,0.01687289088863892,0.003267973856209151,0.004911220249338874,0.0,0.0,0.00616121855211364,0.01996007984031936,0.016029411764705882,0.0031183094781807646,0.028057275541795667,0.017401528512639625,0.033277870216306155,0.0,0.07800575634456967,0.0,0.0,0.0,0.0,0.0,0.0,0.0,0.0,0.001883828350387604,0.0003756690312892548,0.001680591631287209,0.0010406579502663831,0.0005040957781978576,0.0014966831652666818,0.0,0.0,0.002336798790042376,0.0008638340563843078,0.0,0.000592797510250457,0.0,0.0,0.0031291664342486774,0.0,1.2430080795525172e-08,4.329004329004329e-06,0.0012733940973965719,0.0016975558389364354,0.0,0.06991138620474685,0.0
Tanzania,0.6319444444444444,0.04742989321351698,0.015783806755847923,0.010574929275822159,0.0252715683615339,0.013267813267813268,0.016,0.0009558823529411764,0.0029901096373533696,0.007821229050279328,0.0,0.006535947712418302,0.0026445032111824707,0.0,0.0,0.0020537395173712133,0.0,0.009117647058823529,0.0025211863866142353,0.0,0.0,0.0,0.015915119363395226,0.07800575634456967,0.0,0.0,0.0,0.0,0.0,0.0,0.04608294930875576,0.0,0.001556164380224942,0.0008226743925069371,0.0073280021554209835,0.0016453130593856412,0.012791430371770636,0.03982897250005134,0.012012012012012012,0.03335668009105236,0.013956070907876988,0.021746354143411643,0.0,0.002766388381168799,0.0,0.0017570456754130222,0.0019774669392246098,0.00013624097897709444,0.0005201988812927284,0.00015095049877658572,0.0056639926729626705,0.055363633667871066,0.0070467141726049095,0.1852874382152558,0.0
Cameroon,0.6388888888888888,0.021631807596039117,0.01367042687384761,0.009849733205993895,0.020608297933638626,0.019656019656019656,0.0,0.0018382352941176468,0.0026834317258299474,0.0,0.0,0.006535947712418302,0.0022667170381564035,0.0030911901081916537,0.0,0.003594044155399623,0.0,0.0,0.000882925596931706,0.0034829721362229105,0.006114050558495003,0.0066555740432612314,0.06763925729442971,0.07800575634456967,0.0,0.0,0.0,0.0,0.0,0.0,0.2350230414746544,0.0,0.0006044254133584213,0.00039772897789832246,0.004281247206474026,0.0016630067684654652,0.002142407057340895,0.015114446201556756,0.01051051051051051,0.017334967606373666,0.0033621288713874997,0.011477845724218852,0.002586330762967575,0.0018771921157931138,0.0006583148456580845,0.002521865889212828,0.0009592661497690586,0.0028254575881183977,0.0,0.0,0.0,0.027765483924191828,0.0019794140934283454,0.22344925858306985,0.0
Georgia,0.6458333333333334,0.0032070344223346396,0.0034825549194870435,0.0034696085855347577,0.003811490170419091,0.02702702702702703,0.0305,0.0,0.004676838150732194,0.0,0.005624296962879641,0.002178649237472767,0.0037778617302606722,0.0,0.0,0.0075303782303611155,0.010978043912175647,0.018088235294117645,0.008441381140607176,0.012964396284829722,0.01422692533803645,0.013976705490848586,0.02519893899204244,0.07800575634456967,0.0,0.0,0.0,0.0,0.0,0.0,0.14285714285714285,0.0851063829787234,0.0005381414402012993,0.0005762710661042316,0.002511038541313981,0.0014450077392078587,0.0010081915563957152,0.0021346347374258078,0.0045045045045045045,0.002276308877604623,0.004642939870011309,0.002776631162600967,1.436850423870875e-05,0.0014819937756261425,0.00011520509799016478,8.513119533527697e-06,0.003058073872827439,0.00017770107729317015,5.303501139424073e-05,9.71202710333145e-05,0.003619327471167867,0.004034561029688335,0.0015340459224069676,0.08077659527096227,0.0
Cambodia,0.6527777777777778,0.01180453674490001,0.010610487462693656,0.009066735293943657,0.012746687197675516,0.1085995085995086,0.0,0.0014705882352941176,0.0019167369470213908,0.0,0.0,0.004357298474945534,0.0,0.0,0.0,0.003594044155399623,0.0,0.09470588235294117,0.009041056040257324,0.005804953560371517,0.05055849500293945,0.15407653910149752,0.02652519893899204,0.07800575634456967,0.0,0.0,0.0,0.0,0.0,0.0,0.09216589861751152,0.0,0.0009452661829347052,0.0005633579266257529,0.0025829115305958414,0.005154880820685955,0.000630119722747322,0.01153318888500955,0.003003003003003003,0.01707231658203467,0.002186916651905547,0.006872249452434302,0.0,0.00350738526898187,0.0,0.0,0.0,0.0,2.340998549823907e-05,0.00041690193864106907,0.0,0.010546322996611847,0.0021922011084718925,0.11265974974395511,0.03627450980392157
Slovenia,0.6597222222222222,0.0012256184711904804,0.001208394112138983,0.0012385382014769894,0.0008786658373328069,0.0035872235872235875,0.0052,0.0007352941176470588,0.0029901096373533696,0.0,0.0,0.004357298474945534,0.008689081979599547,0.0,0.0,0.002738319356494951,0.0,0.007941176470588234,0.0034296300643821176,0.0,0.0021164021164021165,0.0,0.002652519893899204,0.07800575634456967,0.0,0.0,0.0,0.0,0.0,0.0,0.009216589861751152,0.0,0.0009752778255749254,0.0024375566425993843,0.003099730851029041,0.0006821054850903222,0.0024574669187145556,0.0011103181286069295,0.003003003003003003,0.0007004027315706532,0.0041115395620716436,0.005615073236057843,0.0,0.0021241910783974705,0.0,3.7541302235179783e-06,0.0009197211859114231,0.0,0.0004885021752641392,0.0004805194805194805,0.00038161652761096006,0.0011436744375193997,0.00023258115597783057,0.05392527942289709,0.00696078431372549
Ireland,0.6666666666666666,0.003442070034654937,0.003041287237508481,0.0031092879409706543,0.0023273560649797746,0.0038157248157248158,0.00033999999999999997,0.0,0.001686728513378824,0.0,0.0,0.004357298474945534,0.003022289384208538,0.0030911901081916537,0.0,0.0013691596782474755,0.0,0.0,0.00415434356012953,0.0,0.0,0.0,0.010610079575596816,0.07800575634456967,0.0,0.0,0.0,0.0,0.0,0.0,0.03686635944700461,0.0,0.0016603611676607234,0.1479345622247629,0.019320061663437558,0.003735743496917164,0.0061121613106490235,0.0033065658951346244,0.03153153153153153,0.008229732095955174,0.005750023844885613,0.01485557660467655,2.87370084774175e-05,0.007607568048214199,0.0,0.0014062196307094265,0.005774903450832931,0.00020732140989436251,0.0,0.00024882364012798796,0.00016068064320461475,0.00406807465619435,0.00716547901821061,0.01972658859153048,0.009372549019607844
Mongolia,0.673611111111111,0.002062403921594568,0.0023386574611198377,0.0023962390165890566,0.002527077515343254,0.0171990171990172,0.027,0.007352941176470587,0.0005366863451659894,0.0,0.0,0.003267973856209151,0.0007555723460521345,0.0,0.0,0.0003422899195618689,0.0,0.06176470588235294,0.006318276815037295,0.0,0.058788947677836566,0.04326123128119801,0.0,0.07800575634456967,0.0,0.0,0.0,0.0,0.0,0.0,0.0,0.0,0.0001688406299092947,0.0008477384375363453,0.0016337012318626797,0.0013812393137117118,0.0020163831127914303,0.0015570125895956132,0.0,0.027841008579933463,0.006182638198144187,0.01688607261977117,0.0007184252119354375,0.0016795929457096282,0.0,0.0,0.0,0.0,0.005857882742904496,0.0012032749858836816,0.01012288052189073,0.09143997057351524,0.0,0.35988778554570955,0.005686274509803922
Latvia,0.6805555555555556,0.00101592641318152,0.0009513027385628912,0.0009543693422564193,0.0006007925150879662,0.008476658476658476,0.0072,0.0018382352941176468,0.0005366863451659894,0.0,0.0,0.0,0.0,0.0,0.0,0.001198014718466541,0.0,0.0,0.0045013894595015294,0.009094427244582044,0.0,0.0,0.023872679045092837,0.07800575634456967,0.0,0.0,0.0,0.0,0.0,0.0,0.05069124423963134,0.1276595744680851,0.0012558855669250694,0.0019524351012752625,0.0021106124664468607,0.0014319641976291012,0.0033396345305608064,0.0010114805610893184,0.0075075075075075074,0.007266678340045527,0.007548609502527558,0.010362363807175473,9.579002825805833e-05,0.0016301931531887567,0.0,0.0,0.0009058439179219972,0.0,0.0,3.764351590438547e-06,0.0,0.003735628839335382,0.00246437054631829,0.06100547713407846,0.0029411764705882353
Uruguay,0.6875,0.0021639492023532454,0.0019526787954422858,0.002029214628241543,0.0022120069079241116,0.012285012285012286,0.0,0.0007352941176470588,0.0032967875488767923,0.0,0.006749156355455569,0.006535947712418302,0.004533434076312807,0.0077279752704791345,0.003305785123966942,0.0020537395173712133,0.0,0.0045588235294117645,0.007548248311341,0.0011609907120743034,0.00823045267489712,0.0013311148086522463,0.01856763925729443,0.07800575634456967,0.0,0.0,0.0,0.0,0.0,0.0,0.009216589861751152,0.0425531914893617,0.0008473875569003314,0.0021909515483923277,0.0031977394727770326,0.004707342416294817,0.003843730308758664,0.0020345135651352406,0.012012012012012012,0.005077919803887236,0.005698927661429876,0.011499563071276335,1.9158005651611668e-05,0.0024699896260435704,0.0,0.0,9.410139549229412e-05,0.0,0.0,3.387916431394692e-06,0.0,0.010264410815531583,0.0032660332541567696,0.07084650665716703,0.01568627450980392
Honduras,0.6944444444444444,0.0064786078566273775,0.005378143744945337,0.0049367042467077776,0.0039022498763325946,0.025663390663390663,0.012,0.0033823529411764705,0.0030667791152342253,0.0022346368715083797,0.007874015748031496,0.010893246187363835,0.0037778617302606722,0.0015455950540958269,0.0,0.0013691596782474755,0.0,0.0016176470588235292,0.001352458284317353,0.0,0.0037624926513815404,0.0,0.129973474801061,0.07800575634456967,0.0,0.0,0.0,0.0,0.0,0.0,0.42857142857142855,0.0,0.00044652653784528473,0.0003663204563543146,0.0020369458553290893,0.0021815330536883526,0.007939508506616257,0.005758251011480561,0.012012012012012012,0.042812116967256175,0.002381082149037348,0.0019332994967954003,9.579002825805834e-07,0.003210986513856642,0.0,0.0,0.0,0.0,0.0,3.57613401091662e-05,0.0,0.006513867535080958,0.004117181314330958,0.07013403393151356,0.0045588235294117645
Ivory Coast,0.7013888888888888,0.020935998273089798,0.015979266510254015,0.012451835547267318,0.023705775569449316,0.010810810810810811,0.0,0.0008088235294117646,0.001456720079736257,0.0,0.0,0.004357298474945534,0.0007555723460521345,0.00463678516228748,0.0,0.0017114495978093444,0.002994011976047904,0.0007352941176470588,0.0014596342238292943,0.0,0.00023515579071134627,0.0009983361064891847,0.003978779840848806,0.07800575634456967,0.0,0.0,0.0,0.0,0.0,0.0,0.013824884792626727,0.0,0.000732526469687794,0.000837381023579649,0.0063257518966830266,0.0021932676034055617,0.0016383112791430372,0.013816721776098252,0.0075075075075075074,0.0021887585361582912,0.0022482320720524315,0.01214713487444488,0.0013889554097418458,0.002865187966210542,0.00032915742282904224,0.0025607385811467443,0.0028819830668456014,0.0005923438970818952,0.0,0.0,0.0,0.018818164479147068,0.0025484956452889946,0.15398316783185642,0.009607843137254901
Guatemala,0.7083333333333334,0.012646810365211031,0.009686553723015088,0.009938446932924904,0.007545162451315287,0.052144471744471746,0.018,0.005147058823529412,0.002760101203710803,0.0,0.0044994375703037125,0.010893246187363835,0.0,0.0,0.0,0.003594044155399623,0.0,0.0007352941176470588,0.0015412920825050589,0.0,0.005878894767783657,0.0,0.03315649867374005,0.07800575634456967,0.0,0.0,0.0,0.0,0.0,0.0,0.09216589861751152,0.0,0.00044093985827711274,0.0012045311715641006,0.0069799434323701915,0.006172277063829022,0.003465658475110271,0.009072518535252922,0.0045045045045045045,0.0007879530730169848,0.0027251297843059775,0.002343043569250545,0.000287370084774175,0.00558217655485847,0.0002834374567980883,3.183673469387755e-06,3.2658828985202904e-06,0.0,0.0,0.00024392998306041783,0.0,0.006326647433081388,0.0019794140934283454,0.07423075210402101,0.009705882352941177
Mali,0.7152777777777778,0.01528726122518315,0.008812841199738906,0.006761067014700624,0.014612980616791105,0.019656019656019656,0.0,0.0007058823529411764,0.0032967875488767923,0.005027932960893855,0.013498312710911137,0.007625272331154685,0.001511144692104269,0.0015455950540958269,0.0,0.0017114495978093444,0.007984031936127744,0.0014705882352941176,0.0012401787286381765,0.0,0.0011757789535567313,0.0066555740432612314,0.0,0.07800575634456967,0.0,0.0,0.0,0.0,0.0,0.0,0.0,0.0,0.0007110569327341433,0.0001534330041188408,0.0016648013533389215,0.00018291465604730497,0.0017013232514177694,0.010380511798895074,0.0,0.0,0.002020002452616806,0.020820557306611583,0.0,0.002173590870918342,0.0,0.0,0.0,0.0,0.0,0.0,0.0,0.07249430224483396,0.0,0.35213964465422803,0.01764705882352941
Kyrgyzstan,0.7222222222222222,0.004105570266679973,0.004010320731553459,0.0038881075795871105,0.00481978291063204,0.011302211302211302,0.06,0.008088235294117646,0.0005366863451659894,0.0,0.0,0.0,0.0,0.0,0.0,0.001198014718466541,0.001996007984031936,0.03161764705882353,0.0066398046335731185,0.005804953560371517,0.01987066431510876,0.006988352745424293,0.0,0.07800575634456967,0.0,0.0,0.0,0.0,0.0,0.0,0.0,0.0,0.00023218240285322901,0.00027319340532375874,0.0012876923623386435,0.0009334110528410457,0.001575299306868305,0.0036954981413402886,0.0,0.0,0.0014443187856821682,0.004858003480242834,0.000287370084774175,0.001432593983105271,0.0001316629691316169,3.0151603498542274e-05,0.00047905449080773183,0.00011846041209078547,0.0007534700642220841,0.0006309053265575004,0.1144809412672079,0.011652682087340955,0.0,0.20363361090083268,0.005647058823529412
Laos,0.7291666666666666,0.005364834527570367,0.004470758884894398,0.003942222522265188,0.006564882481418787,0.049140049140049144,0.006,0.01764705882352941,0.002530092770068236,0.0,0.0,0.002178649237472767,0.003022289384208538,0.0,0.0,0.003936334074961492,0.0,0.023529411764705882,0.010962567527221412,0.007739938080495357,0.010229276895943563,0.02129783693843594,0.04774535809018567,0.07800575634456967,0.0,0.0,0.0,0.0,0.0,0.0,0.16589861751152074,0.0,0.0001351976455497628,0.0007113209831499871,0.0018870182872237468,0.0005081915973735586,0.0009451795841209829,0.0038302766425006678,0.0,8.755034144633164e-05,0.0014375059612214032,0.005703613189446038,0.0,0.001086795435459171,0.0,0.0,0.0,0.0,0.003075409156826186,0.002576886881234707,0.0002490549969671529,0.013807906560500021,0.0,0.2348488221935254,0.045098039215686274
Estonia,0.736111111111111,0.000586532254137831,0.0006560261733436401,0.000647386695291259,0.0004722510548728423,0.0037837837837837837,0.01576,0.0014705882352941176,0.00038334738940427816,0.0,0.0,0.002178649237472767,0.0011333585190782018,0.0,0.0,0.0005134348793428033,0.0,0.0,0.004085444741871854,0.006965944272445821,0.0,0.0,0.010610079575596816,0.07800575634456967,0.0,0.0,0.0,0.0,0.0,0.0,0.018433179723502304,0.0851063829787234,0.0016194219797851588,0.0011552101527226894,0.00166934946585141,0.0007467434800250527,0.0014492753623188406,0.0007213858824012652,0.03003003003003003,0.006303624584135878,0.004908640023981142,0.008565443175118665,0.0011494803390967,0.0012843946055426567,0.0,0.0,0.0003881785101405336,0.0,0.0,5.646527385657821e-07,0.0,0.0026032425866600677,0.018774742676167855,0.029255911297145654,0.003284313725490196
Tajikistan,0.7430555555555556,0.007089965526418407,0.006148294887286986,0.005939255351458908,0.007300812608301607,0.004668304668304668,0.12,0.0029411764705882353,0.0019167369470213908,0.0,0.0,0.0010893246187363835,0.001511144692104269,0.0,0.0,0.003422899195618689,0.005988023952095808,0.0055882352941176465,0.002949890144662,0.0005804953560371517,0.0015285126396237508,0.0066555740432612314,0.0,0.07800575634456967,0.0,0.0,0.0,0.0,0.0,0.0,0.0,0.0,0.00048268911469006226,0.0002920923229979905,0.0013199134974623294,0.0007919321051834585,0.0010081915563957152,0.003192325070341542,0.0,0.0,0.002316360316660081,0.004250525240872716,1.436850423870875e-05,0.0012843946055426567,3.949889073948507e-05,1.7955296404275995e-05,9.358734158663285e-05,0.00011846041209078547,0.00045059042883778745,0.0004225484660267269,0.016369340526470127,0.008386068555076662,0.0,0.1839070223093022,0.00196078431372549
Zambia,0.75,0.014445027189817364,0.009418311095529836,0.00652312718537341,0.015553725425004033,0.007444717444717445,0.0,0.0001764705882352941,0.005903549796825884,0.0,0.0,0.014161220043572986,0.012844729882886286,0.0,0.0,0.005476638712989902,0.0,0.005147058823529412,0.0008676147484300001,0.0023219814241486067,0.0035273368606701942,0.008319467554076539,0.0,0.07800575634456967,0.0,0.0,0.0,0.0,0.0,0.0,0.0,0.0,0.0004248558078003455,0.0005633579266257529,0.0022816150911241567,0.0008244250165385404,0.007309388783868935,0.008806812347251032,0.0,0.0001751006828926633,0.010648444632175607,0.009971603429700646,0.0,0.0015807933606678854,0.0,0.0,0.0,0.0,0.00017215661901802363,0.0001549030679465462,0.0037960761786929435,0.04397707200042953,0.0,0.2690920425702453,0.0
Ghana,0.7569444444444444,0.024192802988440558,0.0193570873347804,0.015812381464424756,0.02591636305234994,0.007616707616707617,0.0,0.0,0.001456720079736257,0.0,0.0,0.002178649237472767,0.0018889308651303361,0.0030911901081916537,0.0,0.0017114495978093444,0.0,0.0,0.004440146065494707,0.0,0.0007054673721340388,0.0019966722129783694,0.03713527851458886,0.07800575634456967,0.0,0.0,0.0,0.0,0.0,0.0,0.12442396313364056,0.0,0.00032905542656533175,0.0009825865867777496,0.00718672240688164,0.001045585510418358,0.0005040957781978576,0.018865139348134153,0.006006006006006006,0.004552617755209246,0.003225872382172201,0.009676065266247083,0.008333732458451076,0.005335177592254113,0.0021724389906716784,0.0031020408163265306,0.0042786784658444,0.0004738625666771258,0.0,1.5998494259363823e-05,0.0,0.013909266272079295,0.0026672604908946954,0.10776149975508749,0.012676470588235294
Zimbabwe,0.7638888888888888,0.011865810705750417,0.008420251620505585,0.005857223033134497,0.014959779548264647,0.014250614250614252,0.0,0.003205882352941176,0.007283600398681285,0.007262569832402234,0.0,0.01525054466230937,0.015111446921042689,0.0,0.0,0.004792058873866164,0.005988023952095808,0.0022058823529411764,0.0018985452142115296,0.0,0.0,0.0,0.0,0.07800575634456967,0.0,0.0,0.0,0.0,0.0,0.0,0.0,0.0,0.0005774392001662597,0.00046471588894293026,0.0017079763932462068,2.8632747688968674e-05,0.008884688090737239,0.008177846008502599,0.0,0.0,0.011673774713520732,0.014466334922800148,3.8316011303223335e-05,0.0013337943980635282,0.0,0.0,0.0,0.0,0.0008031903874041849,0.0008430265386787126,0.0020165420722179153,0.02281254424983081,0.0,0.14378590194594112,0.0
North Macedonia,0.7708333333333333,0.0012522881211671196,0.0011314700926550619,0.0011702611613297706,0.001083063040714829,0.004422604422604423,0.012,0.0005147058823529411,0.0015333895576171127,0.0,0.0,0.0,0.0037778617302606722,0.0,0.0,0.0017114495978093444,0.003992015968063872,0.0029411764705882353,0.0026130514776244707,0.0,0.01763668430335097,0.005657237936772047,0.0,0.07800575634456967,0.0,0.0,0.0,0.0,0.0,0.0,0.0,0.0,0.0004183548122540465,0.00046471588894293026,0.0011910609859289408,0.0014487758734417217,0.000630119722747322,0.0007842825162761085,0.0,0.0,0.002381082149037348,0.0018482525432835838,0.0,0.0009879958504174283,0.0,0.0,0.0003006974727141281,0.0,0.0010513776672881707,0.0010871447393186523,0.0013336493385983025,0.0014618491813112346,0.0,0.03731575900610055,0.0
South Sudan,0.7777777777777778,0.008722597818241532,0.008203931691826701,0.006405331462862252,0.013713190395285239,0.09090909090909091,0.0,0.0,0.0015333895576171127,0.0,0.0,0.0054466230936819175,0.0,0.0,0.0,0.002567174396714017,0.005988023952095808,0.004411764705882353,0.0047616738840305295,0.0046439628482972135,0.0,0.004991680532445923,0.0,0.07800575634456967,0.0,0.0,0.0,0.0,0.0,0.0,0.0,0.0,0.00018022628286922925,8.247799292199219e-05,0.00047252326687846993,4.8367626097628427e-05,0.004977945809703843,0.005495112033024584,0.0,0.0,0.0008447902331348531,0.013393072743392992,0.006992672062838258,0.000592797510250457,0.012343403356089083,0.0,0.0,0.0,0.0,0.0,0.0,0.0376434644948277,0.0,0.26797880393641177,0.0
Uganda,0.7847222222222222,0.034579573817367565,0.021821519684035035,0.015723412478330173,0.04107319219211033,0.022113022113022116,0.0,0.0014705882352941176,0.003910143371923637,0.0033519553072625698,0.0,0.0,0.004533434076312807,0.0,0.0,0.005134348793428034,0.005988023952095808,0.038088235294117645,0.00964073093990747,0.0011609907120743034,0.0030570252792475015,0.003993344425956739,0.0,0.07800575634456967,0.0,0.0,0.0,0.0,0.0,0.0,0.0,0.0,0.0010853801065044593,0.000501392792044998,0.004176928879338991,0.0010115273740738252,0.002268431001890359,0.023991856811320367,0.0,0.0,0.004237576814595795,0.0028144466830017567,0.0,0.002025391493355728,0.008228935570726055,0.0,0.0,0.00029616148938395564,0.0,0.0,0.003213612864092295,0.01405577872303491,0.0,0.12152112926927015,0.0
Lebanon,0.7916666666666666,0.0035346853758934866,0.0026286856075391205,0.0027526621727993117,0.002835426727798241,0.029484029484029485,0.006999999999999999,0.009558823529411764,0.006133558230468451,0.0,0.010123734533183354,0.0,0.003400075557234605,0.0,0.0,0.011637857265103541,0.0,0.01705882352941176,0.011365753204433,0.0023219814241486067,0.04150499706055262,0.003660565723793677,0.08488063660477453,0.07800575634456967,0.0,0.0,0.0,0.0,0.0,0.0,0.28110599078341014,0.0,0.0008427509759929207,0.001627257140324852,0.001939705928653631,0.007675790159505999,0.000315059861373661,0.0020293791460434165,0.0075075075075075074,0.004465067413762914,0.0013659713043833713,0.0029907672419789335,0.0,0.008496764313589884,0.0,0.0,0.0,0.0,0.0,3.896103896103896e-05,0.0,0.000566222370339844,0.0011134204275534442,0.021552299951017498,0.0
Namibia,0.798611111111111,0.0017245068290865997,0.0006977085657432868,0.0005594738439859693,0.0012115210053403362,0.0063882063882063885,0.0,0.0007352941176470588,0.0026067622479490917,0.006145251396648044,0.0,0.003267973856209151,0.005289006422364941,0.0,0.0,0.001198014718466541,0.001996007984031936,0.000588235294117647,0.005129134248071471,0.0,0.0029394473838918285,0.008319467554076539,0.01989389920424403,0.07800575634456967,0.0,0.0,0.0,0.0,0.0,0.024096385542168676,0.05529953917050691,0.0,0.0003983302532106648,0.0003660738512601075,0.000790698968984531,0.0008519613820936947,0.015879017013232515,0.0010256002135918343,0.003003003003003003,0.0013132551216949746,0.008952051341445137,0.007117063182900459,0.0,0.0011361952279800426,0.0,0.0,0.0,0.0013031482062545758,0.0,6.022962544701675e-06,0.001405955628040379,0.048169141225895704,0.007779097387173397,0.18791468139110298,0.0
Luxembourg,0.8055555555555556,0.00021716442329569108,9.248211281938751e-05,6.763729686850674e-05,6.412461282573247e-05,0.0004914004914004914,0.0,0.0,7.666947788085564e-05,0.0,0.0,0.0010893246187363835,0.0,0.0,0.0,0.0,0.0,0.0,0.0002500771921945294,0.0,0.0,0.0,0.0,0.07800575634456967,0.0,0.0,0.0,0.0,0.0,0.0,0.0,0.0,0.0007956469989474697,0.21205188671859768,0.002667243785845012,0.0008580483681637814,0.0,0.00020794397321887003,0.0,0.012869900192610752,0.0009231377144336499,0.00013106343014410296,0.0,0.002420589833522699,0.0,0.0,0.0006499391338301063,0.0,0.0,1.1669489930359496e-05,0.0,0.00010919710416532265,0.0,0.014561161330542815,0.00036274509803921567
Afghanistan,0.8125,0.028103555240282827,0.02037024812055628,0.014001769188499784,0.03509874877266702,0.0,0.0,0.011764705882352941,0.0006900253009277008,0.0,0.0,0.003267973856209151,0.0,0.0,0.0,0.0010268697586856067,0.000998003992015968,0.0,0.013060153771955118,0.0,0.0,0.0,0.0,0.07800575634456967,0.0,0.0,0.0,0.0,0.0,0.0,0.0,0.0,0.0003083847121630953,2.2732304189100705e-05,0.0015859364417931438,0.002560981852186542,0.0040327662255828615,0.01120715327267873,0.0,0.0,0.0,0.004995141692780637,0.0,3.457985476461e-05,0.0,7.793974732750243e-05,8.771728347666688e-05,0.0010365861311578287,0.0010120157447690078,0.0002907961603613777,0.00026512306128761434,0.03810557821738272,0.0,0.2665983880304582,0.011764705882352941
Niger,0.8194444444444444,0.01836370208569839,0.010233902288718691,0.008367176816357041,0.01861980871911879,0.012285012285012286,0.0,0.0007352941176470588,0.0019934064249022467,0.0,0.0022497187851518562,0.007625272331154685,0.0,0.0030911901081916537,0.0,0.0022248844771521475,0.000998003992015968,0.0,0.0009492726071057649,0.0,0.0,0.0,0.0,0.07800575634456967,0.0,0.0,0.0,0.0,0.0,0.0,0.0,0.0,0.0003602290985557316,0.00014386024273462143,0.0012588662971186456,0.00041334244129059004,0.0014492753623188406,0.012896377153888808,0.0,0.0,0.0,0.002572214735052922,0.000287370084774175,0.0005433977177295856,0.0004937361342435634,2.8677356656948492e-05,3.265664152177456e-05,0.0,9.467578205925005e-05,8.60154338415208e-05,0.0003615314472103832,0.07406224866607872,0.0,0.25978536759139687,0.0029411764705882353
Eritrea,0.8263888888888888,0.004227050101733521,0.002796526376030768,0.002470334370296032,0.003102153388829234,0.05896805896805897,0.026,0.0,0.0015333895576171127,0.0005586592178770949,0.0,0.0054466230936819175,0.00037778617302606723,0.0,0.0,0.0022248844771521475,0.005988023952095808,0.009558823529411764,0.001980203072887294,0.00445046439628483,0.008818342151675485,0.007321131447587354,0.030503978779840846,0.07800575634456967,0.0,0.0,0.0,0.0,0.0,0.0,0.08294930875576037,0.0,0.00020558980810873021,0.0,0.000142368733225432,6.036767739352961e-05,0.00044108380592312543,0.00206660368445914,0.003003003003003003,0.0007879530730169848,0.0010423621424970365,0.0021243514030773025,0.0,9.879958504174283e-05,0.0,0.0,0.0,0.0,0.0,0.0,0.0,0.006836136439178938,0.011055027711797309,0.08193436345014916,0.0
Republic of the Congo,0.8333333333333333,0.004052953391977194,0.0028433184509728273,0.002079476752919397,0.004760751528772935,0.0041769041769041775,0.0,0.0003676470588235294,0.0009967032124511234,0.0011173184357541898,0.0,0.004357298474945534,0.0,0.0,0.0,0.001198014718466541,0.000998003992015968,0.004411764705882353,0.0014290125268258825,0.0003869969040247678,0.004467960023515579,0.009983361064891847,0.005305039787798408,0.07800575634456967,0.0,0.0,0.0,0.0,0.0,0.0,0.0,0.0,0.0003267090211466995,0.00022891658159112808,0.001053945002365819,0.00020250634535507793,0.0033396345305608064,0.002915066439383048,0.0075075075075075074,0.0009630537559096481,0.0017372702374950607,0.0032366440593639884,0.012787968772450788,0.0004939979252087141,0.009496191648617869,0.0004110787172011662,0.0004626485150951383,0.005940591988285744,0.0,0.0,0.0,0.019960844620592118,0.0008363024544734759,0.22300396312953644,0.010980392156862745
Botswana,0.8402777777777778,0.0014749859543071514,0.001237570608869379,0.000905102728316511,0.0009471322208186151,0.01031941031941032,0.0,0.0,0.0034501265046385037,0.006145251396648044,0.0,0.009803921568627453,0.003400075557234605,0.0,0.0,0.002738319356494951,0.0,0.0066176470588235285,0.0029090612153241176,0.0023219814241486067,0.004232804232804233,0.0066555740432612314,0.0,0.07800575634456967,0.0,0.0,0.0,0.0,0.0,0.0,0.0,0.0,0.0005045888985972965,5.461161727659477e-05,0.0013287214618351063,0.0013737030452439854,0.007498424700693132,0.001257932677496868,0.0,0.0,0.0030248940605796353,0.004515841361917614,0.0,0.000938596057896557,0.0,0.0,0.0,0.0,0.000545680546923555,0.00043120647468473553,0.006668246692991512,0.03398217390905103,0.0,0.1935699336509774,0.0
Mauritania,0.8472222222222222,0.002802051450767249,0.002099639757171865,0.001804870540114287,0.003357065423929444,0.0154987714987715,0.0132,0.0007352941176470588,0.0018400674691405354,0.0,0.0044994375703037125,0.007625272331154685,0.0026445032111824707,0.0030911901081916537,0.0,0.0006845798391237378,0.0,0.0036764705882352936,0.0013881835974880001,0.0,0.008818342151675485,0.0,0.007957559681697613,0.07800575634456967,0.0,0.0,0.0,0.0,0.0,0.0,0.027649769585253454,0.0,0.0002762613046461062,0.0001356550186910048,0.0008051440305558853,0.0007572625165953614,0.0013862633900441083,0.001269485120453472,0.003003003003003003,0.0009630537559096481,0.0024798681037184397,0.0015552961623473444,0.0,0.0013337943980635282,6.583148456580845e-05,0.0,0.0,0.0005923438970818952,0.0,0.0,0.0,0.06024153323262089,0.003731195566112431,0.22273678585741638,0.010647058823529412
Dominican Republic,0.8541666666666666,0.007388120747660596,0.006402241136080952,0.006356077611880522,0.003987874603484663,0.024570024570024572,0.0,0.004411764705882353,0.006056888752587595,0.0,0.008998875140607425,0.01198257080610022,0.006422364941443143,0.0015455950540958269,0.0,0.008557247989046722,0.0,0.0007352941176470588,0.0011636244861296472,0.0,0.0012933568489124044,0.0,0.04509283819628647,0.07800575634456967,0.0,0.0,0.0,0.0,0.0,0.0,0.06451612903225806,0.0,0.0008902932559838925,0.0012045311715641006,0.00821091250414815,0.00450154431582998,0.0018273471959672338,0.006561787599351009,0.025525525525525526,0.003502013657853266,0.0016895804662697062,0.0026870281222938744,0.0,0.0065207726127550275,0.0,0.0,0.002668705382581885,0.0,0.0,0.000411820063993977,0.0,0.0027840874961829265,0.006373713380839272,0.01674310905285657,0.0
Senegal,0.861111111111111,0.013065493969073133,0.009264347879291571,0.006444775385113808,0.01644771270303153,0.008353808353808355,0.0,0.0,0.0030667791152342253,0.0,0.0,0.0054466230936819175,0.008689081979599547,0.0015455950540958269,0.0,0.003422899195618689,0.00499001996007984,0.0,0.004225794186470824,0.0,0.0023515579071134627,0.0019966722129783694,0.005305039787798408,0.07800575634456967,0.0,0.0,0.0,0.0,0.0,0.0,0.018433179723502304,0.0,0.0005040860974361611,0.00047933284543593037,0.002310088837769243,0.0002529135465709047,0.0010081915563957152,0.00650402538456799,0.009009009009009009,0.003151812292067939,0.0030862094807265197,0.0022253446603725845,0.0004310551271612625,0.0026181890036061847,0.0,5.310592808551992e-05,5.9606190958994905e-05,0.0,0.0,9.448522492000752e-05,0.0,0.011463824321218927,0.0026276722090261286,0.11951729972836976,0.00980392156862745
Nepal,0.8680555555555556,0.02174227928194781,0.019850072228844235,0.018638550299485048,0.032406308242087616,0.04668304668304669,0.0,0.0022058823529411764,0.0011500421682128345,0.0,0.0,0.0054466230936819175,0.0,0.0,0.0,0.0017114495978093444,0.0,0.0,0.0026130514776244707,0.0,0.0016460905349794238,0.0,0.0,0.07800575634456967,0.0,0.0,0.0,0.0,0.0,0.0,0.0,0.0,0.00044145941947695274,0.0002332882173520714,0.004453723163373679,0.003605597937609119,0.0030245746691871457,0.011227690949046024,0.0,0.0,0.00020097832159256585,0.003945267425589231,0.0,0.0029639875512522847,0.0,0.0,0.0,0.0,3.107520198881293e-06,0.00020609824957651044,3.213612864092295e-05,0.008566270096551412,0.0,0.14066883377120717,0.0
Montenegro,0.875,0.00016669008375364333,7.883884160470743e-05,5.574541058541757e-05,7.426932696417843e-05,0.0011547911547911548,0.0,0.0008088235294117646,0.000843364256689412,0.0,0.0,0.0,0.0,0.0,0.0,0.0018825945575902789,0.0,0.0,0.0009875497283600295,0.0,0.0014109347442680777,0.003993344425956739,0.01856763925729443,0.07800575634456967,0.0,0.0,0.0,0.0,0.0,0.0,0.009216589861751152,0.0,0.0001498347460183735,0.00010415682256728528,0.0003797994237541446,0.0004513797273860824,0.00012602394454946442,0.00012322605820377482,0.006006006006006006,0.0015759061460339696,0.000851603057595618,0.0008732499690945446,0.0,0.00029639875512522853,0.0,0.0,0.0,0.0,0.0003592293349906774,0.00028552606813476376,0.0013537344189988793,0.0007657834412622226,0.0014548693586698338,0.030280090840272517,0.0
El Salvador,0.8819444444444444,0.0044283296520064705,0.004054827584743711,0.00392786578968382,0.006012141678155312,0.012285012285012286,0.002,0.0022058823529411764,0.0039868128498044934,0.0,0.01687289088863892,0.004357298474945534,0.0037778617302606722,0.0,0.0,0.005134348793428034,0.0,0.0,0.004491182227167059,0.0,0.008935920047031158,0.0,0.01856763925729443,0.07800575634456967,0.0,0.0,0.0,0.0,0.0,0.0,0.04608294930875576,0.0,0.0003582402406294624,0.0006107957792932195,0.0021363317224153693,0.0010964361920478625,0.0015122873345935729,0.003440060791522047,0.0045045045045045045,0.0004377517072316582,4.428335899497214e-05,0.0010630869188977064,1.436850423870875e-07,0.002766388381168799,0.0,0.0,2.4769960877216586e-07,0.0,0.0,9.410878976096367e-08,0.0,0.001188593224878247,0.001519200316706255,0.026272431758471743,0.004137254901960785
Burkina Faso,0.8888888888888888,0.01603060429174293,0.011049015758001811,0.009587950575418926,0.015315387264442764,0.005896805896805897,0.0,0.0006617647058823529,0.0019167369470213908,0.0,0.0033745781777277844,0.002178649237472767,0.0,0.0030911901081916537,0.0,0.00308060927605682,0.00499001996007984,0.0,0.0010385858900323825,0.0,0.0009406231628453851,0.0029950083194675544,0.0,0.07800575634456967,0.0,0.0,0.0,0.0,0.0,0.0,0.0,0.0,7.517436026932266e-05,0.00011251897712539729,0.0016621429495464108,8.808883341093842e-06,0.002898550724637681,0.01076559323078187,0.0,0.0,0.0021187884072978976,0.002018650189426902,0.0,0.0016795929457096282,0.0,0.0,0.0,0.0,0.0,0.0,0.0,0.015995357924068886,0.0,0.16079618827091774,0.0
Madagascar,0.8958333333333333,0.0205620308129864,0.014538909301980481,0.012606605559622435,0.02328616848382989,0.006633906633906634,0.0,0.0011911764705882352,0.00038334738940427816,0.0,0.0,0.0,0.0,0.0,0.0,0.0008557247989046722,0.0,0.0008823529411764705,0.0001888337981877059,0.0,0.0010582010582010583,0.0,0.007957559681697613,0.07800575634456967,0.0,0.0,0.0,0.0,0.0,0.0,0.018433179723502304,0.0,0.00010973356007803475,0.00010729543285719327,0.001473268164432716,0.0007580478827266423,0.005545053560176434,0.020075578649031648,0.01951951951951952,0.002538959901943618,0.0028477606245997465,0.004499591319014464,0.0,0.0008397964728548141,0.0,0.0,0.0,0.0,0.0,9.617918313570487e-05,0.0006025524120173054,0.034292745212274316,0.023891528107680127,0.0,0.0058823529411764705
Nicaragua,0.9027777777777778,0.004462433496072651,0.004172528284455315,0.004351168442120716,0.006056477836241853,0.022113022113022116,0.0,0.0008088235294117646,0.0013033811239745458,0.0,0.0,0.0054466230936819175,0.00037778617302606723,0.0,0.0,0.0018825945575902789,0.0,0.013088235294117645,0.0045549774292575,0.0,0.0,0.0,0.030503978779840846,0.07800575634456967,0.0,0.0,0.0,0.0,0.0,0.0,0.10599078341013825,0.0,8.715220126348345e-05,0.0003774176855936321,0.0014679193278863386,0.0015739938725977916,0.002268431001890359,0.003945801072066706,0.0075075075075075074,0.0004377517072316582,0.0,0.003323665317153758,9.579002825805834e-06,0.0016795929457096282,0.0,0.0,0.0,0.0,0.0,0.0,0.0,0.00758302825502852,0.004503167062549485,0.05579552032773745,0.021764705882352943
Bosnia and Herzegovina,0.9097222222222222,0.002427854256606696,0.0029729452335037097,0.0030409008203091436,0.0019856503644728606,0.006275184275184275,0.0012,0.0,0.001686728513378824,0.0,0.0,0.0,0.0,0.0,0.0,0.0037651891151805577,0.0,0.0066176470588235285,0.0016229499411808236,0.0,0.053733098177542626,0.026289517470881863,0.0,0.07800575634456967,0.0,0.0,0.0,0.0,0.0,0.0,0.0,0.0,0.00022614878891960322,0.0003194654884549738,0.0018740785868361035,0.002663274522663788,0.000630119722747322,0.0015133700273151096,0.0015015015015015015,0.0,0.0032871878023190853,0.003176199974546662,0.0,0.0016795929457096282,0.0,0.0,0.00024699087062138184,0.0,0.002923969339134038,0.0027792207792207793,0.009094524405381195,0.0029523574847654835,9.897070467141727e-05,0.06870908848020661,0.009705882352941177
Gabon,0.9166666666666666,0.0014781223543428362,0.0011114763655756823,0.0007697994179235952,0.0018714283978770244,0.002358722358722359,0.0,0.0003676470588235294,0.0018400674691405354,0.0033519553072625698,0.0,0.003267973856209151,0.0,0.0,0.0,0.002567174396714017,0.0,0.0,0.0008676147484300001,0.0,0.0,0.004658901830282862,0.00663129973474801,0.07800575634456967,0.0,0.0,0.0,0.0,0.0,0.0,0.018433179723502304,0.0,0.00029142355299412507,0.00025308388082341966,0.0013754517164528577,0.0004496974003789023,0.0023314429741650915,0.000735505534903781,0.013513513513513514,0.007616879705830853,0.0022107615375182243,0.0018661731513450026,0.00977058288232195,0.0006915970952921999,0.006583148456580845,0.00044995140913508256,0.0005063977836620544,0.0005437715720112958,0.0,0.0,0.0,0.015613255791496814,0.004379453681710214,0.14521084739724807,0.01568627450980392
Moldova,0.923611111111111,0.002287085243240377,0.002717122118734892,0.0027796574247172284,0.0029294845095016106,0.0041769041769041775,0.013399999999999999,0.0002941176470588235,0.00023000843364256692,0.0,0.0,0.0010893246187363835,0.0,0.0,0.0,0.0003422899195618689,0.0,0.0,0.0010615521627849412,0.0017414860681114553,0.0078777189888301,0.003660565723793677,0.0,0.07800575634456967,0.0,0.0,0.0,0.0,0.0,0.0,0.0,0.0,0.001895001709523948,0.0001762103473656017,0.0010797603452183946,0.0015757330114749592,0.0005040957781978576,0.0016353124807459284,0.0,0.006566275608474874,0.003988908721777875,0.0011147225692441664,0.0,0.0009879958504174283,0.0,9.718172983479106e-09,0.0025637071380212864,0.0,0.0,2.258610954263128e-05,0.0,0.0019378245609027694,0.0,0.08393819299104956,0.005470588235294118
Iceland,0.9305555555555556,0.0,0.0,0.0,0.0,0.0,0.0,0.0,0.0,0.0,0.0,0.0,0.0,0.0,0.0,0.0,0.0,0.0,0.00016841933351876472,0.0,0.0,0.0,0.0,0.07800575634456967,0.0,0.0,0.0,0.0,0.0,0.0,0.0,0.0,0.00033341303662850596,0.000957926077357044,0.0006693412344083416,0.0016789219181869057,0.005040957781978576,6.289663387484343e-05,0.06456456456456457,0.003414463316406934,0.0,0.0016532520284457761,0.0,0.0007903966803339427,0.0,0.0,0.0,0.0,0.0,3.538490495012234e-05,0.0,0.00582136956329873,0.02459422011084719,0.0,0.0
Panama,0.9375,0.002902569643571936,0.0025232722284494876,0.001845408886029674,0.002163495970356728,0.0,0.0,0.011764705882352941,0.002913440159472514,0.0,0.0,0.014161220043572986,0.0,0.0030911901081916537,0.0,0.003936334074961492,0.0,0.0,0.00045422183888394125,0.0,0.0,0.0,0.03978779840848806,0.07800575634456967,0.0,0.0,0.0,0.0,0.0,0.0,0.12442396313364056,0.0,0.0010091800318664202,0.0499888476534012,0.004951997715182013,0.0019537058607793922,0.004599873976055451,0.0024465506972541125,0.018018018018018018,0.7156364909823149,0.00026229374173945033,0.001513532033390649,0.0,0.007113570123005484,0.0,0.0,0.0004261299068906192,0.0,0.0,0.00015753811405985318,0.0,0.004369112414704749,0.01232185273159145,0.030591797657745914,0.00784313725490196
Beliz,0.9444444444444444,3.658285126139065e-05,9.720961623721411e-05,6.37972418264628e-05,0.00028856075771579613,0.0008108108108108109,0.00016999999999999999,0.0,0.00023000843364256692,0.0,0.0,0.0010893246187363835,0.0,0.0015455950540958269,0.0,0.00017114495978093444,0.0,0.0,0.00011738317184641179,0.0,0.0,0.0,0.010610079575596816,0.07800575634456967,0.0,0.0,0.0,0.0,0.0,0.0,0.03686635944700461,0.0,1.7361165426051362e-05,2.746263826889061e-05,0.0,0.00013245904879939703,0.0015122873345935729,0.0,0.003003003003003003,0.06776396427946069,0.0,0.00019272247144016993,3.8316011303223335e-05,0.00014819937756261424,2.205354732954583e-05,0.0,0.0,0.0,0.0,0.0,0.0,0.0013011826332972327,0.0019101346001583533,0.024135013581511332,0.008088235294117648
Liberia,0.9513888888888888,0.0035861224778535204,0.0030216521305665555,0.002973250760482458,0.0026479373813136286,0.0007371007371007371,0.0,0.0008088235294117646,0.0,0.0,0.0,0.0,0.0,0.0,0.0,0.0,0.0,0.0,0.0005511905460614118,0.0,0.0,0.0,0.005305039787798408,0.07800575634456967,0.0,0.0,0.0,0.0,0.0,0.0,0.018433179723502304,0.0,0.00039196143850294866,8.762035927691223e-06,0.00011616904283658986,0.00016896096512282997,0.006049149338374291,0.0029638434207553757,0.006006006006006006,0.42208019611276487,0.0014613508468340804,0.0013042557799276433,0.0,9.879958504174283e-05,0.0,0.0,0.0,0.0,0.0,0.0,0.0,0.006471697683927666,0.00286520190023753,0.07423075210402101,0.0
Suriname,0.9583333333333333,0.0001998488372523888,7.664392930357366e-05,5.399050383583371e-05,5.903138185910529e-05,0.0009828009828009828,0.0,2.941176470588235e-05,0.00023000843364256692,0.0,0.0,0.0,0.0,0.0,0.0,0.0005134348793428033,0.0,0.0,0.0014443233753275884,0.0,0.0,0.0,0.022546419098143235,0.07800575634456967,0.0,0.0,0.0,0.0,0.0,0.0,0.07834101382488479,0.0,0.00014525366877247243,7.014773821163935e-05,0.000210334189221915,0.00038529245005371226,0.0032766225582860744,7.701628637735925e-05,0.006006006006006006,0.0011381544388023115,0.0,0.0003480850311590776,0.0006705301978064083,0.0006421973027713285,0.0002929501063178476,6.908649173955296e-06,7.62002885264262e-06,0.0,0.0,0.0,0.0,0.009539452001322063,0.0019101346001583533,0.08491784298882307,0.011764705882352941
Sierra Leone,0.9652777777777778,0.006190105000155816,0.0025167581685074823,0.0018406435165196676,0.0018279271956866512,0.0063882063882063885,0.0,0.0,7.666947788085564e-05,0.0,0.0,0.0,0.0,0.0,0.0,0.00017114495978093444,0.0,0.0,0.00016841933351876472,0.0,0.0,0.0,0.009283819628647215,0.07800575634456967,0.0,0.0,0.0,0.0,0.0,0.0,0.03225806451612903,0.0,0.00023978028706594294,9.198349837142784e-05,0.0003003035416696627,0.00013882719565462586,0.000315059861373661,0.003495255796759155,0.0045045045045045045,0.05112939940465768,0.0,0.0014714641653142682,0.0,0.00034579854764609994,0.0,0.0,0.0,0.0,0.0,0.0,0.0,0.004153876558610273,0.001989311163895487,0.04867079307120274,0.00784313725490196
Kosovo,0.9722222222222222,0.0011402280893309557,0.001091099150539098,0.0011058305577036855,0.0006668792742696944,0.004914004914004914,0.001,7.352941176470588e-05,0.0,0.0,0.0,0.0,0.0,0.0,0.0,0.0,0.0,0.0,0.0016663306786023236,0.0,0.0,0.0,0.0,0.07800575634456967,0.0,0.0,0.0,0.0,0.0,0.0,0.0,0.0,0.00027566369753269886,9.480824763234504e-05,0.0005937208566478816,0.0003560169456213904,6.301197227473221e-05,0.00039830256104824303,0.0,0.0,0.0014886021446771402,0.0,0.0,0.0006421973027713285,0.0,0.0,0.0,0.0,0.0018798425523099233,0.0016802183323922455,0.006282613149300437,0.0005947060284697379,0.0,0.03179409538228614,0.0
Somalia,0.9791666666666666,0.008944244529710826,0.0038090235836690974,0.002785750141877829,0.005358454707045078,0.007371007371007371,0.0,0.0002941176470588235,0.0,0.0,0.0,0.0,0.0,0.0,0.0,0.0,0.0,0.0,0.001525981234003353,0.0,0.0,0.0,0.01326259946949602,0.07800575634456967,0.0,0.0,0.0,0.0,0.0,0.0,0.04608294930875576,0.0,0.00017542436417999837,0.00023290710038829682,0.00067561891083403,0.0,0.002205419029615627,0.003962487934115134,0.009009009009009009,0.0003502013657853266,0.0,0.001972481843234773,0.0,0.00019759917008348564,0.0,0.0,0.0,0.00011846041209078547,0.0,0.0,0.0,0.03725323252964771,0.01496931908155186,0.10620296566772053,0.0
Central African Republic,0.986111111111111,0.003737187111350501,0.0027749149318349892,0.0019212639325955506,0.00417047945797669,0.004914004914004914,0.0,0.00014705882352941175,0.00046001686728513384,0.0,0.006749156355455569,0.0,0.0,0.0,0.0,0.0,0.0,0.0,0.0003674603640409413,0.0,0.0,0.0,0.0,0.07800575634456967,0.0,0.0,0.0,0.0,0.0,0.0,0.0,0.0,3.5743575877164565e-05,1.380472898726177e-06,1.8961145122487226e-05,0.00010366934382676399,0.002520478890989288,0.0024696555831673207,0.0,0.0,0.0,0.0033393078818175384,0.0,0.0,0.0,0.0,0.0,0.0,0.0,0.0,1.2051048240346107e-05,0.03639503804147536,0.0,0.26361490849178426,0.027450980392156862
Benin,0.9930555555555556,0.010131636667538729,0.007200087176628917,0.005007902408908167,0.012808974907529679,0.002334152334152334,0.0,0.0,0.00038334738940427816,0.0,0.0,0.0,0.0,0.0,0.0,0.0008557247989046722,0.0,0.0,2.0414464668941194e-05,0.0,0.0018812463256907702,0.0,0.002652519893899204,0.07800575634456967,0.0,0.0,0.0,0.0,0.0,0.0,0.009216589861751152,0.0,9.424728431506191e-05,0.00015383653972754328,0.0015134645109339349,0.0001977263221511827,0.00044108380592312543,0.006127929186091886,0.0015015015015015015,0.0005253020486779899,0.0014920085569075227,0.0021243514030773025,0.0,0.002173590870918342,2.6332593826323378e-05,0.0,0.00019920245083402514,2.3700449743750654e-05,0.0,8.46979107848673e-06,0.0,0.00654498315340766,0.0005987727632620744,0.09453622478514494,0.0014705882352941176
Bhutan,1.0,0.0003679349971995136,0.00015669082341510668,0.0001145954107478262,0.00010866950988631615,0.0036855036855036856,0.0,0.0,0.00015333895576171127,0.0,0.0,0.0,0.0,0.0,0.0,0.0003422899195618689,0.0,0.0,0.0,0.0,0.0,0.0,0.0,0.07800575634456967,0.0,0.0,0.0,0.0,0.0,0.0,0.0,0.0,0.0,9.512210866133584e-05,0.000183333774799184,0.00027812091531305194,6.301197227473221e-05,0.0003080651455094371,0.0,0.0,0.0,0.0015480064234749031,0.0,4.9399792520871404e-05,0.0,0.0,0.0,0.0,3.666873834679926e-05,6.117071334462638e-05,0.0,0.0022035355647715754,0.0,0.05058556352139644,0.0
